soil_pH,nitrogen,phosphorus,potassium,temperature,humidity,rainfall,disease
5.872700594236813,55.10897283884189,52.30971458533779,69.95383412206748,35.54994088464896,27.38966714207173,191.44337051165218,Healthy
8.75357153204958,66.280992312503,46.607693472396456,104.5445481517632,16.457919845954905,24.860298367041604,137.78773606025794,Healthy
7.659969709057026,119.63663504830524,24.66154775040041,78.77334929188663,22.132389302946017,68.33535605949312,289.3495574591822,Healthy
6.993292420985183,47.6006140483849,85.01733381420831,11.662361635651495,33.21482229002364,97.28930579942039,65.69353529527146,Fungal_Disease
4.780093202212183,121.75095587370399,66.72738247120805,25.981233149697754,26.873127058356797,60.21770471637792,176.3569247996822,Healthy
4.779972601681013,12.33882033673681,121.19813892536051,30.70594576432868,35.849986352221286,24.121218075144412,210.0630044970668,Nutrient_Deficiency
4.290418060840997,108.7517812092083,4.495341267488156,36.10099551027828,43.64227654280009,37.697492486196495,247.66934680361447,Healthy
8.330880728874677,118.6566686276631,90.1415098577177,79.1564748730706,14.079134070031913,39.583432513261656,122.09130912840213,Healthy
7.005575058716044,25.454471397227426,106.81284299161855,70.55520917555509,34.83487007393213,47.028570330956,206.07657229724447,Healthy
7.540362888980227,60.24851453210806,106.32811968636298,28.44240537098925,18.062045447124007,23.48827068689701,90.96044141528483,Healthy
4.102922471479012,23.169968452911785,124.05035539337351,9.457678083796191,24.506685459264922,92.3914160398333,130.6428277085461,Nutrient_Deficiency
8.849549260809972,98.92457805919048,102.06472399612917,24.00050862646053,11.150195402829894,61.245115577719616,268.68813936101975,Healthy
8.162213204002109,74.94868752863195,129.89340863067747,137.81338376660446,14.756758380244463,73.67446343632872,284.9722827992863,Bacterial_Disease
5.061695553391381,88.94526853916494,46.57192397492481,65.59657297080612,21.192205116711488,25.37382695160072,215.64520407817943,Healthy
4.909124836035503,27.508175373869562,70.44931834521603,121.42837065829575,21.969503185079475,24.329237424291954,112.30556723285551,Nutrient_Deficiency
4.917022549267169,29.644420687338734,1.9711528596046946,118.82534533363807,41.485482576173354,66.91742176324378,246.0173369923992,Nutrient_Deficiency
5.521211214797688,5.809625571386892,0.9740622224607698,71.61273804480231,35.963451824328025,90.98368084033665,7.760124517626055,Fungal_Disease
6.623782158161189,45.08945492740216,33.61772686321279,98.93627918447609,44.02640388654644,62.27856007676376,30.823773161826317,Heat_Stress
6.159725093210579,78.3642525867145,14.113007599471937,26.98528145777972,30.96750286173342,90.22553380560572,198.41212091260834,Fungal_Disease
5.456145700990209,120.11088795962603,36.429591511005505,96.37553868976717,18.459980623196127,84.87930184441915,87.37457258101723,Healthy
7.059264473611897,93.3698426442153,24.786061233975637,38.133841096860536,21.4679260472575,26.068302863593658,285.4158655201433,Healthy
4.697469303260209,60.9554852759652,3.9928034774107535,116.48869354558111,21.19425731521885,36.15659795085519,130.8181836276914,Healthy
5.4607232426760905,133.4368160151793,127.30258049684691,11.721378635247389,21.427301468213805,72.6168535324274,128.8094461167531,Healthy
5.831809216468459,100.69432808061646,1.1512383944448135,108.23941420393885,33.553746058913546,55.48011060400333,203.4238530572794,Healthy
6.28034992108518,130.223128400757,103.05150020719196,13.991166919606734,28.578277483164566,43.255985091753644,230.27056869185688,Healthy
7.925879806965068,73.86231625810319,21.300704168732313,123.36649316520325,23.48984623303255,53.490708483838326,142.66762143754096,Healthy
4.998368910791799,36.24659847103955,127.712147079944,42.58863253890052,15.218141905505082,55.61597170165075,64.20027051351724,Healthy
6.571172192068058,7.395736091061078,124.99143154258401,91.61507107628047,10.774870702975107,92.84418006572773,231.99259281768647,Bacterial_Disease
6.962072844310212,101.65187920773907,91.54616049169603,68.25031900683918,17.65921371556924,28.276662696396244,96.10538246208827,Healthy
4.232252063599988,16.98241972077478,94.11278097208472,51.282440336727454,13.761499138903844,42.3784597446092,52.53323078815728,Nutrient_Deficiency
7.037724259507192,42.388517958075404,0.7474798757563961,90.3618566456895,37.49057607982838,63.00518532661712,189.49205697750398,Healthy
4.8526206184364575,74.54592710374564,137.88201925590428,132.65321727717333,13.937428523485988,75.86295413044733,27.13610009710512,Healthy
4.325257964926397,79.01832228916467,122.89656450061402,5.7777646324470595,35.347988305739264,70.4509831167395,291.40580252581645,Bacterial_Disease
8.744427686266667,84.08164757819904,125.31487160221289,128.6393998236346,23.498054142162893,95.33141901899155,189.71917932364107,Healthy
8.828160165372797,23.27574624895809,92.29423518712207,85.2714317029419,12.56824364103216,83.64871398555786,295.76865627652677,Bacterial_Disease
8.041986740582306,53.163236675030824,48.270170011635116,113.02400210766733,38.4455517301055,64.56614735795442,101.66802704359081,Healthy
5.523068845866853,86.40719179637534,125.11081087266732,53.74249348079886,30.287069958281467,37.1746153338806,291.3615483571194,Healthy
4.48836057003192,135.77464104872988,40.81236994116693,66.05801647726592,18.251652950225058,56.069938512179185,43.66867431858707,Healthy
7.421165132560785,101.86835927795642,78.7796160679084,121.63910525216296,41.313841101643376,75.47057953555819,12.208431704108536,Heat_Stress
6.200762468698007,129.1645259931541,13.962336128143535,58.07871577337523,11.5840409854693,87.03697398688679,9.895218136380768,Healthy
4.610191174223894,106.70968816398478,129.07378821858504,74.8523393448719,17.0636862869217,96.77889795379099,139.46111117976812,Healthy
6.475884550556351,82.84037564493606,19.707864087969867,2.8272892318066067,36.32164247320514,68.4362212910334,24.901259243578433,Mineral_Deficiency
4.171942605576092,26.883271679088235,31.48555280225702,22.20372081732592,34.82822756084612,62.1535493843546,153.65036525028052,Nutrient_Deficiency
8.54660201039391,93.33599126495183,78.1387821379501,89.83611111647197,20.12450928035673,21.415353849691865,98.25015105267015,Healthy
5.293899908000085,87.27313923438699,106.97302002981742,100.37676614894279,12.17087063734741,25.767925532014395,100.68869774223468,Healthy
7.31261142176991,84.3456838640173,86.70918283108185,81.56413114982992,40.03273252787303,32.48839981099202,190.68269896355093,Healthy
5.558555380447054,68.57002151835371,32.49874779202186,20.063405078585493,20.97941733244659,24.380794495170246,48.929401845486055,Healthy
6.600340105889054,74.01192455849859,0.1320259538486468,62.35676000089688,16.849969522489282,52.069059104394114,229.96601110191932,Healthy
6.733551396716399,46.82195379653457,106.00108124304148,49.713267290846574,28.062163782634197,46.950283611109775,174.60927593359042,Healthy
4.924272277627635,72.70377696992244,137.92902562755313,69.39258816491237,41.85795197488566,70.98833262947143,274.4833886542533,Bacterial_Disease
8.847923138822793,27.657826794986956,113.38783684285266,121.8460648375732,11.524130224518137,62.853208634672214,109.45219613025702,Healthy
7.875664116805573,112.72441563045275,64.42892654192615,108.62060141221126,36.80314308108107,67.67766075102878,294.8144976201377,Healthy
8.697494707820946,26.00877365781909,126.52741659587493,11.758530194482253,30.03656297785481,57.75817623501233,172.74829401420695,Healthy
8.474136752138245,11.895280584525299,57.378674236569005,124.643287688439,24.890719079313595,42.21897188434057,292.02058685626014,Healthy
6.989499894055426,61.074443690002035,73.49077179408546,66.0474011609753,36.0428155436771,96.22602519571817,8.1181962141346,Fungal_Disease
8.609371175115584,92.16304153084866,66.79816743539565,104.14070028403978,43.80385485545713,26.91273278081112,218.39289672371638,Healthy
4.442462510259597,61.28035549069579,62.667342173173495,19.6054923770093,18.022217390694184,95.11127995722458,244.98645728782088,Bacterial_Disease
4.979914312095726,38.7455784731832,108.5267077011468,93.90073359898673,15.027657777524187,44.89904374917877,15.951986002946272,Healthy
4.22613644455269,78.1439657446617,73.74764701772888,33.08564246532411,41.9508610827944,61.01291562938379,173.69089920487372,Healthy
5.626651653816322,48.58032695770799,44.34039708353025,61.373325599730414,33.41335771100563,28.70738582620369,240.5826880768345,Healthy
5.94338644844741,130.60147661772862,36.142143472186966,2.360801811494617,25.32951075466881,25.67448546968074,168.31161756692183,Healthy
5.356745158869479,129.1703195445001,5.284624375440674,21.225489310266642,30.064084959249907,54.36363589748823,19.14407712163999,Healthy
8.143687545759647,70.33205479609336,81.64732266362644,12.891269037306767,36.09648668116854,79.33579011037425,208.03417226949344,Bacterial_Disease
5.7837666334679465,45.90375916255619,32.19459815614479,33.564184211356185,37.0561164547001,41.549182203883916,18.17907440199259,Healthy
5.404672548436904,103.19853795392947,20.738749082293634,14.002532603405118,42.19629632866376,64.98783111482561,245.24066850493153,Healthy
6.713480415791242,5.13981208762933,91.53619493587487,96.86740372673867,24.939497611346795,42.292027241825465,12.91025499200832,Healthy
4.704621124873813,66.46766084611117,95.36929609501684,4.065586309290712,20.269381850678826,51.089044871443264,41.219214303111244,Healthy
8.010984903770199,47.08527519784669,105.30168491607324,86.48367008749972,32.38824933764447,92.51570547790598,82.53227715698056,Fungal_Disease
4.372753218398854,128.87502391435766,70.5007654874028,19.699096315580395,24.55047647478356,88.46717003959357,190.00943767824,Healthy
8.934434683002586,1.680423818175556,125.16764472854412,132.32260400490557,30.810945888214228,61.281403473410386,292.90772988939176,Healthy
7.861223846483287,77.39408260056888,131.0879854757519,130.6331702353796,24.69950294595826,39.0484501977663,35.346855785980324,Healthy
4.993578407670862,103.69290134932764,113.03193157094852,31.570434352934768,15.354852533736107,35.454713018641826,42.812300764175525,Healthy
4.027610585618012,67.90251825336577,88.98308748114621,86.01898175122413,26.429936308063546,96.32698824285714,110.6611190102941,Fungal_Disease
8.07730714227417,11.956424222781033,42.52093350276641,3.920744726144181,34.18212376793615,36.217327720855,250.86574132659607,Healthy
7.534286719238086,136.1445946039063,137.61228902683098,130.45039602716437,37.97493326836774,84.65346487300313,140.16928582524426,Fungal_Disease
7.645035840204937,72.52146039265371,38.37906340687137,73.21822314683935,27.26641968787914,49.517616762842984,96.48318007674649,Healthy
7.856351733429729,85.98607420466159,28.37196907866035,6.051241198489059,15.783326157364032,98.85278780465907,168.3611496626584,Healthy
4.3702232586704515,33.125369579051025,61.90157593012159,47.949999021139234,24.514069837730105,49.45245922902303,78.156959233725,Healthy
5.792328642721363,67.68973191495253,7.9576798997343845,10.758924660572788,37.520287509459436,48.12132999285809,120.34797217425628,Mineral_Deficiency
4.579345297625649,60.08092887416506,136.9892250540507,55.012221512270386,24.45007447159755,70.99709031020984,99.78154476961257,Healthy
8.315517129377968,10.485417880277723,82.38069789829947,93.78968790258523,34.37857777614778,96.92134453014555,241.24230672439379,Fungal_Disease
7.11649063413779,14.86244949664541,77.97329283298454,65.78458712580155,27.75247885873314,98.09676846371462,277.27671793140024,Fungal_Disease
5.654490124263246,117.24615274662844,91.81147918596079,53.72110446072362,18.442809378828883,76.57649171735882,227.87165764707356,Bacterial_Disease
4.317791751430118,33.57479330892264,69.58331068880894,16.681986375665073,37.8652677808076,80.36850925090829,131.72507280899504,Fungal_Disease
5.554911608578311,27.294158009808275,4.488892393235822,34.29146639711188,12.947470892474046,65.07217407784222,151.30049324899915,Healthy
5.625916610133736,70.68760317501949,85.72358043765554,14.020060283369158,28.37115989643027,80.46205913058655,37.522108178830706,Fungal_Disease
7.64803089169032,107.62459839075181,100.2643427739003,113.04982243193251,17.311186198519174,88.78237239763973,224.05941334036135,Bacterial_Disease
7.187787356776066,8.672512601058308,58.34486848736744,18.93357591786116,12.347296998948147,58.887624255601864,178.94270381851322,Healthy
8.436063712881634,80.75310874935582,106.02138008996701,83.35227131684509,27.60268779791371,69.58898102640825,270.7319988412309,Healthy
6.361074625809747,16.68946199768027,31.780181907378886,47.98365790243842,27.484675457722325,62.985335618643816,60.18334307254596,Healthy
4.597971229691509,5.104547115586584,30.978722749265764,31.63697385172569,34.74153155865023,64.99764908229417,227.91783657978362,Nutrient_Deficiency
7.566223936114975,7.384153302710434,22.598378276260355,89.52558152889452,36.06627425681667,91.20383278991527,205.4014985157569,Fungal_Disease
7.803925243084487,116.78297514918178,52.07926637048266,63.98032331277169,35.47270210425139,48.44934641644562,79.75366014292565,Healthy
6.806385987847481,16.516147707928617,118.5816849544717,56.02036541983828,24.334555652086426,36.65472204804993,200.21359186224754,Healthy
7.854835899772805,6.3211910177208726,115.907688700869,82.99928068491101,32.10914255292969,56.50240882189033,277.31201417299485,Healthy
6.468977981821954,61.30598420000772,53.59538911489053,68.7774679886001,30.193083492538612,36.64681523850121,275.53079630013565,Healthy
6.61366414690997,118.15908607188346,82.47662303723313,42.48778919721851,24.754661464092187,59.87203405296153,215.8879723548424,Healthy
6.137705091792748,36.73717270850227,100.91428430648818,78.26858028713524,30.902444296509763,92.28064842856469,14.421933760218032,Fungal_Disease
4.127095633720476,59.039766453628296,33.768948447923215,93.72980071709723,43.15367568471919,69.39468163859823,261.67930119604847,Healthy
4.539457134966522,5.589154558925172,23.53975202526459,3.7370422021595995,16.751281028848208,88.43462826424621,197.33358210136197,Nutrient_Deficiency
4.157145928433671,62.87099197888262,136.09343904972354,65.22204204707455,41.70202335249342,33.29527356924095,93.13027595482033,Healthy
7.182052056318902,80.86583128919871,86.45802384934659,8.075659841696128,11.870942989411942,92.06988740297415,56.175108511709794,Healthy
5.571779905381633,79.92698752530028,137.39820105671294,26.09675796953555,20.79362245155812,68.14297315256925,34.86115889919513,Healthy
6.542853455823514,46.53973690441112,47.285838198512074,78.47122277091623,20.085083701403487,22.540783099238382,15.071069777328294,Healthy
8.537832369630465,44.174645292838974,98.42443799637842,121.2664481371813,31.9227787758317,70.64951642280295,226.23097438522694,Bacterial_Disease
5.246461145744375,14.927306651123704,31.16450911577328,123.59279508638788,14.59287331220516,96.11175650087344,70.7528996829826,Nutrient_Deficiency
6.051914615178148,51.351764890477575,36.56802397834781,9.792161419408378,40.88216641439138,26.333360038028964,7.275880812976521,Heat_Stress
7.777755692715243,13.929253642215052,71.66629697774735,58.674712080138924,38.99929929627645,66.59649043756576,119.18119555259679,Healthy
5.143990827458112,107.32343225968722,44.74653757112997,81.62090762063718,32.822303688984725,93.23828822957718,144.7821241777017,Fungal_Disease
4.384899549143965,135.27840168474603,23.467018937681825,20.58978663704808,26.04448411272692,20.775613466749967,50.76906927003807,Healthy
5.44875726456884,135.81042393333897,36.80329827850564,107.16051034426803,42.653461474972744,70.47303411726585,13.214500848764931,Heat_Stress
4.8061064362700225,121.10995391255514,5.004775225221049,104.19293618121344,39.076129415219455,57.99218334647701,56.73764492942066,Healthy
8.648488261712865,84.11090090754668,98.61930700684812,126.46774191895125,27.47603018284357,47.759145491888845,203.73082855097232,Healthy
8.040601897822086,98.12119761414318,68.89633199202062,1.1880416916820224,34.56556740590089,70.20291919563009,24.67310317536192,Healthy
7.167018782552117,39.92881237525797,13.194029296633587,30.335794158460374,29.84254832628896,24.216167566993356,166.51110916709814,Healthy
8.357302950938589,88.30785882416689,24.03715903798877,115.80613999434505,30.57797834358926,80.245043702992,43.92359637245,Fungal_Disease
8.018360384495573,63.79093692158284,14.354835335770161,93.88120711577095,21.584162430311494,20.35835815357661,58.70675207412581,Healthy
4.932850294430179,67.48242756877055,85.7629931586227,125.2145795177887,26.172961161871385,44.55485950338818,117.92336498000961,Healthy
8.462794992449888,106.08871845252212,13.189450905749132,8.005151634237313,12.734250077641047,60.31669101477427,30.2476008161194,Mineral_Deficiency
6.696711209578254,39.46856978361523,105.59952662493025,83.574955200302,22.507204208260738,50.161780045324136,51.96105083466386,Healthy
8.037200775820313,44.52554563723278,2.8715287048547644,79.66652048511438,34.35399803767532,44.5980748164466,104.68572343540625,Healthy
8.480456499617466,129.44985075800912,34.91261031942489,4.994418290474531,43.36256106771652,86.46681163744769,98.90070164951005,Fungal_Disease
5.590017374859319,7.871401279136114,124.693334624867,71.8930907677477,43.70724394670571,94.78660594175271,224.78144570271957,Fungal_Disease
4.550259622638384,67.98880177786765,100.59438453711444,85.33284358338939,29.450300419371207,89.8970147924711,22.43469153792731,Fungal_Disease
5.139675812709708,127.79211205710064,10.21556660959628,26.78104438829501,31.23177881333537,61.794505043999976,258.135220699903,Healthy
6.135538943131282,85.45082109454198,114.95765462792517,38.26614163745281,16.500241492533863,90.73313401547864,244.86965122183645,Bacterial_Disease
8.090073829612466,76.4969903896985,69.02491701562867,89.64862848168319,34.33578378327358,93.6689252145235,229.79749190758153,Fungal_Disease
8.303652916281717,34.96418509210973,118.5496238036361,65.56213266399416,12.473057743603519,52.73907176379696,92.81170873893974,Healthy
4.034760652655954,48.05856846902276,84.10356842305508,120.12191205956576,19.963999002980557,42.675668760435634,246.86453566223625,Healthy
6.553736512887829,119.28677821265701,95.45662448460023,47.933447241286366,33.39271715499048,27.861216465065624,54.84062408678424,Healthy
6.0870550157438945,78.29053844758414,139.09021845539914,37.33235217434816,20.860854604022126,58.32735368393833,37.32276175650847,Healthy
5.110539052353651,72.06390712594919,32.52697642936254,137.88123164827797,11.7446405940059,95.70375363507532,13.486900046846205,Healthy
4.599326836668414,13.941159895604049,87.35238046659437,127.55900781821168,39.11546432728373,64.87260224562968,281.7931089016728,Nutrient_Deficiency
5.68807585701814,2.243941903717237,64.44499460803577,4.05898429985718,20.86155024970971,73.40496814289372,92.40326931158211,Healthy
8.714548519562596,134.91592641618686,5.5232734091768005,107.90200614291922,12.208682870053744,29.03070547934781,275.2853640533718,Healthy
5.616014660103776,52.77806342015783,2.0258898104011047,15.446868335528414,12.617585757600281,31.4815731313805,81.7840684557989,Mineral_Deficiency
6.59395310871683,84.4498286939306,16.692000894500215,3.847927276111933,18.811557957606375,57.1578609567738,272.26978780090485,Mineral_Deficiency
7.515094794475889,11.160110246219899,90.87284367539674,38.31737223528884,16.230558152753417,96.10118391869806,271.1787158538265,Bacterial_Disease
5.81814801189647,95.63600000122652,79.4028323078749,37.7084230685546,37.10050412230528,48.862771327322314,277.10281350321384,Healthy
8.858910413604804,130.55933921883454,77.48013856292184,114.70462672857505,21.258941633346204,90.19872330540268,148.84603178525813,Healthy
8.812236474710556,80.59313541963876,4.459946753956412,99.49341443199692,38.164352476394136,29.623087474056923,259.7838860396676,Healthy
5.258911479126821,17.65614513255748,65.70241949040098,137.425319826482,16.084609923810348,69.3613765546968,285.2297688501961,Nutrient_Deficiency
6.4862425294619275,81.44101384628674,129.447194497954,99.61180604365458,27.250771284042933,68.04903815284146,97.38508256915385,Healthy
5.504391549083849,107.28860983465133,55.66286170349053,58.55577745584671,34.08129967435951,88.78998000562147,125.66232170476653,Fungal_Disease
5.424202471887338,56.89831512036261,87.48914577038389,97.84987253233037,32.81967988530492,20.26533635239212,215.7720562007232,Healthy
4.184434736772664,123.1772847118055,109.1746145872401,139.9242694060963,31.039529347559405,35.194533375805776,90.10794651699027,Healthy
7.047821669899484,90.81561347003102,109.74953907986426,99.41986355875393,42.368756067590944,37.57501003435854,226.1427926737977,Healthy
6.5133951161443076,125.89484856048836,72.699211535338,106.63538983724456,17.998380169736052,95.997287047259,22.167643564060178,Healthy
4.257393756249947,87.29074357462721,120.11327235632709,131.37110212663632,27.280172156173688,32.295492501591596,157.04951528656267,Healthy
5.393232321183057,18.380316080675392,54.792933070924576,15.911176583635669,40.9397392525343,22.956988017644832,36.69404522512356,Nutrient_Deficiency
8.541329429833269,43.35683955472648,124.41705006987176,98.66980108268176,12.726281795830497,62.75691957934464,87.99704293100294,Healthy
5.197809453334862,28.251292755343968,33.63180329537634,119.11283411544285,11.956089388857635,62.284676994694536,77.5876177459416,Nutrient_Deficiency
4.7244743604561155,127.23570968036073,39.230296978679945,133.61300403092503,18.1655800645402,87.52375722942914,251.67962206879983,Bacterial_Disease
6.447263801387815,106.45600942024757,7.436887387860153,29.535700559637913,32.155742683830645,95.90877201422417,58.05517662185924,Fungal_Disease
8.928252270553003,94.69577164740085,111.3814571159196,70.55006108139419,19.09578692574324,63.08363537121048,242.5343760477357,Healthy
5.210276357557502,42.13528474842703,58.38773307257878,95.27767867022746,16.658395933307965,94.39953459357244,238.1881037723766,Bacterial_Disease
7.360677737029393,25.766268087029893,32.07632594759586,34.64548213018724,26.058081037540223,78.01273210398637,149.66491666716897,Healthy
7.808098076643588,105.90315231844765,32.45063886632116,84.06620085503836,31.475932406929402,41.1647302396468,70.15297667883888,Healthy
5.188187719961999,66.38211242307115,126.19599177209264,36.06102954971991,18.699519745585913,94.2736568755141,68.06890198686682,Healthy
7.641081743059297,31.610537301088076,116.74832406454516,46.68398287443062,20.52419153533097,73.39545409454998,139.47739413475435,Healthy
5.838915663596266,86.32707694313851,77.49432395000566,61.81261751152111,31.474575668402984,53.127674619410705,2.642702218054893,Healthy
7.161529152967898,5.646739299383277,86.25551205820095,74.08661382451938,43.10084476963085,74.41936676135445,159.40522638340985,Healthy
7.167648553804473,45.66383557795549,66.40557987704074,62.911222027521084,33.61596046033309,52.10502621950007,285.8338577301166,Healthy
6.678873420373792,65.59797924275885,54.83331600303324,69.04737277031009,37.4016450254596,29.13470143903674,46.41206455877895,Healthy
4.451448850272041,20.71416677531682,128.1667633705664,41.802425880360964,22.838353316441406,77.51829977415198,172.00368644268102,Nutrient_Deficiency
8.17651247794619,137.85162686271755,17.58577849284229,22.255113163168282,19.52890257845631,85.9270089736595,288.533606593337,Bacterial_Disease
5.603900324858679,29.273631042545997,58.58255056027191,6.62899682575752,25.899371012091787,78.30449592155102,258.15664184748005,Bacterial_Disease
4.932592551999271,18.249438206057174,48.238667118302544,27.437021148833477,38.249649004908576,38.329173420534126,255.11403491440208,Nutrient_Deficiency
4.20387570777382,28.494882344165497,69.74110083516078,81.47210981080963,25.970487462669453,96.53080107820904,246.55497911885672,Fungal_Disease
6.954464715941209,107.66855864236139,64.06846243632451,110.05616269243853,39.635389307645134,22.020364935292474,92.70708181685569,Healthy
7.387821809211412,59.570792298057995,72.6445344311514,23.694663642005235,44.60701932432945,46.61482379005125,267.18504938004367,Healthy
4.082939144639281,79.15823156535532,19.588656811779174,15.197750088170785,12.520933300561772,40.80739476279164,282.4021053699513,Mineral_Deficiency
6.560465291496405,2.941281978090504,71.83981021185879,104.90065047689504,11.589355462929628,23.850098209188076,148.7377269897118,Healthy
5.1324788759896895,4.820383200264038,33.93863394420952,42.72216627522056,15.235639601967664,52.45837543909347,106.37131417783763,Nutrient_Deficiency
7.225863952047249,62.415576975782265,25.806388858346775,133.20992149182933,23.452938650702116,69.84918721302196,124.26870468175683,Healthy
4.871832145024957,114.33173404822729,9.076790630066771,100.00451588545222,14.586477320090134,90.6042290788081,100.26193254937968,Healthy
7.45468869051233,123.93344301905913,106.77135822585973,45.74584661402432,40.47325671665646,99.17517729531761,63.72553260736203,Fungal_Disease
5.933676731502687,12.13891946338963,59.8418689199184,40.53598469111869,10.810118785947234,84.64716691235185,185.53454107586683,Healthy
8.683649943683672,75.3708342941432,87.73011566364617,73.31777407798327,21.052745071753787,57.49444149702598,168.77906587359686,Healthy
4.687604720729967,127.85215607909787,101.86306806266407,11.08025355894932,16.464312032297187,77.89635407736245,138.77552131178268,Healthy
5.705331755251293,54.31618561570409,95.10433314389749,16.47471177034186,42.60387655551363,87.48990308717126,28.753616005449533,Fungal_Disease
4.567367606202946,116.1392163999716,65.87010067255552,24.62010338426695,33.43183517115098,57.22457571349451,239.06788941179994,Healthy
8.623468091392814,18.71739161592107,54.305794053242174,108.46130306263842,41.921058975798104,82.80435472203999,52.480068825236756,Fungal_Disease
8.386696766904905,130.95522855349182,52.63438734969292,71.94003029767714,44.03150486086377,58.61219346503014,34.36861301881444,Heat_Stress
5.289708138575778,105.19926445438237,89.60683157020789,1.4793971884220114,27.39843852870792,50.91967927013782,186.92141864488423,Healthy
7.299920230170895,131.78681499016622,69.27120969186228,94.29231384609525,18.20116878168092,62.0872670227009,119.59330837131695,Healthy
8.08611100100608,94.72641269735091,118.87851471839149,59.31662501246959,16.780507516880625,74.06837901017158,17.94254260569884,Healthy
6.776004057997311,50.87655047991978,122.4582778057397,71.51933109493172,17.80216015900442,78.1505645054878,106.67050648831746,Healthy
6.648252891780032,131.34536415346113,23.878452920912586,29.976274077810977,34.8007657667701,48.53890151136863,231.53410568548884,Healthy
5.209261454502259,38.579348683284984,19.07271121640159,77.24951197517451,11.415600484305026,65.70562012448279,184.57476156512928,Healthy
4.465513839029496,46.50415308864255,88.25612964503993,137.0814535652084,11.79763755614502,92.78966992643576,108.83580689609904,Healthy
8.486078789766633,98.11317852024365,42.17160472871912,10.282256740806604,31.28500298341025,98.10503200885118,57.541437490376424,Fungal_Disease
8.502090285816653,107.14428193355408,2.5999006271138403,39.74843595302029,32.47200013580923,38.17984729471636,189.53868624143198,Healthy
7.165507286366339,130.11648773888155,124.40997371081372,34.01966300051617,33.284202351286105,35.42649325706732,266.26659028390657,Healthy
5.6951489552435035,28.67233726786933,31.766107414133156,34.79690350516514,23.015817660600693,74.13485067429188,193.88181540477413,Healthy
5.746047873063304,111.71972493069136,130.09929123601327,53.018890059152824,38.20807110499536,53.17471086587551,243.87115639506726,Healthy
7.629778394351197,103.39644747557489,100.4408231229555,114.53536986418345,28.676860570431614,21.937787073450963,156.4583515663113,Healthy
8.485551299762886,8.931237875503701,106.7714885876078,127.80021659501423,13.69129705032968,47.74894965178273,215.39133202230863,Healthy
8.435432121325587,54.21123976942897,28.20460941104246,28.310112244256263,37.89847574735708,84.53957947778017,268.8680321335057,Fungal_Disease
7.899377729288119,39.587163988413806,32.78721958635381,76.01299131273578,43.35737251946604,83.7941544306546,231.95369347759654,Fungal_Disease
7.210158230771439,42.62865940956426,72.97748553536921,89.16585610316724,12.101270955082553,59.57481190532655,272.9561860194437,Healthy
4.4206998249752445,137.61256313765813,24.0939793709807,73.05584641093829,23.697296854520296,57.80623479100282,129.34188063481795,Healthy
4.808143570473069,89.9888378871899,42.760436975624515,60.77069518756874,27.063061569216167,66.36059539475019,271.266076538117,Healthy
8.492770942635396,100.47466209108994,45.004746912692625,26.876570820293296,15.126476602741093,37.55173684508608,186.47017034451227,Healthy
7.03214529829795,136.7264692241013,22.348190655386972,68.35071028789339,40.3698131724007,62.08348999127644,261.0146298245081,Healthy
4.045985258083149,52.80824954406942,28.725596675322503,56.170075879586044,19.94523757115154,20.88370880453187,11.81295913135062,Healthy
4.50735771433016,112.25762358339283,110.39725788115592,111.37887075031776,37.40529889783561,58.0447643826507,197.35571457406084,Healthy
7.317508845540279,60.83433486262935,23.407419636617572,106.90461028281932,33.48480687099106,46.884083700047405,254.39252366336962,Healthy
4.025307919231094,121.73471405409717,3.984034858149148,18.759815368793898,30.93160378634582,73.98956847229277,52.26061009295992,Mineral_Deficiency
4.804040257087493,25.292055783582445,88.10969196805138,12.392667358829462,16.724999704379403,71.0682867322102,198.53608003947693,Nutrient_Deficiency
6.743668946832931,132.67606478899916,136.637636714943,127.14155205185041,17.7246232192817,50.46687041462472,247.48641426498943,Healthy
7.459475988463466,30.628039177523153,46.369934047236995,74.97117445502968,11.657194166129926,20.581838518287327,86.38481088979113,Healthy
7.259806297513003,45.67087097733042,16.611798447475323,120.09213121956269,18.424935042379325,40.181890351596834,121.57389837191761,Healthy
5.121346547302799,105.86691277494927,79.8542255514543,8.141156879296162,22.090526331117992,70.66782801513298,170.8553155497658,Healthy
7.56089610673768,55.125719819156934,126.88958955339046,73.71218631302824,39.160085635184885,25.78986744140036,155.75030666536864,Healthy
5.186245437484001,85.14959274730253,109.76864917598704,75.51971204067308,22.823743335018186,28.61139374667711,11.756817911140693,Healthy
5.626998490796339,62.24029014971999,87.15222157778024,120.498284555901,36.41176239679623,71.76280196536698,29.601629425624033,Healthy
7.73245702559012,103.93179119256945,44.10790952506391,13.66539975215905,25.380479845342066,80.46139207594338,30.139973791308392,Fungal_Disease
7.2481644952360735,31.96637533160552,75.8632242586708,33.662378914627304,37.47039091978609,45.72397664101697,78.6803716497525,Healthy
8.24611705247089,8.184118213162781,12.774277782595751,56.915363944181834,44.16950601529639,59.17384524132495,73.75923384073477,Healthy
7.288064461501717,41.99011564622927,95.05235939929379,121.2178065587919,18.394454532015303,95.65690919869269,222.6667151360399,Bacterial_Disease
6.841543016677358,66.40321308158023,101.51344264567112,131.4436641098794,40.181956418735666,95.64348497407755,171.82331580484336,Fungal_Disease
4.468373839140463,23.522807306975,135.10442720738862,138.9814467431079,31.763843020702115,44.60022195707441,229.19282539357235,Nutrient_Deficiency
5.838579015297167,49.671620551894414,36.45563022431003,134.287088104193,38.60529915560292,84.79903000136721,20.968817223261038,Fungal_Disease
5.326011838408627,55.9976225610996,2.58389866602317,0.8318458182096178,32.80550657937318,67.5155242245487,145.56427124148018,Mineral_Deficiency
5.219948216895418,8.034858116358297,76.38518501980109,6.679167803542086,24.838232754595253,98.0387594680304,97.13267377958084,Nutrient_Deficiency
8.865052773762228,81.66301474578863,98.95067061555402,20.66495468206241,17.982622880462664,58.209085576887716,254.9817932267239,Healthy
5.965488623333802,123.80807991598026,110.65704662361831,48.84069354783824,12.451232886590775,81.97654944124493,212.33674707297098,Bacterial_Disease
8.460232775885567,21.244007813427338,27.123450623473484,116.18852433817422,28.743142756125096,81.45097036918968,260.7775412480389,Fungal_Disease
7.1556931299863145,83.69312187621196,36.645401665183314,124.97186734696726,44.661413308440295,59.794629410646095,13.928136721818019,Heat_Stress
7.974056517708242,93.06348868751847,71.76272953742149,26.156816881241625,35.83146317549722,83.65040914378463,216.24704686998015,Fungal_Disease
6.513185465525961,58.706855258700365,46.28411339580026,86.75298122675922,21.457093948965582,40.88322666455972,162.0025056478734,Healthy
6.884519423131795,98.1536622309978,120.4716081222423,128.43067790913872,38.95216800303573,29.78024290321831,247.50000870466974,Healthy
6.462588469094319,57.50241608874168,66.32642152342083,64.92244303038491,36.91444000617423,54.013099572425304,152.1481772777463,Healthy
4.976214938990222,70.64922031684088,111.94101017428042,14.496100073389755,19.857252767370987,95.49045253068678,162.06272337057268,Healthy
7.612260576307527,1.0294262376197771,81.28676646752953,64.0939110118475,10.500762142798214,60.0595686562023,15.530214282619536,Healthy
5.403861812204279,96.84081597885644,108.23261982639568,52.61128632032801,14.135692348688236,70.82073109175415,200.55685951079002,Bacterial_Disease
4.121579832157269,92.58797505226141,46.57421811424534,80.87211944924098,40.705716660922015,69.93299647263002,81.94196268151501,Healthy
7.227361479535839,5.376122825688238,116.39832707024357,61.41221581699451,39.27970623567051,30.605829381562437,5.908176653646146,Heat_Stress
4.8855533970352445,51.55501503531863,38.44012417714302,2.4284297595205118,20.332315030742684,51.22375059017682,19.931148751809012,Healthy
8.702292921764572,137.06445771083344,76.45383312046071,139.15968267791396,19.981839919954716,76.55511783374999,287.1856826898077,Bacterial_Disease
8.769642885012937,58.90311875960635,29.960995844342392,76.09563328227993,37.75027454858649,97.7592078864581,103.82318687395409,Fungal_Disease
8.574321951102242,70.27235671845784,66.57371302766707,66.30830576784534,42.820811446339775,33.44141906376209,260.4226885863477,Healthy
5.850793501277222,127.3902221423606,44.54452933121844,133.64643201056757,37.269803987916,52.8353512271293,287.90317022077676,Healthy
4.077283082644337,100.4166626212059,37.33848028921,21.820451462190796,31.19525369607665,27.607503984218347,282.9801566511968,Healthy
8.641592812938628,81.4898183573913,135.37790252392526,26.493264356334755,18.493497261613157,39.390116771940484,264.517572209826,Healthy
6.140920741586571,111.69265538775015,22.410374768142287,113.12206486878969,28.401176993334122,50.14074746609202,268.45317373839026,Healthy
8.833274095218348,121.01127730383625,110.22561724403533,36.51635120350123,18.17291505076426,63.25145983618803,86.70241330228545,Healthy
8.818099885446264,63.96433004321736,137.78309432765008,111.89179488081378,38.280399703387076,38.445350579126476,45.440967078107484,Heat_Stress
8.2650472773368,66.51517109045696,2.786207723610896,38.01468760719035,23.543637783120804,38.20501289429486,191.7787686263771,Healthy
5.4722444603479286,54.04713099125701,97.8638379658933,4.646268231500208,39.179402594790915,82.2263983312163,146.43167756064716,Fungal_Disease
5.9254886430096265,135.33885960258448,35.407652777880195,72.38206134414024,23.356322629395386,97.0113330357505,29.624015608551314,Healthy
8.255683357584285,97.60327560064906,5.668295405962622,27.53610077776059,38.845229181996196,45.889037420116495,203.26239480672325,Healthy
5.584610025781388,11.651229269130122,56.40454105392831,106.09848101054595,21.66612353078347,75.03936149085442,168.858002245432,Healthy
4.847463733430462,120.81434726382258,130.9304934239225,89.76794865250073,25.404644661618445,40.64643690863366,258.9202202431317,Healthy
6.78400631229175,67.27839171707753,1.647113211379676,129.3043735169085,31.542094676993013,94.23618039725056,182.7551387065196,Fungal_Disease
8.680773870803904,9.625546899148246,82.30399687016944,109.61837001720302,12.460066491047154,73.83218881323187,172.1838539165261,Healthy
7.480148983374865,76.96041572286354,70.19550700334541,25.308633677701756,43.18724716354126,84.21414837100559,132.22551699978837,Fungal_Disease
6.850305850446825,58.40299905659829,122.27378301194665,112.02215313307148,30.07620251433311,23.948323455933185,138.8361209666611,Healthy
4.485882468853843,122.88491668076747,11.760240032887593,89.84318627396325,27.77370051417808,67.88047745924997,286.31436809373486,Healthy
7.075036133495849,28.559244505314233,95.41364418413104,93.65322984648749,39.37878898919692,62.20898650867058,41.5338028200718,Heat_Stress
8.950269250521316,115.70504532890561,95.21535778065882,116.51680403582083,40.30169554638896,43.43975255292256,133.86564557465616,Healthy
4.7004200761826205,78.07641676596339,93.67120236071966,80.33536968645163,28.27911415851556,40.994398804585444,196.74817017805285,Healthy
6.591648261818683,7.645442449885667,131.92682929090518,65.2404920094218,42.45418140277731,66.40198418535758,129.90319367711987,Healthy
8.386865359639778,136.05834218556785,115.23225406096326,89.12974495022192,12.265821812676823,76.51885080057801,84.96468811222732,Healthy
7.7038430887710225,71.76613417444798,5.876181674090841,41.71404005417027,13.962902728792614,22.653820562815117,86.20721122885645,Healthy
7.48507870497634,40.722759592421546,65.95159909863185,25.5635983521939,30.887588050505403,65.39212655389635,70.09681387731473,Healthy
7.512420419935546,65.71695787849613,55.713427868186685,86.32229732997449,22.39230516277543,33.636762315730294,103.17096017492689,Healthy
5.797455756098776,120.10008969244846,43.42061095271229,32.73877167196687,26.247880816621958,31.229018510888046,261.5024326750701,Healthy
5.467959221322467,42.68643741390889,63.18714152157362,11.188115308524942,21.48277262640083,69.84955904757476,151.56736509689856,Healthy
8.046805777392567,26.974695508138044,53.787185889636845,0.07758584193554796,24.165385900572748,44.86960937739784,72.07161842334553,Healthy
8.050566973395904,18.069974570323403,60.52674598301314,85.1647161960094,38.79262215012048,55.270418650789125,115.35801510795972,Healthy
8.335361592900519,41.70031577462957,137.09666118520994,50.70082968723315,30.771666994900663,48.799904755181835,31.74912362357041,Healthy
8.566202762782357,109.20673218560609,12.408616464941307,105.32353589428384,44.90705922492244,71.8669056122019,271.21072192162137,Bacterial_Disease
6.556711994304689,66.02769112733664,129.11232177742218,52.524695763834345,37.5407719237337,57.60958128531751,122.4593496274296,Healthy
6.507581473435998,31.847424517095597,67.23313988594374,68.04048275335174,19.57831889356393,97.0766929630358,294.1173613779227,Bacterial_Disease
7.991475894833876,23.265899945364886,87.32391436993576,56.99189619415389,19.252079120434367,48.190620728517224,104.26163197875577,Healthy
7.249819653888826,46.58212671145307,116.22561532647714,91.08047075530845,21.75643945409525,79.22274722102682,250.90681416813632,Bacterial_Disease
7.509834386288516,131.58941220399925,50.464824080895774,49.859482682095546,39.514081822670995,40.583405406643564,76.91559398743595,Healthy
7.978963347180505,48.02373976260341,60.259067132315366,134.92747099192326,10.955067772769796,60.70024741009175,22.84586801328067,Healthy
8.450026709087831,138.33737063364896,57.33258723901996,131.06057812379422,18.05634476049402,64.20558015215656,9.52000850214021,Healthy
5.689975784257679,67.93226380714987,52.46234315500638,118.72390637201939,41.672144712049345,46.32874248501857,181.85052799343507,Healthy
5.87791476319972,25.082948560621123,129.5741050305653,128.84203788018473,32.39637526291382,57.74244231301033,93.47210150207682,Healthy
4.469909699204345,124.75961285109132,116.05018476702169,62.87955638431474,17.939648342536973,42.34229103187937,133.0559641427485,Healthy
6.89140070498087,64.44975223887576,15.259998580816653,75.1002555505289,17.670073888140312,20.48006253391856,245.5941106802386,Healthy
4.17971136898371,99.35398809063342,15.137269346793445,103.89296295815423,40.19163356158007,37.2518641310303,74.43242570844065,Healthy
6.327990090662301,137.71962164928124,59.901732079418764,97.46042949139576,41.28151278969663,76.00513379945605,92.59574302047398,Healthy
6.713223173537883,7.02454904479636,13.812032742593267,124.69500338476591,18.964588183674035,81.67704195883016,253.60085551760017,Bacterial_Disease
5.432706260641422,13.537238370259399,86.67303333795675,100.28634381593734,24.71786253267863,42.416229371113594,147.82868200305123,Nutrient_Deficiency
6.954166302845054,100.86394380478586,20.116825016642746,139.7038591519845,39.2108508519911,52.64343990544575,248.29955011574629,Healthy
4.152501249695247,39.45550046136608,73.13225695535215,48.790811976422745,36.98526035134599,22.98925281108889,112.34280103989491,Healthy
4.186740943746072,25.80219557301387,1.0107925805204854,116.61968391351851,38.48706372981296,38.96503208781445,119.51099424813255,Nutrient_Deficiency
8.113002803298292,5.510663174762129,44.32348877777054,97.66887519657298,28.143936677578907,82.33754266978393,50.14150853347687,Fungal_Disease
5.800953207056314,3.0585396780682528,94.80670131417176,96.7941023301026,41.90421669068106,68.47890162120459,274.9037560784899,Healthy
4.635302563259424,108.42798443677071,67.76545163189878,45.61698327829985,21.408304038405234,36.461641756349714,269.03510820378284,Healthy
6.611216300274021,18.820679831737,136.95772803985832,109.98425093922316,15.48352470216313,40.59535960979457,295.26510436943204,Healthy
7.849967765493054,65.48088623596112,122.37453144926951,126.05264312866389,34.80563163977027,85.34416183916481,120.73413815091347,Fungal_Disease
5.079105137484216,84.82555412512762,50.26990906604117,30.596784612878814,28.877404560241374,36.726736235592064,245.58448252759263,Healthy
7.114452379095002,59.96925207963847,6.368115806118444,87.56955719633858,39.91050190833184,46.732618067770495,124.48611950163557,Healthy
4.42673732496884,3.794931327072635,118.38768201610263,54.898876074388525,12.840573719365024,73.14869533237155,136.28963667629182,Nutrient_Deficiency
4.258408605843038,109.69021036230724,127.57280344405399,138.5367367012828,39.52923412033234,64.88899085664629,248.99981807844736,Healthy
6.65677315784074,1.4718514358314883,114.88783507866515,67.03659421643542,20.265312862308775,56.86961641870514,53.21003126591992,Healthy
6.7031756080505325,106.66458521284775,17.912991728767082,31.964824331571975,32.91994835088641,91.97928727837954,66.0932803385257,Fungal_Disease
7.187149507491033,125.06262913033719,139.70811881772028,53.46006753105655,11.404507617738952,37.576837017204134,94.41847211874452,Healthy
7.6304566686133075,60.597588948004116,36.20179101738834,91.53737457432767,31.335345370626023,79.31359126903999,236.45370975001725,Bacterial_Disease
8.879260397312674,74.97594623369176,101.38868779317181,10.652511988940677,35.10450912155676,32.725107249454666,111.79546481042483,Healthy
6.581501741505977,66.77767496647152,127.12488268700102,84.50426883097326,22.90625750769671,69.25870667857161,107.45046248422847,Healthy
5.61478236470623,54.48920660728143,32.99619600629932,130.37146628504573,17.53937468417491,89.64988507290505,299.6449035765725,Bacterial_Disease
7.975930973843519,124.23943495185044,127.15619765478925,119.05079027209906,28.817073681124075,56.63214283825103,115.14184292984385,Healthy
5.3541612563103715,125.15069149379867,43.32742108728137,9.474295132117671,39.16167815524763,77.94356057530632,74.3311608946761,Healthy
6.1948571035281805,47.01429104981484,136.69785113376787,139.07458302346953,21.324157540382778,85.63146823991906,186.96410346028298,Healthy
4.39228190671133,86.10976556205772,39.37640285326644,97.82176931854308,18.836425413244786,30.882113990208218,240.56398558650025,Healthy
4.126753717077287,129.767058700421,133.48101546609692,22.719315403963314,19.762735802319067,76.4661516225688,20.88235011694778,Healthy
8.813242073389626,134.68818985178922,7.496251124974487,1.7382524837192892,43.219625352083256,93.5872819190941,185.6676693415425,Fungal_Disease
8.179900602561029,71.25426565908666,99.29808163377382,23.97956908090119,22.574692051759587,66.10964878844354,10.720636764067425,Healthy
7.47987103046849,63.39547273980575,74.49555873718052,117.3446288960034,10.126148396090052,34.88977956230048,157.89970529385536,Healthy
6.044764722071349,39.01720422999361,66.90279079718229,3.0295054923229237,37.35884227858669,30.155402527115438,77.09746912734275,Healthy
4.866471600354229,134.2420622466574,31.289203995817598,32.64062250653212,34.47461783673866,40.77882643733983,91.99250930195572,Healthy
4.78218521335543,19.99400262620143,98.78341056870887,106.02278334688256,14.499889261103911,28.281061521334607,140.12878919471478,Nutrient_Deficiency
5.251214490822977,81.1761406466815,26.713328802482994,82.05547502573891,44.471648719721934,61.0715257268038,278.1322382236761,Healthy
6.746133323530603,39.55703745260944,77.39785143786756,109.58299945042685,31.28217998567889,25.576374616538764,213.20019197636293,Healthy
7.572979613500312,39.061160648691526,35.45435082563511,104.46107053575031,27.527282182921052,37.87236997089812,281.0536788853489,Healthy
7.300986883588656,56.69560223266638,133.78699316938986,7.084194197052662,23.377674366801187,55.19283551297715,197.99130136760328,Healthy
5.399669484729714,139.83101101419163,4.008367136991396,124.95159867318122,41.45354644472733,57.91318003216172,2.1323241263578985,Heat_Stress
8.774326403315971,7.695282957575089,27.961959215573117,31.784456799517617,18.538721849649715,65.23187881175716,79.67555920430328,Healthy
7.689484583478842,80.9958545484944,33.923484894242684,77.47494163216693,20.001911507696565,76.44919702005812,271.7317733161122,Bacterial_Disease
6.771770262557004,11.560102124938805,57.9694956074943,90.20034191388903,14.284378234029841,23.778291173237402,193.03365629032342,Healthy
7.058603731171761,21.632916198672657,32.582233861807495,23.607949523913355,36.5691683454491,26.44967617406266,294.49417097108244,Healthy
6.098000312138949,61.53881184820582,68.78887263762994,136.6723759381364,30.844224814204864,24.86873214438246,46.78920576548868,Healthy
5.238654947505787,71.46441838850178,122.14517325619546,68.34183385222326,31.31731592390744,53.85202523719283,89.02434993195583,Healthy
5.779863393256308,36.23093717103336,99.68887899728391,8.06997738363508,17.64646508568123,23.347835590634745,108.7102978551109,Healthy
7.789230552321846,44.303998322418266,81.19467727491555,131.21668626889766,32.790893619447935,79.6865013465061,97.96734545019316,Healthy
4.071967443148779,12.175382835830629,12.46044491757515,82.07749804705753,36.79104565364024,37.84001448307823,75.59745904496418,Nutrient_Deficiency
4.580363202534581,42.45076973819507,97.15889517449858,97.88704771739269,22.526098575399125,95.1369994631967,133.03971472703336,Healthy
4.230013210108764,135.31818151327616,23.297999803531578,73.52461059079137,38.04715003865993,58.91230040776891,192.68943701081136,Healthy
4.203644011594851,132.25903343414743,110.09143403463771,116.86331366877546,22.207670598620734,55.70606019537613,93.3770768660088,Healthy
8.277302920055035,46.8829606191779,35.007946191421446,4.638684707049525,36.53484615282507,82.44309541116002,23.909976994276704,Fungal_Disease
7.518289296900118,79.91955107902662,58.38682196492613,37.57297113880069,11.180553761020164,77.05231871143928,212.55975806794902,Bacterial_Disease
6.370869145436626,127.3433547555322,49.06582832450991,65.75076989637691,29.290761051577842,68.58472327585143,137.7049667343806,Healthy
4.489170803255007,0.8657351697255344,120.23394805447995,10.724506283919407,43.933429622396034,94.8117365000296,166.94469182701897,Fungal_Disease
6.458079375584162,113.49569984726286,17.71622421987714,98.82693370573216,44.34356102388367,53.78074087896616,136.62019714917452,Healthy
6.367358853902829,132.77173739044866,79.1902835338704,55.11287796778971,19.86134024196092,84.68253406178292,267.1072510364731,Bacterial_Disease
4.866009349550076,12.78560280669799,19.888625322028712,38.17351863754016,25.44896818781244,50.40743565966548,167.623499149914,Nutrient_Deficiency
6.169258246189865,22.602676044608945,98.67141705850614,0.47303855317771815,12.204226779532156,87.06765394368838,276.9830519555249,Bacterial_Disease
5.992523671986867,134.50448238798975,126.71093789122736,100.77624364499351,40.56694576616099,40.75797031727749,153.17260246680007,Healthy
7.079250490261082,75.25562010964848,60.84507154141548,116.73330324220065,29.900025359907495,43.1413658268826,87.77644867208456,Healthy
7.175468254338219,1.9875288260413182,68.33291643709663,55.30567499540978,23.478523762918098,74.22956272139632,106.63277615285898,Healthy
4.226520048860222,36.068479826894084,129.83919710758673,78.99051678467117,13.946969547120357,37.01706359614371,156.63878807543566,Healthy
5.873063073132356,62.99211439764035,72.93879441090999,31.87612763014378,43.13685499239112,38.3323349620343,158.9968313415026,Healthy
7.129299578571182,97.00724754346749,68.26378132693853,87.10767047921863,28.55766667373478,44.42099432139318,206.20131046468464,Healthy
6.515681292900439,102.64245293915194,80.96607437860258,1.699244164128073,19.902477517901637,74.31430157283006,67.34846165598924,Healthy
8.282449205941612,139.35901180956387,96.49216309081326,68.41014559382619,22.257529554602833,91.15104739385855,197.65286998965053,Healthy
7.293468158094725,40.25156791372626,14.963672512184393,90.18876745769691,19.474401332275168,73.96541209015894,233.5764025142257,Bacterial_Disease
4.8146721354071484,75.35081426158654,114.95547388381225,128.54684825216276,31.063343309994323,86.22513954753002,202.97759684009702,Fungal_Disease
4.352843737002149,74.6652967003447,60.97070384345629,53.3870143971198,42.54872515231785,63.484847175557576,144.54843294527726,Healthy
7.212096391031578,56.79033632261325,10.128791385647975,107.12662841734416,39.98428311642976,25.51385770761162,297.5041953350502,Healthy
4.132556552708109,23.682665137938827,110.06557368774983,83.6761841920901,26.11333063990921,28.037296920680053,121.44394773876486,Nutrient_Deficiency
6.928877906367316,136.84391884573796,52.77299603607809,129.7816958095113,38.927477680535276,64.35135826935324,31.977184373948763,Heat_Stress
8.701151207124788,119.46440613332204,14.05144931330755,55.772874592320285,24.808691844671547,46.22407749136877,246.4512646222029,Healthy
6.877370889379395,69.7666239611932,88.72906553605507,44.67334758221832,18.830749926552333,37.645445890955415,63.660365664125464,Healthy
5.940849631032609,84.45435917576417,123.21838948070983,124.19987981718013,44.419529034324974,57.300554184209666,213.98567187073263,Healthy
7.216441092211766,31.816547498352723,124.28549131795809,6.8942161971604765,20.636064878978765,73.31973927234412,53.69288481453777,Healthy
6.291264452457583,76.13018985484456,134.07288647325623,19.09395501071475,21.330348084541793,50.799355818868676,5.0632172573818135,Healthy
6.728083946579675,97.29581863700662,121.47876436733632,11.536620841766222,44.63925037252828,84.20338057258733,47.9395811367077,Fungal_Disease
8.707324043882625,72.12338397412243,0.2997287083665312,118.03539392069636,14.687462260797922,79.0818597257115,113.09660897274657,Healthy
5.930513189003872,138.63992388189178,53.23376329787463,1.4850392718447147,36.61868958033933,78.79319057276534,31.985474138939484,Healthy
8.805952819119572,85.58783187468167,114.59596118677042,120.63200176958674,42.753446546895425,98.81517517419108,59.30372527070461,Fungal_Disease
8.526753209780319,51.936319762903665,51.27542083978639,63.17749135197735,27.91282479963965,43.61839818973078,229.3878833053179,Healthy
4.978955673946482,108.10128386621734,84.21679089315886,0.5635390395559048,10.088261659598702,71.57804690727161,230.96508239313923,Bacterial_Disease
4.346806504375827,23.86475162142989,84.88437263243448,56.23032480968586,23.127063043958717,88.43826721282508,245.246468157293,Nutrient_Deficiency
4.503890006887133,53.832213918877315,51.10354256543523,26.15211774630498,13.904914733468948,66.36195471311288,252.34657096427776,Healthy
4.091109128257749,48.57425305286202,126.62634981938027,87.41606824610282,24.56656813267935,83.16017408923142,126.13076838412663,Healthy
4.472214803779642,60.45299331508882,70.45196835405646,95.11023058903052,37.65093665747997,53.15617486719298,260.2648982080585,Healthy
7.415033867081784,109.44917563002168,65.06978883125011,68.25385985669998,25.354904210933018,67.23930765238437,157.7810625042129,Healthy
4.355943242301145,67.78422450287704,139.65192439266542,5.6727335615537955,25.117379247107287,24.45331142434626,141.17913508080244,Healthy
5.594878151468807,111.16202303723479,69.09005097016633,91.85803261140826,29.48763169215963,98.86140846598506,215.56089869873273,Fungal_Disease
8.224376554847273,80.70844643958122,24.975755270001347,117.88542970477297,30.359170466168806,84.00147851587337,64.14552340797216,Fungal_Disease
4.116359678679129,47.88972085205775,71.82971920088133,100.84539882569621,39.970370807963995,89.50472573051596,236.8492130482416,Fungal_Disease
8.072342412944678,113.39702411568614,113.96234297279021,116.19410865374459,20.792440373013303,75.54354225143568,128.83974796986098,Healthy
5.409273873867,33.36055387743282,108.7604457657594,28.071333297124244,38.75849425288056,34.88400262469596,38.18862420112813,Heat_Stress
4.590824138108282,31.413617171971367,110.40144711518595,124.44431155190756,29.807681204221655,22.48227539344258,35.793574055090275,Healthy
7.483685826820754,70.630409367677,99.12332975970764,45.10708309071479,20.518534240100145,89.17252861888109,49.47202315401004,Healthy
7.14471423389942,36.51889443469245,35.59049606933635,1.8766739952787437,20.3294115402127,51.70645229888984,267.1718202731347,Healthy
8.387360067635266,1.272184893170285,120.6917720176324,118.0748304860699,22.63981309870036,41.109190083193596,297.2813466777142,Healthy
7.675355219019429,90.76165382183221,125.08208515267711,131.85497765506173,31.79426349169914,64.93383670711555,107.09213976038504,Healthy
8.017404651924243,71.55313500613572,27.18137752659687,91.77814763842883,18.07841059759822,53.67188179805755,87.64315566158928,Healthy
5.410172862856532,62.372494029042564,18.26378911719515,32.40112826487945,42.21167465852936,72.13327965500456,65.63129177830119,Healthy
4.887197718898614,135.37559204656415,136.58469560247568,35.244224999554255,30.121940446226514,58.70345864436109,247.14494315017365,Healthy
7.753073758204292,79.96788575480792,121.5653549110515,65.32300228098673,42.20055219486024,75.77865123522164,62.76224472566283,Healthy
8.03417369633632,120.88042089051383,125.05306060939255,125.69635114419873,11.624152550270415,88.27386156073143,277.22703897908093,Bacterial_Disease
8.952525710003366,19.523033068722423,124.09269384741532,20.943671860658174,21.991397966151567,35.644560876463125,200.2051136913848,Healthy
6.063088384557132,79.68890483811988,75.83615536472198,115.63631374168817,10.798268124066809,46.354630445238946,269.1383375007584,Healthy
5.8600904289639155,121.5171477423264,90.49624313321196,40.78239321872105,19.528813528428945,54.94524692565111,166.20295631824388,Healthy
7.8820648037099845,81.63480601918572,76.35079929870983,113.20206372007371,40.17022652940059,96.96467584221105,207.20395865474904,Fungal_Disease
5.704017701265089,100.52198493778022,7.168888886646069,128.8379676642154,11.28134005447703,49.226689083798824,185.8374301973123,Healthy
8.653786628017823,52.086099493709035,104.37043194938818,59.84914207920483,25.26514849705107,50.48798796741036,249.35863689713906,Healthy
8.29206375921506,12.942932385189325,70.74648466702324,51.107091574774316,14.114847466562972,72.2778018367649,250.7582433557643,Bacterial_Disease
6.1449701368750915,64.10604131779,90.67927047063216,112.31098465598225,24.589423074112872,53.53597679119594,176.93789995353754,Healthy
7.754355338957486,55.22711471744005,70.36957269657493,74.12760353311516,39.35980544925321,96.09789965116842,189.7522947989317,Fungal_Disease
7.772714370423412,121.38842553305263,68.85358512514384,95.82286678484759,31.80748616908817,91.55750083803551,276.56277614934896,Fungal_Disease
4.5156193441796635,34.15934232934612,24.050475326887355,87.19609317456514,35.786472086599815,61.072702222053834,278.95994518949084,Healthy
8.512764533397833,135.34279185491513,39.019920119760855,21.404438390271487,22.218644040735334,71.58201871582799,199.2749351685545,Healthy
6.526261862239286,134.13933677262946,22.239376872153812,118.27065044053863,43.053919325354954,24.642444950689644,2.3262834519490627,Heat_Stress
8.132287330538707,34.66843003000142,27.39328138754794,27.408515597839067,34.8241732822825,75.65844224259185,31.323364426182298,Healthy
5.600248005153059,48.727273766824865,136.21683325884268,130.51950016990932,24.762958674958583,76.57606983592258,257.3827595323248,Bacterial_Disease
8.477616142481002,125.3778037223439,21.43588240810778,35.079980799100696,24.926268007946923,48.735943651456644,25.414234911240452,Healthy
5.946008393670816,135.32711092545506,37.69785940272907,102.74333625832386,42.153946228015414,37.57463069002181,64.05575425651992,Healthy
4.054188257401492,62.081474397046165,82.6825520834019,39.85175508910289,30.174164270238713,93.20627214536134,69.16400406649555,Fungal_Disease
8.526909882096318,44.9395863897257,85.42500067312986,44.489957202160944,34.72327234660646,54.13639206441022,180.07043093397147,Healthy
4.456433383930667,73.65316185521588,21.55637816413607,43.400259389522745,24.596232857960977,72.29648838413685,172.98983936512926,Healthy
5.596568187952075,96.28768889120288,111.12043960992972,104.70491556365165,17.829246766764992,22.666303598100477,86.82525702612008,Healthy
8.750309835254024,38.28643215249717,109.9284015077955,77.95411651571503,35.32457521980465,53.1253733261469,62.283409670532855,Healthy
8.753035734687781,103.10624444667019,33.224478588544756,123.6133438186496,31.273832024948575,85.3807048811104,229.35960895724276,Fungal_Disease
6.86718944061643,7.232029996049745,40.41328237456446,43.03218068856628,27.54700081486728,51.006080032057206,280.63684668179286,Healthy
7.159186060848996,6.9012289870183015,131.31830116432957,96.87895308794421,31.840732899806234,68.25289281095014,15.841703974931608,Healthy
6.242227609891599,54.080278720376334,115.59400243712693,105.41280395283549,17.289995512248176,36.78846403876315,39.95413881145885,Healthy
5.466053858490323,49.48624688850088,97.69158462875333,21.207495824194144,37.78785472861847,53.32205190716476,192.64919661171223,Healthy
5.64332272684958,44.18865015140132,11.512651011484074,56.08251002477356,43.185698175710705,94.21101744425494,241.3324355014277,Fungal_Disease
7.362592280385192,68.7427667736474,58.5569713263606,67.59444920905756,41.188610045869595,65.31613997608298,237.35660063291988,Healthy
7.7618726471884,44.902701523619974,78.30226209075579,49.7962345852124,21.2502510857456,92.15451672743453,215.90494592480678,Bacterial_Disease
7.957895218629242,26.916108585532868,26.23758031772877,45.09576343567934,24.210202064872657,92.16154395916347,266.2283863494276,Bacterial_Disease
7.9480907139727694,43.32573687240413,62.751721495151436,96.09878515966987,38.29408049291464,95.53182403395836,65.20466387124385,Fungal_Disease
4.456030515243452,136.48659819343288,84.1436228484166,30.2212956723284,30.829099578861133,91.63133280640842,32.18728394758414,Fungal_Disease
6.472101523512907,57.5558783792788,45.83273521615589,99.31470433515803,29.177005528682724,20.26249032082405,184.6088910274105,Healthy
4.287793800083222,62.259788760167005,109.33227465306821,130.90618749470227,42.43246886367058,94.72119132652776,246.6827674570297,Fungal_Disease
6.747644411618678,80.7162985931596,117.66294142943276,79.12765296488516,28.760873634196777,30.99675512683011,174.61307354417195,Healthy
6.207652506866885,137.66770757799173,45.30532572076991,85.60079314352637,28.022853785555846,23.194100088892043,288.8992462376719,Healthy
8.438520913791498,33.82417870100682,117.412001628944,9.650578297372473,11.470650694322588,24.431082766244224,238.6693384175368,Healthy
5.754575062760393,95.37949547454073,14.500719254422103,121.02676650649596,12.429593550654817,47.91329561411469,210.23754027277826,Healthy
4.585335082138029,100.23785709584138,117.28207380717188,39.962690207981176,10.259710775822755,69.6643268215035,18.077187261520077,Healthy
4.714958410264179,85.02541835102923,21.38506043346632,86.10716317399908,41.96354790242718,52.1848957215198,32.322671619504625,Heat_Stress
7.807553158587361,12.40096754913017,11.609801351361646,137.07570376427233,24.293533100619523,22.044342771950358,235.45128977735828,Healthy
7.0910903165813055,94.7621186158607,89.84855662174157,83.37036408019308,26.39964816466944,58.11861073397718,59.471377673108805,Healthy
4.505613380613951,8.973259545064566,66.0712312057412,101.45932824501286,39.58854316573617,55.370459381630404,8.650552823697167,Nutrient_Deficiency
4.420534030574987,83.45997093698557,127.10468405779659,62.344746551325265,31.32362086315223,80.54794124013175,273.2282057240895,Fungal_Disease
7.5048456572956,103.54136481104398,50.84648745271889,8.45121809210803,31.332555873670337,42.369031874035066,267.2416121103702,Healthy
4.363815031820968,29.535784686793058,40.20131688126801,111.6639089285704,20.378705027418434,37.40249390354937,65.54514816944756,Nutrient_Deficiency
8.109300296451782,117.82708105598837,70.10288686018777,4.899837776957994,39.186793087358176,40.4751166141301,234.06187742188638,Healthy
7.531211135782481,4.249532774620597,63.83246600761258,98.09209604429958,15.804049161382283,44.29918581038784,14.393898363496527,Healthy
4.406743903209499,118.13380091216285,48.21992647040636,3.209020240949172,11.860235726053176,67.93318986937332,85.51740114697893,Healthy
4.42418857042596,64.44606708998711,97.123781817766,120.72273312073388,16.70611751314863,57.72203883616639,187.10007247698746,Healthy
8.933197892505877,30.46231159043023,106.33865674794717,22.06904501661728,19.370802657109763,46.95156521432463,228.95369884751565,Healthy
5.8713539787806015,18.72894029915552,119.41775566421913,71.99800936195716,19.880887024897234,49.94513266269428,3.119756636456872,Healthy
5.8532107353344545,133.46300346153217,136.199924659448,83.60109862764062,33.46797595165687,49.673892812718094,97.86258398212323,Healthy
8.063997836287513,10.173182261361939,37.33186689855062,64.05635703227769,17.623860556502525,97.79253557682539,64.3036680191022,Healthy
8.736242886919294,27.87307879102959,100.2530875485946,47.70688850884421,33.68304065732446,38.6397590442362,299.6341217246171,Healthy
8.930005319114354,48.695128640626436,55.19615296940433,65.49400146533604,13.189626063182992,85.44492482178069,201.2946697155705,Bacterial_Disease
7.766890926294709,86.83287885455687,94.79147607315514,43.59820554336222,15.152086138426816,76.65686700705496,121.70143586392315,Healthy
5.881297927654579,76.27215193865378,66.63743664889084,61.33712859132084,27.808750697184824,20.445600448284047,22.695780594205505,Healthy
4.417503583493344,17.59008893772396,139.12823438751042,50.24781873972429,42.26635309018249,99.45409745003903,179.60107725208914,Fungal_Disease
7.885734579637184,40.56191772335005,102.04629901070498,79.26867529100033,40.08486560838899,80.51514965068588,192.51044128081926,Fungal_Disease
6.792021248679025,33.42524795204337,133.34878206080543,33.30938271429768,43.90637048549811,74.5959669080633,244.92177825094055,Bacterial_Disease
6.1211100462348815,29.895999628647793,116.895736927366,138.41191768796176,32.766767284735984,52.42597661413099,86.57305587580906,Healthy
8.53177192547368,57.56020710719819,126.40614156287195,70.12179347350317,33.65352032456322,64.41624711314317,294.42842414402895,Healthy
4.555987411530757,98.56440336283197,114.01868761005449,27.18269083803135,31.87580496260222,40.26167165339761,131.83972179418484,Healthy
6.4631255214542955,30.44341051041303,64.28227825262759,66.78934493941814,31.798662300036906,22.8386724116558,88.7831263978481,Healthy
4.0567682238370955,51.3350431584174,35.25038346856381,121.2981181334754,15.149212077365462,86.88173267567782,104.53480020043735,Healthy
6.343303209970632,54.728439757762715,51.84482456307311,3.0529510374153834,29.030863465737504,91.71875949449374,155.87581589013715,Fungal_Disease
4.2815163784091865,136.70391412095742,2.8330725695930625,95.13757667502043,23.5123776708104,32.99765092913919,281.01046935213816,Healthy
4.594089581340359,133.65328996306965,73.3590434450534,76.71549155114992,25.48880255220527,82.96448766765864,220.54763937582015,Fungal_Disease
4.587631233885524,112.01926158529062,70.70809203785721,23.738119211818972,28.326020057073308,79.29221386285269,173.13289483913468,Healthy
7.246051510580318,33.83224891468592,73.53506507626835,114.4467015026889,14.493866013078806,34.270000154887235,48.84311639395854,Healthy
7.730224396327117,9.525223972833757,136.36437149608895,51.64384713236079,22.582070684824195,53.746304205983506,44.8059932672615,Healthy
6.916843825485798,44.366579280887464,127.6035604836775,41.13228403417104,12.220734630681125,53.82063366672827,150.6590741440692,Healthy
8.81086274237271,37.35123692073632,22.63978896621512,115.93752685996614,44.28838456478397,80.79714066441989,218.61261138049474,Fungal_Disease
5.87435289761852,70.82961202049515,51.64355301782449,89.39350646683305,14.148481008704415,87.01287246208443,225.30365182653304,Bacterial_Disease
5.428560431409304,108.88190740949103,59.35386512485667,125.75627171447542,19.048365849073406,27.58200971130968,67.77431516287751,Healthy
8.3429956409473,120.16521144304012,50.47460849923068,88.18371851396792,41.1952524346189,65.03753879233624,30.029853854175983,Heat_Stress
5.1179791925972635,118.2809719574712,111.78943490454783,103.71447211049615,26.894851618369962,80.93987975431082,115.33829677613684,Fungal_Disease
8.816112697203057,50.35457857122949,73.36527378146216,117.1024254763458,14.747302053222061,82.89524752521268,275.4517629732223,Bacterial_Disease
4.0607723734490815,96.2128080844956,80.0939743760275,7.663549027391168,23.448068831377213,31.839481954432713,163.61017580081466,Healthy
8.849394133538196,43.79678765339081,119.42189825830957,108.64685424171324,14.055379796698503,62.04041145206353,96.0299300495323,Healthy
4.215799559752881,8.52677605292558,112.8299414781502,85.91890745894075,17.007559897957563,88.60469650901624,97.0913005017365,Nutrient_Deficiency
8.455715568490355,98.21913718441192,18.509613194841958,9.731091512127053,11.821044643244576,45.48148612682273,39.626113566655484,Mineral_Deficiency
6.638505545431499,1.3758573597702983,99.9480417717088,71.20090906162011,25.337962309218497,54.00935191294377,141.96712083184738,Healthy
8.9648239805965,57.2855622441884,60.961058046284975,11.544130917753543,38.23226426038409,84.3486809069066,237.40880355445154,Fungal_Disease
4.368982823676994,46.1130977022906,41.250846428750066,103.03260824125113,30.508921254496343,27.145561694700984,290.5676074582024,Healthy
6.769271422006604,97.07285539263934,7.002634926306088,76.51023994570363,31.22208569196141,88.75946319111826,150.4784999873926,Fungal_Disease
8.846512678095495,107.27436618645305,68.21493844836314,133.50029523772162,17.020441052913412,44.89253733846472,50.164474752806534,Healthy
6.615489220850744,42.573249035979735,49.76113530143439,25.63895202004778,22.03628451383283,20.116025327290174,204.88511994085937,Healthy
7.146993190676312,113.62778202227949,35.21182555469611,84.84468335285298,39.58347363442912,38.73273160450866,227.03740282358862,Healthy
7.478743444923086,41.148346470690726,97.25404214357405,29.62149883986879,13.07496645142801,27.16005127164052,21.50992482693066,Healthy
6.272705323838866,62.48569039811857,107.72795422418218,85.96909786183576,40.02757287839868,27.39079255969953,255.04173888936865,Healthy
7.137790400420317,101.78259378197875,34.27053266411947,101.17095833051991,26.929150919267496,75.42685873140732,248.7967169987572,Bacterial_Disease
6.921571559615501,97.0088320914704,6.922641135108616,101.12260610613541,39.3001600963791,37.118106851125184,141.7623162117354,Healthy
8.505790052454945,138.231586123708,118.8253780791329,114.11035869556538,21.130224678804012,94.7793890381586,168.1267555847605,Healthy
4.227231901707289,31.52254339023046,1.3943637686024646,119.49703191416434,21.859503305405728,61.31556372730432,214.02241911327573,Healthy
5.4048159479611515,92.72450789554154,131.19574914900608,10.818041677404786,36.30617039131,56.807860636393485,203.02443751885778,Healthy
8.752057420382794,85.35546715860883,87.86678235757883,48.05740199013657,37.47486606872771,54.742681457612136,4.96079345796272,Healthy
8.451318919454582,128.11378362860418,45.05852892818484,96.1971528503728,18.037563729655137,75.40701117373055,36.730591154545735,Healthy
6.278283763928565,21.890699830282507,34.50690734074307,69.8020802347697,44.050496368766694,56.18102100188867,48.77716673437371,Heat_Stress
7.100662989007684,105.25174290217062,1.2607929970265341,26.69463254567081,12.957153648569014,30.288028498015347,226.70276672162964,Healthy
5.386905914905664,79.55760627762757,32.9659983815228,77.37933982333772,12.39760370857458,90.41377445126052,132.02506886771403,Healthy
4.940605798618806,38.453221770306754,19.281962212399755,57.040991387260135,30.842647535013597,54.271627914052694,163.65078791604753,Healthy
6.318492024699911,66.42088798060438,85.70327090124039,54.60535887160271,35.29592687200675,25.920366055960198,231.80623106864525,Healthy
5.766761140130264,46.72872358977169,23.316382403132184,113.36552044099294,43.63101452287408,62.34927899982089,102.29468071922724,Healthy
6.91828055925436,81.10387639038453,74.0081772551267,57.06376673650537,24.173102327960155,71.78774867645627,224.6670681956319,Bacterial_Disease
4.388673184824924,124.46008551405322,82.61629912822592,3.7036307672593827,10.885199314637159,42.04659713262068,132.68978238886788,Healthy
8.871974038330832,79.70269781770828,41.725837768568034,8.128867444752778,31.101371880624242,84.02723261390739,113.15405633226197,Fungal_Disease
8.931053722398014,88.44113856572177,4.909092862620619,119.87416583682683,20.139360720957015,73.5820676829891,99.91117921642203,Healthy
7.490808570098726,72.62469859605932,5.215543285987454,134.48411340175298,25.153149241839078,72.02729354115468,289.48344464771486,Bacterial_Disease
6.680481831720602,7.163170902366627,3.6886265071484647,96.37730710379905,27.096431878747733,53.665996229423534,231.59202321269365,Healthy
5.547638081431638,32.6001979626532,103.47745339911647,51.01156117401123,12.257941375831184,96.95322411290303,6.058782232058812,Healthy
8.068975098534743,68.88024212049159,44.52135867400174,131.40404421126183,27.0093624597436,41.93513343593981,287.2246459554605,Healthy
7.4236558627693965,43.43293972425867,111.4820260354729,92.79243209260301,24.921188338151016,66.21644008123621,232.631888918002,Healthy
4.813084696724457,25.44690368656719,60.44259533799888,118.20669688790727,34.93904928503076,44.724412597809405,44.75241433627667,Nutrient_Deficiency
8.554635922469213,70.57859786858137,63.41973411619494,107.2193225651813,32.59830689243206,79.58438023772432,22.90143762339514,Healthy
8.112686214615845,45.193371082699045,71.80356435134033,53.07950420816294,16.482550135269637,23.823318709609715,92.45822809783601,Healthy
8.74899956645962,36.13507004427806,99.82440389251454,67.01830811910997,17.214862137363895,23.671509430003937,187.25445880381852,Healthy
7.6285975419418,64.95795844165332,38.29040121615899,26.058501611533927,18.785216257103063,84.86887756150331,184.96400674484022,Healthy
7.0670759796789495,18.65979613150424,17.022228934693764,40.88197406170277,16.263265410401207,54.741452885093686,82.75503754476614,Healthy
6.091215181453094,129.88440263055702,77.84802692680461,108.93759258011303,33.00246198839635,47.29440436802846,133.70249359722533,Healthy
8.663642416770067,121.47829370869346,45.7768672539835,125.15697486363516,44.805056272009466,68.60214897402707,63.56704671412064,Healthy
8.330319447502042,99.06688200367495,61.94878391352523,101.42445925519765,32.82379191805778,76.15194750951788,15.173605550021241,Healthy
4.226093350530947,14.869935862383869,90.57253916722276,65.12431753192936,31.23385411669519,36.09610774755253,155.0911402280636,Nutrient_Deficiency
4.13183487248626,108.62281562575703,69.17760375977788,12.111297651564655,24.347477667287535,34.834499312378526,104.09734027561143,Healthy
5.882316834390248,113.11402593526266,86.839034394118,7.9727128177827495,20.940309060091625,96.65205982079053,162.864729689379,Healthy
8.052766653909165,107.48704648000728,76.1880002959079,52.405579045799534,41.88758149172677,67.17314451076555,283.9521967411355,Healthy
8.936380646574722,15.955224196693763,103.57149207105388,64.93504062747283,43.91506559497535,51.20931818354145,43.01109350859633,Heat_Stress
4.752084455517641,90.14711398948705,98.83112647962679,85.27688710986156,27.387166145570472,84.11533557356051,0.5886054932865981,Fungal_Disease
6.970653576760675,116.80547140491579,74.78658485320669,0.9085329941796094,20.15701734272951,62.01271670223338,23.063463984637554,Healthy
5.904454283155108,80.82947617075348,95.04642292035896,138.5612046652829,36.95427726844187,39.33302482996651,138.8124888304887,Healthy
8.849571989073016,90.49703253193246,122.29834431816579,50.95144367656601,14.635987680340746,36.53882445132591,212.07960894069706,Healthy
8.210594615678543,64.17088711968286,60.5179802903436,118.733252932157,36.79558831752885,51.74874129358574,174.2290809951567,Healthy
8.191643523555689,74.01902478376736,57.78683018483111,74.89533879315661,38.663193100896855,88.79166882079036,148.4683822121241,Fungal_Disease
6.343465798974852,4.81276016924153,106.99438691933322,18.261523634668507,14.371638061950858,24.915833283540714,106.18893932772372,Healthy
6.074097511688326,89.45482307625984,81.55753718587917,111.65917735483306,44.19015140787973,37.48208006038105,92.99225145945029,Healthy
5.367035359653531,11.402609804762287,9.940949231162397,99.37579048878266,44.492930163596746,91.45214550820731,112.88585253149402,Fungal_Disease
4.281877483254636,60.90204320763127,124.89568219675138,73.84105189009192,42.78518177645729,29.73876551754004,183.4904862027214,Healthy
8.323611881275266,40.971713673437094,4.309634313269619,72.0374327867292,27.361218329219252,70.37005746113347,50.326186759660864,Healthy
8.064505045650387,76.35991302963983,104.77548986936404,12.247144805129928,18.612594979688996,37.08090944968201,231.4086249163877,Healthy
8.998588366430653,18.67828697324899,106.2311799786038,91.81885280034237,30.370324830866952,68.46934780095107,172.5759720279331,Healthy
8.983184185369527,96.83007627626455,133.43555193947026,127.57432180560197,24.69768434650025,50.64833334753857,80.74691328342828,Healthy
6.777158528013137,111.30161516998585,7.578817176324906,13.05428869099017,17.2082025651019,28.13415171447935,150.34588884338513,Mineral_Deficiency
7.8449370759025525,22.86962296404191,83.55996050982874,36.89160309084669,24.828674336624665,66.59800540432852,288.8336063055499,Healthy
8.72382864941214,14.603832229263503,59.89767988778741,126.32311628189383,33.23614424871567,74.64341976676688,6.147458743558209,Healthy
8.248236953387057,20.37216759023028,46.288613680335885,39.80814737477106,12.481965877509687,74.42180951726422,59.85679227036875,Healthy
5.236740508715989,122.79785866579024,12.644598441870226,91.55211410518969,21.66963005061058,70.96275272581677,134.5140719709834,Healthy
6.252720676550467,73.94649664588987,78.77157675398328,74.87454309204018,10.622821150448882,60.01798247484366,191.53191653394842,Healthy
4.645797075757475,65.41653944105036,67.06570159444591,83.48586470054069,36.23234269115865,61.557809348746055,63.66847988564556,Healthy
8.770255136293612,14.9396546743296,14.637624141143398,58.210446220815435,32.42419436658453,70.85120878463677,279.4211845128589,Bacterial_Disease
7.030873172254401,90.93784094597466,85.74853099359167,41.99880587751956,12.193524714568806,75.22074893973128,192.77160372739263,Healthy
5.143214027517313,121.51994286531259,103.31343683541138,6.794683102153655,43.76581458606887,72.3901391065108,263.2295846869292,Bacterial_Disease
7.358503422029283,115.94602170528341,107.41896214751075,104.19933150118298,10.791754499448524,66.95564519307614,98.79537907509555,Healthy
7.090641202289479,87.64765925731218,126.75224635673983,104.45308470719175,30.6486226266631,32.46711878432947,248.68618029198888,Healthy
5.790813590164203,10.539020331234308,57.32590386442881,93.90160361102124,37.17286116296695,36.84932307942894,113.46576506983388,Healthy
4.567787960998145,15.735583804641815,133.43018760709919,90.10873033674687,37.576370956565306,40.81792168282787,75.82553173836149,Nutrient_Deficiency
7.357865977963998,6.903258195375455,121.16011671157605,34.12039850345367,11.199979745762132,93.57293256700018,273.49660174913794,Bacterial_Disease
6.601538504518967,36.0470903089457,41.510219943351466,3.128290727280769,41.724529642415376,80.75160734375731,27.665542703656364,Fungal_Disease
7.861591958678197,18.992605402452885,22.299625228924185,113.22015556396155,42.145808517449275,64.22934556295026,282.86663881692124,Healthy
6.6008175055599665,36.40672563534074,60.95451545792188,68.75939499741577,29.648663060403045,40.16455428352374,137.55456176028164,Healthy
8.260907501592701,53.90812780065463,56.26581911383533,42.957338298366565,26.872911961050114,28.871321859533694,297.7876420457585,Healthy
6.759534193872428,132.017589769959,80.6007027463686,14.27046694927981,11.570361207190993,91.90073807839798,161.87839612050863,Healthy
6.804689857676931,85.45264836943689,81.67407252588472,8.781022726194376,29.668394987845403,91.41328126583336,227.24645162469093,Fungal_Disease
8.383268013291724,116.89632999561472,104.99817781319653,48.841341051324825,24.328267861958075,28.855647655655325,2.1213049014011998,Healthy
6.017414331061985,99.44921009972651,71.38459274878542,112.66318906737168,37.04822425930296,83.77733328771969,149.00004598804955,Fungal_Disease
4.670076142253204,15.750438273728445,14.675169731707175,128.62132490673628,24.135924841013075,55.73160554479301,221.23604148543458,Nutrient_Deficiency
4.143913381566695,103.02885689235283,120.16078697743485,125.54519104582906,33.92532916636484,45.91735462644321,234.84810598753472,Healthy
7.775686278368095,38.51384341827742,43.36704164592619,128.8001168649517,13.549285118313579,79.12836289669657,47.41457478047941,Healthy
7.1015477567673235,89.47509857925888,135.98164444292289,127.08154803810798,14.653329476808842,69.14636328485844,125.69128511483359,Healthy
7.520398840496118,47.73467631001839,16.50041521516782,73.81146522405541,14.889856672720542,82.40240860746698,125.72158743580162,Healthy
5.064820807544554,139.6741168570523,134.15516411255044,30.718189397966537,11.593392492991024,25.946308850634967,31.092242549716765,Healthy
4.681857377933849,36.897207129548896,12.741652963552376,111.72652159715486,28.946510074443133,45.486961596596515,132.91365230744,Healthy
4.07272332833941,39.07826590839775,32.345059312588326,29.91981647936106,37.788870411527256,45.54534803333886,242.12788760880161,Healthy
5.752937794032984,130.29411577873577,6.521191892115823,37.409018745919674,31.36439212927831,46.38024738302124,90.0542212856961,Healthy
6.949588434273165,3.450216649085174,98.71584052945929,32.655605055156784,30.123420994349967,60.198389811504434,129.77235656816492,Healthy
5.9612202254986615,97.53645830224757,119.04182312005085,72.09753651741282,33.821837494095774,42.64110424647579,288.2876055186428,Healthy
6.1873746101186455,101.54569470302293,60.76995145423726,45.055851143671184,21.887586307520518,55.55068880700158,9.512422767468664,Healthy
8.520793472468743,117.0930008374559,129.99309050594016,21.581846947547806,22.66839250768801,49.42220744923326,177.4565303686067,Healthy
5.741277335116502,136.42150348938654,82.64187004578395,63.44427766514353,20.99945343773229,78.8236838416409,223.03082753328874,Bacterial_Disease
6.569947445799054,136.58426868193135,88.20099896251325,122.34701342992338,34.923812649875146,68.28006365400401,228.26473020935353,Healthy
7.918265063705715,9.138746059304946,118.35868823810779,79.87739969299611,15.6574117484771,72.29035458538523,214.7814074652133,Bacterial_Disease
5.982713911606351,115.05750518540636,41.55202870725745,122.9669848242622,10.455884810952353,36.84671152661156,217.9354330405309,Healthy
7.110433501139368,90.48339071203338,49.59720098586761,27.422105911079235,30.866875635287233,46.04017322615115,17.703799701914956,Healthy
8.311818543733725,90.62789881223277,126.83326868725021,23.37634231415756,42.98334776569719,21.693235808965944,160.24098574089984,Healthy
8.747603118288211,17.968989726057274,126.13488944542694,80.58079759777883,31.329277094870665,28.66997658345359,234.89072149717683,Healthy
4.7353674046451895,91.02620330239147,136.70758866812193,64.86604621647822,37.40225785293133,41.20433855911099,28.21951471119888,Healthy
8.632938125807472,137.5475612841747,126.25736430183396,92.42416983057396,33.547674831311056,25.237097704161684,3.6149767160603585,Healthy
6.460581465397691,127.65459973552257,17.832085044670524,111.24775074374942,27.41028287330557,68.2105920283762,244.36854947989744,Healthy
5.291221941494792,61.478292512679076,115.32140005917823,105.1830213913047,35.14373406243461,99.85040927390602,213.68831626994677,Fungal_Disease
6.295678781191307,5.592716260053208,57.37738693534317,131.91656431219855,38.84364433493276,28.06521712523108,123.66192507433279,Healthy
8.900162876427386,50.72108860002868,138.7121898324313,55.75589728198162,17.86560754600943,85.6984170135412,282.1189297722516,Bacterial_Disease
6.463090469964348,115.69464362407773,66.11933500603214,28.894143914745307,21.764566816910094,29.505299781211775,229.97942839544137,Healthy
5.643758051437541,98.20987420512324,77.53705155031088,77.127769592704,17.830400637614936,73.59312150371488,290.3582824819732,Bacterial_Disease
7.167004271583629,64.30811178315389,74.16848813595179,15.504036826765983,25.826053445665437,71.45260824472138,278.7945778642402,Bacterial_Disease
5.200728093890965,7.714214922236353,45.04318418015889,40.4391572664284,40.97725928208337,92.21735478489595,144.38808089379214,Fungal_Disease
4.37931664054332,59.76526189526237,10.503092445008544,29.104327736840226,22.082248529236633,29.11564909444099,226.4126935930698,Healthy
4.644398609553246,65.66349156050369,125.39117225626859,55.518920351591326,23.106341119569368,45.235557286551824,200.75741664229167,Healthy
4.640229194788862,129.99777460517905,112.37461375368015,15.570320500310153,40.11285321351761,27.26238082837486,243.43356302774745,Healthy
4.759513467561471,89.75205450150233,19.5337492783537,4.457844236733699,28.03810157606363,52.59066606435471,236.3065206752976,Mineral_Deficiency
4.694135863247051,43.631408331650846,108.7475579890102,91.95116064820445,28.740714987660205,92.9274538845956,45.96959100996803,Fungal_Disease
7.204373724016073,73.54455702310099,87.6185332470854,85.43485696057267,40.12804211662745,82.52185208494849,70.1206595425639,Fungal_Disease
4.909400421995724,9.24774309510241,57.28013030846712,99.17025104541257,27.16843579589156,77.83200803562553,79.7194731532702,Nutrient_Deficiency
5.728336416619316,136.15955299096316,35.562960873378785,92.45410163798816,33.85451371202883,62.64220038901616,245.54956776510315,Healthy
8.483942049530059,50.40838627030164,120.36202969031254,16.00125535993369,12.997563305592125,90.67885938684184,243.22251117875666,Bacterial_Disease
6.3698082013143615,66.90142968783901,98.02635630116743,40.75104339259048,16.252109959440986,55.95534385930627,148.60060408183264,Healthy
7.337788692605136,49.739756393169166,76.68358732567916,18.13372538604933,24.153167025068594,31.974853368051058,174.24967777557634,Healthy
4.861599356008149,95.55164221626802,85.33959474578498,118.01613628679884,27.31936737369562,87.00681784966234,248.07664589051996,Fungal_Disease
4.961445094043354,92.71250216614303,12.749265491505337,104.56651174977326,43.80067954326803,42.37106624413815,93.77808020332297,Healthy
4.204343081332395,100.14512347407899,66.34876652756687,28.21378040855394,43.97280715667265,24.290683281955843,15.05363307490899,Heat_Stress
4.844675315360822,37.540052145668916,27.11804098999828,47.78329366858508,39.791898061756655,30.08304245350331,144.77893148375017,Healthy
5.392951695159793,44.19358736296924,29.17371506123555,135.32609891699,21.04595923499511,68.72471329553186,274.1151431546015,Healthy
4.885052421383734,17.535172353469115,92.58255472016134,83.18231010315121,43.74099017913539,68.5665571136938,237.14047828802188,Nutrient_Deficiency
4.443512668785278,91.77139605845576,127.57586125680034,112.16178362216202,34.12693026366744,40.81465368656276,109.98519093254572,Healthy
4.603179355503004,5.571597826991357,56.525925466968516,37.042744867622076,23.752904473609014,78.17441183567833,19.431408144851016,Nutrient_Deficiency
6.303893840163629,83.67552697328426,29.084898221706652,29.40740882510273,34.55862209446682,81.89121243196274,191.075851614753,Fungal_Disease
5.0316685920289625,121.75742387922874,90.82457121313159,109.74837003851678,10.57829554252843,93.64021009068946,250.34723876115604,Bacterial_Disease
5.8213493052403775,124.7165007605487,121.96618648904449,96.02214373240162,15.115413879597476,66.79499989425895,199.48456993639155,Healthy
6.5170863542742845,62.86528645179464,104.76463215714871,95.33691008964692,39.03899990447287,82.35386913180582,127.52239942890591,Fungal_Disease
7.451974143146827,64.30251634983033,121.6260122751222,77.36884145608714,32.595077290560994,80.2479743817307,37.0060839537214,Fungal_Disease
4.196560699205495,10.775685621122431,75.1176539415119,78.90096798871684,22.74681454521594,40.62472387737543,273.2322732412065,Nutrient_Deficiency
7.997051994545213,93.907103562025,105.26267421168671,102.99765074287552,27.523332407795156,44.818074235012745,82.78749772601489,Healthy
7.139501947454539,114.97631885219837,19.609038310251105,37.80034735696734,41.679975237601845,58.278591660229715,67.2861109478878,Healthy
4.4087951597443595,34.251707644659824,48.75844615084681,49.38758521997381,32.10523383176803,21.523117402339878,244.79299968289624,Healthy
8.367893120533886,58.98212342867105,54.53688302741314,122.02914787280771,23.93522493770156,43.791821852617886,294.3659816171571,Healthy
8.604362002659066,117.43750714713785,71.58140447444484,43.241128141702085,14.211433008913726,57.910629867539036,198.0480776234281,Healthy
4.305389799274319,122.79686547272033,130.07069043595533,76.48333999310186,20.281138056894633,28.6455436224915,187.44314670736517,Healthy
5.384388240736019,34.04519723699163,122.40151843110439,98.36952496093578,44.241908147880416,30.102071022010037,95.82926076631877,Healthy
8.031006398965307,77.079888835791,18.833568920485835,139.9894757566447,25.307707199812214,57.05893885898729,6.124035205538803,Healthy
7.741298451918292,26.94904108901579,24.190551263544847,60.94078640934647,26.51438123457013,78.47720252687449,57.53935974681289,Healthy
4.922605096781886,14.263026979537916,50.069676942447586,59.93300272749213,27.450931133895537,86.69991447365464,175.32913096697158,Fungal_Disease
5.046746616683551,127.55687019487405,40.70414122469435,117.96237312071345,40.94364080318739,63.70511180037988,45.394938544813655,Heat_Stress
5.85236051395691,114.87105059249528,86.06793344187672,112.77043557638086,31.137489953485847,57.97991900373849,265.1507420793981,Healthy
6.422614925955107,106.40488625244434,126.38864668703629,102.35062344283679,34.278696275817275,50.74244547678042,56.443406355865555,Healthy
7.09127385765148,6.827284633839659,134.72081583416215,64.85214923726404,23.62947398921864,35.4359193950085,156.63133590357046,Healthy
5.844568197848862,118.12203097943605,91.50441335493171,45.35147682250021,11.018066650614102,31.724960225149175,153.60397373063847,Healthy
6.31267358066574,61.32617062675372,117.34228819615214,85.22226756187881,42.584051998499554,83.35171613294465,181.18368903889515,Fungal_Disease
7.7373546906687825,47.93531726142035,73.5283080323116,122.67126103842973,43.21946883207423,57.20053057698689,98.2302209154117,Healthy
4.183416014452989,76.50669054355271,29.16577256040556,123.72884414920212,43.22035686718179,83.22561963838038,262.0602603195946,Fungal_Disease
5.262184721720104,12.789453981297816,73.45637769308684,15.18976830986138,43.02904803263508,76.32664287205037,133.2904607925209,Nutrient_Deficiency
7.566747929422762,105.93051690933584,77.71156420127116,59.96903973384109,38.53346793743464,35.511673150670305,210.0460736209722,Healthy
8.476034188435996,81.54091076436143,103.94405898989793,65.06107386782492,33.96086175407144,60.82458113689806,190.77325829001094,Healthy
6.5583872105783305,26.12261356224345,30.783618559028874,136.86615145332544,39.557847139355,55.521330433814455,35.14682493591098,Heat_Stress
6.660567426326578,26.352507967666384,51.56345349214244,94.91972213396183,31.019118365036267,53.90988048725574,186.79180581078342,Healthy
4.53586005669888,25.79481122017439,50.963845690039285,57.014498416689875,14.702936486220826,63.40568393630511,165.2108033943288,Nutrient_Deficiency
6.237061834117274,7.9803342572707585,134.3215434037631,3.64810403798302,23.692635776449738,98.56655208603503,269.58121897677177,Bacterial_Disease
6.663086332275116,82.29178291203587,62.15229444574065,79.15392241388743,43.99532191905281,85.03204781365963,264.262990945471,Fungal_Disease
5.212352518173648,117.64874486239114,105.71315542174051,13.450636589369857,22.28982347584797,92.29699453043133,45.28643622349391,Healthy
5.346216154746905,2.449749958234404,105.11359339242146,116.82299402868682,40.37397698059793,22.371166654083005,24.5055436759823,Nutrient_Deficiency
5.886420815523113,6.860650295978297,37.17618587245379,105.35261247985069,13.262401477120434,31.226909343400475,88.37766576326062,Healthy
4.100355988888632,80.18783873617241,80.06175651204249,64.47128238714502,21.696434483141438,26.78109281796508,295.98385700529263,Healthy
5.610395827915891,114.72939595404732,125.20240506461073,60.089509135837964,22.283366365458285,41.05848040522213,6.4721329218950245,Healthy
5.057240034982724,45.7434446796087,66.52768072397292,125.62745517962762,11.806089008814306,55.35139935733204,201.86767187186305,Healthy
5.637486760889574,48.946015833081105,132.31645102795645,40.38416905853798,14.168301556536424,71.36425981247116,182.55412015229317,Healthy
4.598810659096256,83.48850964954863,30.024152105382623,34.86279469494791,16.760782389261983,60.06650130292816,193.97348413734505,Healthy
8.452636403699476,38.38980447738058,10.382274808364302,131.48764059560668,39.32354567835395,92.25471319305117,65.48576693122244,Fungal_Disease
6.967962267770243,3.7251712508757784,124.8035422402649,113.29441714548757,12.219069647893225,95.1884767115091,68.01520373995498,Healthy
7.395511595722448,102.93199253422345,118.67536771471033,114.88758302940725,20.454531547053552,33.08167609579671,129.19262465214737,Healthy
7.9458561930366916,87.59098781180343,138.96258263073827,27.327133998629574,10.356125090624364,88.2330336211828,28.757342120086903,Healthy
6.492210994645286,81.30583986779227,95.11508833573964,20.06143880033082,34.346971089105864,58.53777632106408,22.38396270568206,Healthy
4.434601440437119,103.83577805885524,131.13630973340094,3.644136974398886,31.710608151518294,56.266357705390746,26.50783604582916,Healthy
6.685532709092739,94.53231725868525,115.77286351177551,33.1858112486152,32.57437917185996,82.79514787876545,171.89375139187732,Fungal_Disease
6.934205590104396,28.82347834496496,118.21968663681216,108.38666884000547,23.103397465011657,27.451240723590125,119.32255706936813,Healthy
7.72719737092165,49.347346572069156,79.67981986359756,33.605378626980965,17.289373744364916,90.59945019353172,88.08503419718208,Healthy
6.158297731148397,17.6554198350075,53.53104370833952,102.07445970328267,35.21120746501117,73.66906836380917,94.74581389539168,Healthy
4.637901513977819,18.179981878503344,130.83813015605946,35.26715715143901,38.38912554592433,90.02092861263984,62.18499175472212,Fungal_Disease
5.418879528993623,94.6674044899155,60.496404586225225,55.340949713094034,14.851052433437061,99.55820621660982,123.45160059658046,Healthy
5.815411481993175,120.20401497754975,75.43471141495367,137.64272058759718,27.039029977809747,61.44035618858027,60.917420759990215,Healthy
7.229586206658006,134.78256174055946,62.456002997526284,34.273642379778984,18.70504886926019,27.46097583271432,209.41381268979976,Healthy
6.85389152334456,87.96859645692221,79.07456395442759,52.69188782175747,15.88374014221468,33.32190903447092,37.17975379618083,Healthy
5.780483629489231,25.774185270533977,65.8707110589258,42.152205265129915,35.70138597232497,45.88945940434479,284.47262537425394,Healthy
8.932576243964899,14.7910483628503,6.715458201126623,15.34749808620032,28.833392741549293,28.284235370776763,26.94568203818466,Mineral_Deficiency
7.028874096784436,113.79913601514609,123.48674604107781,68.58517989831549,17.566486633253373,85.22734609102159,283.0382142839628,Bacterial_Disease
5.186133958679973,81.02590669039989,62.21513464820777,53.01669286662032,20.850000392404077,43.74942808262148,249.988491456122,Healthy
4.508912363102018,86.55990294192078,82.45211079102882,97.28419201301921,43.83287849647098,98.07089504158922,204.21363618401412,Fungal_Disease
4.7642956959216605,109.40469242565929,19.486292386118183,114.46323657321646,39.70378476479948,76.20731455454846,273.6904966696451,Bacterial_Disease
5.229788641922541,98.45881188254323,0.47429871756947906,76.19496002938939,40.798136000559495,33.87442962044461,41.76563805521306,Heat_Stress
4.803406866297778,116.82415539985354,34.34061311011001,4.50749909222716,26.10042339782478,58.08341175551522,52.894432256074595,Healthy
4.932835120256529,7.869946764382987,98.64204449866904,86.64912987286102,31.833254237230626,57.350737730665685,75.64577761764474,Nutrient_Deficiency
5.425475843469235,104.65288914451068,13.887234215803003,7.754702202931487,23.186870907154407,59.40093266669071,73.44345802976727,Mineral_Deficiency
4.866867976473774,119.11938602509336,127.2442416541055,86.28988530386349,12.719919149111169,62.85529365143485,93.25448127814805,Healthy
8.483827123132127,40.05890594416401,30.103159709865842,95.90419289768639,24.037425872987388,22.493846585418467,172.689269481928,Healthy
4.401168728308211,89.6626183590554,28.64310600084861,27.68746786645258,30.789326362250065,74.90409005948987,8.451783391531386,Healthy
6.622556947851273,43.98268893717609,25.411114627009372,114.70846082104795,20.0500494768846,58.97534202307546,114.68177851199273,Healthy
6.051984134948308,134.11594930754356,1.9574398159910644,127.5519184203668,39.678270115459554,83.27723190949592,73.91553836777895,Fungal_Disease
8.911893084543031,4.6793001409705255,108.05276558695284,113.83217497593475,15.288505571110951,85.22796586083444,181.9889544158166,Healthy
4.560194510840262,81.1709981366137,122.5048343743362,42.715286629691505,22.849518130292196,38.44280975933739,295.55079931546067,Healthy
5.989277995228708,23.31049658693211,85.98277836626784,82.13002174238882,14.371636686347102,23.873835714142224,155.2963836550118,Healthy
8.847352166376844,99.71082872480221,26.347997435180723,128.07412088677188,24.169124689482885,76.2587084889858,127.70557173553014,Healthy
8.327535629469901,24.62463967861269,39.93891957172316,44.893061671198986,11.388145674099466,98.22102307710995,110.47306354353485,Healthy
8.085360354746399,32.95365666577006,66.62973763109486,114.8038951171595,19.53922882715759,55.732638926472085,235.48476566395732,Healthy
5.2895141352246995,69.21191354640614,133.6084332272621,1.3265183766375133,24.02573392897893,40.769024767487664,21.594279495218082,Healthy
4.854437936950329,128.07689299956294,34.629192054483994,0.5105383898546778,26.735787714684204,32.533751566678475,287.93115433803644,Healthy
7.343216099622155,29.640012100715918,102.43042654878433,106.35963244745544,29.029372546629965,42.9956477912468,125.37536579641367,Healthy
8.646879945637929,20.193602956534495,61.52275126100884,106.60266149779696,19.62468954264716,46.233564109715985,94.1102177475339,Healthy
6.783814465069649,106.25675645956429,41.698628770403054,110.45680629932113,28.306446711520532,53.909979474757165,292.22043491991036,Healthy
6.858063447349499,70.08673452675033,63.82823118309592,130.20375730434273,27.815161754672094,72.43256985716692,280.76365897295995,Bacterial_Disease
5.399895468301421,127.649915733448,9.968940455772554,16.50688365483979,21.066231780667295,41.85304448641816,192.5802419297163,Mineral_Deficiency
7.847464665959684,20.52603800237792,111.81623193025075,32.47789789771637,39.05701157297674,24.078141077494077,5.552212455120397,Heat_Stress
4.935218742787617,90.4299050232255,34.062269917615396,126.52148885233306,29.09743943077478,49.862288925817566,224.56049286197154,Healthy
5.618396182021218,32.60308046125411,101.55769724701587,24.813067688129482,21.629440156129075,88.45036929272607,100.6672200126004,Healthy
6.127182193082084,21.946460011229505,9.568772002747261,95.51209746072176,43.156847922827176,59.868120868150704,116.48406925627833,Healthy
6.538051893422275,95.68011812201787,133.71379786319605,74.26482000571416,39.57893445749064,97.18270061963278,47.62263869321658,Fungal_Disease
5.212048662075401,83.11584678722265,27.022097956797808,11.647114759211014,44.39057340431303,60.289722487098544,157.0374251594698,Healthy
4.574184123696018,105.67584417072638,123.58389066899126,39.936912671814596,34.228185612589726,42.07190535374782,223.36577886112988,Healthy
7.053100212208163,43.32476070246553,113.32624934616082,72.85211030173551,23.237801692711642,35.46511977961717,81.90333542792054,Healthy
5.443152766201279,62.71603189350659,135.50038937139823,119.32901633573677,19.83012333376543,75.56195974284611,281.61987241301256,Bacterial_Disease
6.906191107113061,56.766034686258585,66.90469253240495,99.05538854605432,33.216124528606834,62.91050286219491,58.4210568008863,Healthy
4.771813576371011,137.77252495531198,101.83562113843321,87.06364260369062,44.32858038733563,68.31991431963532,19.87870217833001,Heat_Stress
6.405700509274087,40.9148539435143,51.89949198528977,69.44460459179807,31.935027803634707,80.41014314673049,193.3091620049703,Fungal_Disease
6.662947162757929,41.274413368547364,25.811553322757135,41.8157577339788,40.85652293464434,78.07227714119144,254.79561956401403,Bacterial_Disease
4.259117684112135,49.63674923600503,62.030630610682834,16.694287584696564,21.518620086671902,23.46906401345816,285.9398577922537,Healthy
5.683021390969603,79.043171380645,23.204862154383683,57.27064483925338,24.243382386598945,84.20575242360226,230.15130315495566,Bacterial_Disease
4.672073384694871,35.32518419692433,137.48624719009376,3.9925891475809605,41.71963338562737,62.61626456413691,59.895003451821694,Healthy
4.3168748523638385,128.14059165309834,13.474508759700292,29.547824497359084,36.49033456852366,51.33668246518181,293.2983554411191,Healthy
8.949801161949726,37.19597908127689,82.48964128336685,60.54767262217238,44.3493612128767,63.00155410144563,275.8307628086528,Healthy
5.611769224873615,125.41420241842725,87.70493973556782,58.60472599406811,37.116747340628464,68.996115876586,48.95022682873423,Healthy
8.049372229273175,14.486508910521852,75.3311360023676,6.201360339578937,25.698049752638113,31.96050478990376,167.63574807459733,Healthy
5.273203273818819,91.91877833595132,92.7060239996567,82.46842149354077,28.58738069378271,53.3932316261156,166.65522777929365,Healthy
7.407513611119646,126.97797258135412,16.265308501664734,76.95579581945307,41.51804223620978,46.846896815054706,132.76043343884126,Healthy
7.801139299448433,23.624921375752134,77.70259338874075,10.934602562927797,29.307635763431676,48.03271558544307,295.28439907790664,Healthy
6.978193703039222,135.5657744138957,40.20975995783061,132.0428273444615,18.938908095755583,27.306795072584656,17.88667115406636,Healthy
6.357880942750792,63.40367045817164,131.62464886214792,13.913589053120416,25.246693446948232,32.78747904001843,188.1626725330754,Healthy
6.059204570736343,132.40011518174342,106.6900314815616,119.67678117322706,28.071059609719125,32.94656540689771,61.59108680364302,Healthy
5.744341332714977,94.75480610820658,136.15202750236398,0.04336246810083155,13.385194174289534,49.85797945773182,158.1993614192879,Healthy
8.64764572123913,42.22216178229721,5.257849763626536,123.51935330635364,36.031693598851156,91.55932358998332,233.92223153625562,Fungal_Disease
8.153097038938645,26.3623534883949,39.918644525299214,2.760762508603758,13.827387667424055,36.482189753675414,74.0180409505639,Healthy
8.825134553332562,42.52290647151391,27.35916212936886,106.09368446489624,24.1721199679082,53.29540061398436,118.00786394494456,Healthy
4.6214861174277235,13.022437296774498,1.56164222365627,50.63671358203541,38.161785453914156,44.92875322393103,285.23042228411975,Nutrient_Deficiency
7.654337376018221,20.141515288066167,33.925602234485,103.35035201908478,26.36496265646539,82.99066500410704,228.44422131609286,Fungal_Disease
8.691702284105189,14.65246164850736,95.02863769286004,56.24432875949699,39.47054319014778,24.010114585665292,171.81695535355067,Healthy
4.9061653308283,59.212096123818085,32.3524490988396,9.927109126457843,21.965846271964026,35.72347164287123,66.59921634201503,Healthy
4.3324813368338875,111.3809726760621,71.26048236756655,107.45093735535097,43.51727028994524,36.85132338838355,127.59163124327493,Healthy
7.705603246450295,19.79369759028763,124.2945360950998,9.975375944991097,17.331395113183245,99.4370240250585,232.21839571497682,Bacterial_Disease
6.8723655658995595,18.244860644127023,97.12610884887053,129.0968610345705,11.339245074625545,65.66200143730428,246.16292343299284,Healthy
8.209143883791361,90.08005293242631,55.248069786844475,7.136365010832593,40.53492900466465,31.11666115068146,73.38185944271967,Healthy
4.698861883131448,27.60561747552928,52.145651447695165,67.10553888801216,36.32709505826429,41.77593114212524,198.61806312510578,Nutrient_Deficiency
7.976336559299451,13.665405335258825,63.803013961187865,101.22482031911139,18.119434297358048,33.42576752983394,28.500897637019975,Healthy
5.008136600238723,23.358800948780868,24.785801748386895,55.054505070885284,44.46595624978359,29.96836556955584,6.963692235139329,Nutrient_Deficiency
4.818279714328522,129.32239542274866,88.76010743823834,30.412686442940856,27.579804524398472,83.7745622726314,164.60217702990636,Fungal_Disease
4.8213289896549645,115.00597538866671,50.98139467464477,106.2727345954438,43.287290405045724,59.66021029282839,67.31395628412862,Healthy
8.07287360115691,49.56903872971317,119.33114889668612,109.8012586704217,27.676006998544977,70.4968109479025,23.67360937263986,Healthy
7.325986103481001,91.81490742583499,105.91737240809428,129.1772977536114,26.515610536995187,46.500099759359685,218.948493868569,Healthy
6.615327123845597,75.21859431352533,85.47184297290241,52.66311546035088,25.719848800056276,64.29560688538635,149.3923765093935,Healthy
5.794152420617513,94.79739688755895,50.98831117093225,70.87524282962576,21.720634664653257,40.60552260189577,238.88310328753514,Healthy
8.386002704065541,95.57396134478631,29.390456434287813,50.83798199845008,28.679552401179308,44.642901994258786,199.18327190416707,Healthy
5.962225537113177,88.02276210839901,108.6612609747872,35.991455059191544,25.839413168199876,72.17903554933864,218.941481974647,Bacterial_Disease
8.082997197357885,37.254191595223205,68.09727385875212,105.1446146152652,11.286140681824396,32.02801007353842,92.20817438876995,Healthy
6.195674542851092,5.460898906794538,31.46500534483005,47.55125830237376,19.115233169822588,69.37774873339694,78.98274770497092,Healthy
5.884722147124538,63.77934947861523,27.32444610560087,59.94092187892929,17.459298003694546,88.17878531385018,180.26246762857838,Healthy
6.3133989283480325,124.73634385669854,23.156126630190265,56.514312067363896,40.36024608123733,29.633858094461523,60.02464211942531,Healthy
5.50688937082071,79.72961619260063,108.8025674687833,99.77257159054442,30.96044920293945,91.79690244559832,244.62363468960632,Fungal_Disease
7.738046900881256,116.53474583826711,32.058205942043635,128.49138765549517,36.72890851574046,26.3556544239116,156.87605069227158,Healthy
6.513601950462395,138.82740801457194,73.72991689352764,93.34584858303282,43.48891132122482,47.91273815646984,68.09697970432829,Healthy
5.161063475734086,22.906268579358677,63.2164905362279,66.02156345319256,32.54137453842435,68.84074521903956,187.55046969897253,Nutrient_Deficiency
8.497872866372843,96.84886947987752,81.14552589195975,109.08871606344368,44.39134969916605,64.75318080948296,283.51072052508533,Healthy
5.919456106866057,94.40110031800344,122.8016860519672,89.73598537709925,20.911741807824537,27.711285799554677,24.628417977232232,Healthy
6.717764305569943,137.19376263015897,121.48463461144229,8.485449996493887,16.519351380951285,83.91305342286824,32.80356219405088,Healthy
8.532360554822734,137.98410275339205,63.15065005548035,13.392902098637832,24.1158460797519,97.85226345162022,253.15174405900197,Bacterial_Disease
7.1211899795699605,96.13500564137813,2.151275102861263,5.308372170308666,26.47797952275328,34.49826313470161,32.878132370062076,Mineral_Deficiency
4.5844902035418205,34.1060708775072,59.702132800002445,63.95428566888478,41.33765399984048,91.61047758523702,11.81261080589634,Fungal_Disease
8.699160618067376,111.79781733828386,84.86709523937965,115.61948080745508,29.597915366283672,64.54475536894005,104.37917431394187,Healthy
7.138540265357089,14.984078789545334,78.08706627372865,43.83164370918929,20.226334979630597,94.87470169962619,140.01176547647927,Healthy
5.674528073285431,109.29790258402802,91.18705481202878,53.78242563294744,35.99219990036323,34.08687667334089,170.83333100720694,Healthy
4.696360363316936,127.4274573802575,21.570602546231687,127.32679517150468,27.704117799867483,83.36171145435397,152.19006976927494,Fungal_Disease
7.97012594635148,53.596675267580935,90.51491382930256,117.16648234433168,15.674618084630955,24.78252603562649,273.955368797434,Healthy
7.100363779642567,88.28894129763127,25.571226624128112,93.1067357335584,30.188692565693827,90.65571574421811,230.60043011749121,Fungal_Disease
6.667305459881607,60.21998249355568,105.07335729754486,37.35252949291518,41.89880878825494,73.9327537759707,295.14307675851325,Bacterial_Disease
8.469462915254788,61.287107698337984,47.4722658567752,16.38580757638209,39.4917916116537,49.620382713794406,142.93662696759668,Healthy
7.9429860561226535,43.451924475136806,99.3853606734035,2.24823517521592,30.53834904223659,35.23734587982801,25.298882951753676,Healthy
4.758374398663756,106.69814686304545,6.701183846854992,14.981494164618923,23.197911085974585,85.32264788537638,286.6591928828624,Bacterial_Disease
5.558610338977741,131.06471898331074,57.10040358272787,40.963502107351985,13.044256287247391,68.25930571158493,1.2339484767292075,Healthy
5.242445699072329,131.70512029282455,98.70483311686658,77.2506089011294,26.43771231660683,48.83326823584011,232.8288041517145,Healthy
7.719731462863384,24.469379882490735,31.76187228640918,8.960011585334165,36.32278031353527,55.5068659842013,9.384609231503838,Healthy
4.167662173678897,122.46411095191924,111.34018627161116,19.07188896458286,22.60958019065537,86.12341248579013,228.36425719549152,Bacterial_Disease
6.8494484243565825,103.2404017997971,88.30916263469048,25.351298323111745,18.240638894308255,47.11417546854942,281.38168195441625,Healthy
7.812293428703453,35.3972360966405,82.25864810097177,88.47749301766287,42.59829017448337,27.170614248794294,116.77808919931405,Healthy
8.383828183808747,9.419845809012038,49.496839588607195,86.21057185721742,38.75444951602974,92.90257377627782,72.2894553659153,Fungal_Disease
5.710408743579538,37.51961736381291,67.54320585335645,77.10720169210141,32.33964667970506,50.98749917264277,67.88374575354925,Healthy
8.106286523360064,127.7091531494136,83.62890213689944,35.07019945743154,14.787417037218178,47.87100088921708,147.515293245061,Healthy
4.553158684776037,88.64501448540813,66.14469594808466,51.95675677062248,15.071809414216055,36.35196951007515,51.266110727037464,Healthy
8.23226145867259,100.94765252570205,97.76386535167842,13.536560287284026,13.612685700952264,91.79380569826765,201.87708919791362,Bacterial_Disease
4.637443311659912,36.00132915527342,60.71757063497434,31.704484526127683,31.57038334124601,37.40042669502671,110.50570724651247,Healthy
5.986436452801836,100.71434178047484,28.318245443884248,125.67873170616126,14.04469787656676,70.9338294401107,96.9328477209777,Healthy
7.986476828897768,3.937010878909326,29.950729592146615,137.156844501016,39.491951960192154,90.46120092864824,138.38567287693712,Fungal_Disease
4.749587136743869,52.54498840822193,0.812527638011753,90.67234198964125,44.75377506367627,22.793089168257392,162.77625073192556,Healthy
5.146256976163207,87.74546879592637,42.13408017821414,128.35526088327882,22.822186464803284,86.30333642401565,42.57907867763874,Healthy
7.611262841965331,20.45351917578483,104.84846966699274,89.98386605619952,25.87844464384841,52.84795373518196,212.329009139053,Healthy
7.600182682730372,115.22050042257086,111.18277923726534,4.647508054765783,34.908351194498756,72.63796602121695,264.8841299715979,Bacterial_Disease
7.205738164426487,32.90438183366861,28.345455893405003,139.54676189809726,42.8003552214018,49.79236505804431,83.39607486035453,Healthy
7.4697422223355,91.31935579458248,134.26615956199709,13.853322236114886,41.29328207447348,75.64130050779951,54.11727054884544,Healthy
6.713622216737981,56.72759996054616,70.33639108721775,95.5698522023085,12.0157140062447,40.34359316461593,228.15162711571907,Healthy
5.258995294534763,83.4461033668706,128.37702486259036,35.397068430470604,15.917513089486775,21.754443394831704,55.06251712969485,Healthy
5.728479967519597,15.043077368047138,98.94713946062836,54.87735580697442,36.41090194952273,95.82300118303628,12.376548108886986,Fungal_Disease
4.9079885840071285,2.3677919890250254,101.14067922313784,90.43078587213135,34.11125878113565,21.309421123206622,185.77296611483368,Nutrient_Deficiency
8.542252806668142,127.33901983324216,11.906106982849957,61.10822890307899,14.662650791404314,85.92794317068056,71.92542489160508,Healthy
6.916958973830602,37.74820122740559,30.798757765570294,35.076448250357956,27.57226037005487,33.531007465797906,51.54312267856791,Healthy
6.0042570838181994,114.75478038926427,1.2340766612261689,46.82246616296546,37.328512087985345,51.37761828816223,294.48082251435187,Healthy
6.310029018220663,139.90904206610801,100.25786966674325,47.81673636924469,17.657323879194276,85.79939012048446,87.5594950199183,Healthy
8.736416698059077,29.600376119847564,48.221360379991395,134.30534663114992,40.49506725071332,36.47457202498763,271.0329870646607,Healthy
4.766757015580401,37.12390376566978,110.13135225068855,111.80582222928314,11.854012118712879,89.25660844200286,53.46562976658129,Healthy
6.9311491600839865,92.8003702688532,47.45107079118368,64.19682800711601,37.37682797738259,59.82071512815211,245.69313961873056,Healthy
6.52944339442233,135.16280884408698,114.70672532184055,27.974928847790977,31.55366149264546,49.292277017382126,150.6056619145446,Healthy
7.057271177173239,128.21400874670414,18.297755524763822,113.54225543677184,21.03197713290222,72.99501973890689,23.578430734798584,Healthy
4.090550919104203,70.40257280918189,24.272241946051146,22.00554602517229,35.232639191966896,47.3111777584766,220.08158809307173,Healthy
8.360619544720757,111.31543955374146,47.72271554175111,29.464710399880477,37.382802830290586,47.78306871970856,267.622011520434,Healthy
8.660591412418063,19.004419433986147,57.18823444351826,51.241874857621156,42.686463995638924,78.68211127506426,48.905097100656455,Heat_Stress
6.825665917946044,136.8413457885617,48.818393518016975,123.24874741927862,22.87211352539923,44.78657796312863,217.6770727008526,Healthy
7.483254119384461,135.0094527650381,106.91058455325079,18.450133608775438,34.01058575929842,36.061811868354006,133.51575572193715,Healthy
8.612496905886479,22.922054103083937,13.573194967740058,17.112786999633652,31.09156969271418,84.61169023972576,226.1611359770155,Fungal_Disease
7.536193171566993,41.91923747243493,49.17038274938833,69.15649836273724,28.382212430998095,84.42968269817854,214.1783844555917,Fungal_Disease
4.762695214571306,14.02169965094737,117.21359993216431,38.69747575311445,41.164576595426325,59.80685629654954,7.980069138901625,Nutrient_Deficiency
6.881441800834066,38.04046384574516,9.351590816704078,79.62191183074238,10.11085599484401,62.13244929303641,53.61631079014655,Healthy
7.03357523191428,114.23381051812893,131.92809107399003,63.229135855651286,19.87390621362592,75.68613006141109,141.3081728796823,Healthy
6.12065335651193,52.96418500313633,138.0843579180818,60.894274889170354,28.839703384069054,60.74194334099467,280.0782515736241,Healthy
7.682221178123614,12.375575400546172,12.399544335511212,15.67621586817906,16.24026415727933,53.3631967175386,102.62203702644045,Mineral_Deficiency
8.671835073845074,47.91157346904664,40.77815311580318,19.74695663497762,41.77532868064654,99.59153546373966,188.66204108405458,Fungal_Disease
8.627842564533882,137.3936667937792,52.13609324494986,114.95100084255901,32.66582911645554,31.811234228204714,3.6251236543286436,Healthy
6.254196857020661,88.15570333628841,108.69479161138165,124.02358326004422,26.725904812119648,67.41823833918885,213.33807646408323,Healthy
4.566190229203777,58.262532496862086,83.42975369634273,32.855694603935035,38.51456156733291,90.86904208605281,180.92047882584137,Fungal_Disease
8.924205994811674,23.3153918896178,90.21119806895943,15.884470213467667,25.78101670127863,74.97720329448919,214.61842398472976,Bacterial_Disease
8.19449043222967,138.06475161971727,106.05137519459083,7.478334070831485,29.552855417550333,90.47386392705907,271.3981839074835,Fungal_Disease
4.623313406016334,114.91886129683803,16.517059921183602,85.16166592386556,10.096284844387235,46.90677762837381,43.94967993534301,Healthy
8.604209413086862,39.40682234312872,116.64932396743673,100.14944975002878,22.799518556827575,41.75943810081914,78.47687880242013,Healthy
8.34948181031064,9.809617400966523,98.78677258522016,52.19339848844877,14.857666532283941,88.10179095216837,298.73426765044263,Bacterial_Disease
6.5941902856303605,7.927578032858125,80.82784152749184,95.15462144868954,34.139103823180186,51.52916609483684,46.885187552888084,Healthy
6.9563771787246464,16.852940930774736,124.56294686962794,99.81423417833366,26.76594356415068,76.7745858445849,216.18810195780787,Bacterial_Disease
5.9950135193506515,81.30760170601903,98.042889543733,130.94791939556674,20.561514503758076,31.819886273129143,217.52277315327055,Healthy
4.273808194110156,130.02687896876893,28.237994768343558,9.082309296915014,26.374131878010985,80.46705003013398,204.89812387067082,Fungal_Disease
5.675986208229505,69.54407992083783,60.164353350593345,26.92084125235117,17.337046078297117,63.91861192198955,68.2321767943733,Healthy
8.014267242990057,118.0123675438676,69.16600137100266,9.593638263578338,42.37803213701492,41.48893119283687,64.54021896416123,Healthy
4.023160115023014,62.42412678037309,7.7304677450567905,121.51915066705547,11.889042139281955,59.560317116712405,199.9023204104364,Healthy
5.667495858455721,99.20169640749553,133.6492518704078,110.9622024046996,40.289596235364215,75.75549006717628,55.87505533776481,Healthy
5.990843467954717,102.46218322011012,18.000816511562988,80.44988988705747,27.897557605667284,20.950912707790692,198.46899952216123,Healthy
6.686978014689615,24.35491882646741,97.64457741174176,11.712877407165642,31.663127364858603,70.99736470513035,147.75848460759542,Healthy
8.599278082063803,50.570248256613645,70.87234505272322,38.263730211520745,20.591196731804633,63.327262261861954,115.98866029481523,Healthy
5.7317299718298065,89.22230191532334,3.588514983819162,41.68077872819237,43.83441658780124,37.62289341973861,90.06970481338372,Healthy
5.734766009481138,9.897525145811265,129.46464662101064,78.5040474421584,19.864783548182142,80.23848591809573,284.273079996935,Bacterial_Disease
7.687506240548742,50.61562628681392,119.25715323465064,36.126145165140166,30.610729899910652,44.27687877065609,152.42809732283627,Healthy
6.261089704449036,74.87192527936695,73.39610990653698,10.214380947813677,44.76958467874951,42.14887452372518,168.37558875328858,Healthy
5.12302411469991,139.4714290262494,32.051927059522335,102.3067222594619,40.8383038734206,57.697467919945815,284.77682540603564,Healthy
6.262197580663467,66.4346987671417,17.027204695213193,41.871229631757586,28.771543885013713,74.09197427378918,196.1631954291401,Healthy
4.704285101898999,114.2479459960053,50.87494712049772,63.332384783262086,44.663108303852425,94.30767807010035,287.35587832704823,Fungal_Disease
4.8819349325311165,60.489419909326486,35.75995934645267,17.87332889752275,34.54794516064151,31.308579450568317,31.910022156809536,Healthy
6.4918388636973985,111.49470116675924,70.93676814088182,112.35676247524114,17.304514564963327,51.71744966013869,253.99188953172117,Healthy
6.094627247522739,83.35807222681518,135.29730145728004,79.17446276936806,24.195867365253225,25.359167401010396,100.62438840692725,Healthy
8.5742295053405,124.12336181033577,80.4934890521498,126.2219876693808,21.707266690404285,80.6840597977394,243.14625752110234,Bacterial_Disease
5.811969495583165,57.531957329015384,124.5903478246137,69.36601882914667,22.04047978949162,55.81863117450886,256.6909872584936,Healthy
6.902941751390217,84.60261877500704,91.12303724940881,131.79959405450316,36.61597537759532,76.55433081505481,81.44636584276674,Healthy
7.161321439597652,88.20261528663583,66.53451372220806,124.86154861338564,30.449202454547777,45.775553918102986,122.64918495464367,Healthy
4.065472282941668,58.433611852066264,119.64505878267197,80.70437990429275,11.3332449056335,87.54537931250587,217.80430629447122,Bacterial_Disease
7.317686860083553,20.20368611624741,65.99153542421965,130.74508134098087,40.71069692778416,62.78624625920918,29.7166892690912,Heat_Stress
4.890179834348757,13.098316967726976,121.60794387145054,45.23242462123732,20.38786491680576,95.4886257458924,226.660060301802,Nutrient_Deficiency
8.805351587347277,2.334017083948634,40.82074774060714,51.18990277858959,44.89762069196003,26.305171131522734,33.141877816423204,Heat_Stress
4.7433136387655646,122.29479699433004,18.033830326818336,6.36691318284517,43.3966755617175,61.14214596336595,274.33671968041745,Mineral_Deficiency
6.0731206186351185,33.10648771341724,119.74402501081137,82.48812694693943,42.91857508386878,81.3164196798159,82.90178798890602,Fungal_Disease
4.426748340393219,29.610944899447528,82.23812293097335,101.06935579005068,38.38946614223908,68.01221184588917,172.67980406020675,Nutrient_Deficiency
8.984371259229738,103.04495605964917,124.47293575485442,108.29268663389443,17.72146660892399,21.85553123414742,35.14605002288184,Healthy
6.510975051656213,44.80225583223485,131.29580897893365,20.974280046454464,28.642146041007372,97.78709426751047,80.8479463987436,Fungal_Disease
6.976925086600219,70.84625693765712,7.5079746520028845,62.182270123750044,17.85059193887411,43.86109544607187,121.18651304613162,Healthy
4.335382386942137,22.75154914164388,70.13570226024157,24.76084969314819,19.08864094561322,39.94222930931056,146.1146630049043,Nutrient_Deficiency
7.749802351995889,134.3644010046757,52.49503687043409,92.69782883959483,31.38331193026971,58.85279004852636,0.020249293972329774,Healthy
5.049527965477929,119.22139600241323,87.6201755898164,22.112492139047536,11.429174087357218,63.372648601867915,266.5967287141405,Healthy
8.490271447203568,120.93054721510046,111.1027676083253,126.58291575385049,43.93104983872477,81.30305100718603,2.3024428676631348,Fungal_Disease
5.025698202410036,56.94832480008073,39.282630236411656,32.288850392597865,42.15356104022875,51.46189261271913,232.1053688983275,Healthy
4.953438603318332,106.7305699190042,77.95177381224403,40.79631728035428,23.326865025520195,55.196830116976976,141.17367370691127,Healthy
4.182748339240474,20.14266175456922,99.22200118668594,119.12688510113996,28.039785680241955,62.796793274706474,157.1640074704129,Nutrient_Deficiency
6.360334725549996,1.206660362849239,18.820351597002762,64.18546542040133,26.314179674371566,51.550967979331254,62.47964380036226,Healthy
6.824205666313082,2.7962105609239374,113.96936683317736,3.3594324120102237,40.87699225161144,93.16384632809248,182.21050510371123,Fungal_Disease
4.328543197141762,82.12424323663846,84.85534397941623,69.2420751683704,34.101065671063886,88.10015733074017,161.16957275083564,Fungal_Disease
7.877638083475053,63.75528673471171,132.93524119591126,11.836066953217227,19.733893659852477,56.397895606230264,49.27092198608861,Healthy
6.266444173740138,72.52214884719277,47.53404867829706,137.94826061622348,25.63944390628539,20.01558898698537,71.43570040476574,Healthy
6.6219513466379,1.0448396584107167,15.14043192720781,82.33561986378433,25.01380914903673,92.07475964234246,20.07108870373715,Fungal_Disease
6.203813734691141,59.1761267520396,70.91016814516955,35.914566465536986,43.57673088993715,29.94692587515722,19.885071626835803,Heat_Stress
6.00381530437663,100.52954256812052,12.013508039321438,78.92047513666648,16.135881868012387,39.560993215523695,4.13273578572797,Healthy
6.79820165654109,61.97711827544102,135.73371326536096,10.761394473445678,13.135171805305017,32.18890274923186,66.14229764492514,Healthy
4.776201229653562,102.51068888371111,5.415894156006815,111.98478259763439,40.82165912565916,34.3852455984819,203.89836821911672,Healthy
4.909640652476355,32.62265501555687,105.49054615502313,129.54592754098292,41.38400963270548,84.23020303118678,94.86461644270689,Fungal_Disease
8.308928105067587,113.83988062744156,73.51433573991416,122.42221434886234,40.51086807692577,66.36011533327394,102.820280960213,Healthy
8.730577310668163,82.38037366348333,51.60689134976042,47.84606432179879,27.884192046894473,96.48761305002787,39.57161797663341,Fungal_Disease
5.866546581398765,29.50683392018687,9.217903031211652,45.60753675007159,33.091054989431115,38.51628098589732,172.641200296926,Healthy
5.3537233657177685,33.14086661953661,87.10336938430508,4.912265570281999,29.717706664634434,58.85079265049872,102.64309246402118,Healthy
7.219997716195079,87.92426503973519,81.93084611473374,91.19605021812833,12.430673911904032,98.1942695265976,202.89504102906443,Bacterial_Disease
6.043670855490482,116.19154304974207,39.323658229463966,74.88666978657129,30.854221391525286,86.11548114198158,222.43784065276603,Fungal_Disease
4.126931778301724,58.18788948408172,127.4310381974437,64.30849198582779,10.476495153963532,78.28925432963929,175.40786257451464,Healthy
4.780762986830952,36.16206007786291,42.57540102799717,127.06833346685897,21.374559334498016,35.11801610966336,82.82086104361088,Healthy
7.579861144236988,121.38162496748406,62.96155748289486,23.503046151598483,42.63024015556085,81.5524320727773,152.5823398011763,Fungal_Disease
7.294619709550757,93.69756084511688,76.1267438286118,1.3532773366255268,20.641584437253265,47.80520980767342,75.579241404691,Healthy
4.135479962517417,62.73196821963071,14.032462944680052,10.26430329690716,42.89393249254868,62.44295176374061,270.87385060617544,Mineral_Deficiency
5.109860809664747,68.30602733910226,130.50264068990853,31.272001295831647,18.754688500223548,68.73289704316322,229.91572502476717,Healthy
5.155373982940357,28.595905511095495,52.435061343145755,4.659976896883973,21.009678416153637,68.74909692194032,147.90177180166987,Nutrient_Deficiency
7.359463717993642,87.75236820907816,11.309089942408106,70.39811949003897,31.994262375349372,78.1218777530813,289.63714295344397,Bacterial_Disease
4.098552688771821,50.22395147600441,54.220764314546194,43.97266373270092,36.656944047625316,72.93616741137645,164.0266340190564,Healthy
4.520542909922869,139.3903247344089,84.0283565929613,25.267621129538572,27.548571880170943,25.469670344847188,98.56064308708446,Healthy
7.999580426865947,67.22569213666429,71.91137405498614,105.0117704928127,40.87404905179544,56.58776207592858,28.640190238214124,Heat_Stress
4.892723310271668,68.02398486654585,97.23587636521836,28.623185672554207,11.408414756371673,73.12172853759834,163.12369344402407,Healthy
7.263730539259374,79.21925023749407,7.767751889507489,96.26471413913106,42.27681935220297,43.679438573258295,258.1249834744037,Healthy
5.190913905233632,128.34584043662454,39.83568543808786,48.89708681866945,16.87077299633928,45.04453497731117,260.0156184469346,Healthy
4.497206963796726,112.11453398036504,114.69228075761431,71.65588649275763,40.948356077962956,29.965403820369243,181.3701200048245,Healthy
5.215860954997271,63.1582097716978,11.18511629079052,130.74138557918477,24.030211282023316,53.48919887798843,118.03150897026383,Healthy
7.611334659278295,100.61789723619144,119.76803365743406,5.229228874213796,39.14649695548632,98.94643474449397,195.08889242720394,Fungal_Disease
8.27848234053143,82.07296982930663,12.865452890794876,70.03703104684466,33.50829424312933,42.825548903042986,228.64210636771185,Healthy
8.151099322834957,68.93138681817484,116.82359008483748,119.61921444586655,16.157957136739174,62.51495141488785,123.48743531823786,Healthy
5.985917648092274,26.92420818980907,50.51037615102173,82.31639477184879,42.131664945850694,79.45898022232674,142.87625076447762,Healthy
7.340425682853231,64.95107688368473,85.70926885601021,38.761872375121925,18.59310866709609,21.079781670741653,204.1848922133829,Healthy
5.024921477079105,34.41460218316045,21.404196190719745,55.67535892030481,18.544904154324968,92.03516476786392,262.99578183082394,Bacterial_Disease
5.465738651305067,128.07790097923166,9.263621041525319,95.23718802200044,38.49626138230832,50.92401477799508,237.30311344268247,Healthy
8.4816790926056,46.956953889488574,30.231348562818912,124.71366520393242,13.705563945038236,89.52927893687858,6.7174107961046055,Healthy
4.06500961755368,133.31696203467212,17.899534507217375,5.749292324525623,17.77125672296611,23.11581271195824,37.31170313537635,Mineral_Deficiency
4.42754265427234,74.62774061325956,43.73682567514845,10.015435064652698,27.628715069737183,31.65308414909407,255.83345408565654,Healthy
5.039431275730137,88.41621301466245,72.01365451154282,45.507213305342255,39.066696004031854,45.80235635820473,250.14684841351007,Healthy
4.132661019369099,76.01166222850588,82.42632489910133,32.58915582124706,15.161939115804362,47.636941845062296,116.64203494461276,Healthy
4.907177175448987,18.113286375338124,110.581535033164,37.09032407113684,29.16838820793212,87.82353784224132,175.28337670729968,Fungal_Disease
6.91520780484846,52.614970661111734,91.8735850547702,30.97779980762333,34.893420713102884,20.896089231058816,271.75349472859386,Healthy
6.10712275296249,13.880455718867351,85.22616551813742,27.41550683972208,40.1208328650583,71.28894211757436,273.4676043021289,Bacterial_Disease
8.463358555384874,87.21356618567344,57.64948384800845,18.28735536170085,42.74479460707769,30.50499489428402,234.92785372826722,Healthy
8.087217808692204,62.56238732806145,66.33318089441941,130.7535784513333,37.46239700641264,85.85725205688395,62.87668150790368,Fungal_Disease
5.70908675848938,108.91789601993115,58.03291611462535,20.18652494686143,32.84899393777007,82.28586127663299,219.08484220618348,Fungal_Disease
5.297117167156462,30.865867339911777,117.90324420859363,28.616528467175065,25.176702985946804,59.993682192896046,30.329529704116986,Healthy
5.898462040836335,23.03924818010689,32.20006335677598,34.47720135731,13.923855396594687,37.014978040990016,268.1815378363707,Healthy
6.951474712574039,56.886512334927495,0.8009304158750474,130.62208223825888,34.840801738393246,70.75963127724451,44.74464107361435,Healthy
5.340318204114381,129.72195365057337,91.1847856116735,105.79997870415187,44.74580565664204,32.50066541261165,198.70459203343526,Healthy
7.1207445392456705,99.45905410173765,28.344705709436397,110.55792024417205,35.78662081562349,35.201903407412274,183.07298227570462,Healthy
6.047058260956202,58.64930747100861,124.6161190833733,14.666156335389726,10.58488828082042,70.13519217802862,233.06989676387494,Bacterial_Disease
6.760235904259901,72.41810376560348,120.26648615893185,117.08338250219403,27.369099231464357,99.29827568708995,165.47325070753664,Fungal_Disease
6.180632645676583,11.789821564793767,10.741832069948824,57.14703145443852,31.512632136901637,91.2848669802037,17.869972612719653,Fungal_Disease
5.472328797709588,137.84062549265585,14.894376757970829,36.795223669734426,34.13859703859951,67.44858861469416,211.75387621324475,Healthy
8.742266534810783,93.29702265728865,69.32402291453329,80.60501169284348,35.1904042460248,63.0829415013939,114.94636765058038,Healthy
7.818028970798804,39.95656958487915,85.29117278770966,115.10560681434275,29.53379544257834,99.87079040064869,96.08550036573295,Fungal_Disease
4.700565878832263,82.0131751901342,38.4871672475137,109.01130115048731,17.81761164569841,63.791771810711495,297.5020648601204,Healthy
8.342339879489565,15.327531249659156,100.35168033791189,124.5996475613585,42.977023151679134,53.60932175675551,177.11992978791832,Healthy
6.437155991247568,135.2171336330617,83.288242928642,129.93850604216215,34.38332636822817,92.76444286202731,213.2157219808234,Fungal_Disease
8.472761134470456,24.469898303671233,45.47537536479766,33.33708999988494,18.289401290429332,38.73474366954306,157.8978410806945,Healthy
7.999276279736576,90.72424452772998,3.552008325924183,59.340105183698036,21.28126412945955,27.80207922374472,230.99179378549582,Healthy
6.126067522346167,34.36362475545026,105.02103938179248,2.0479954887098017,42.26746847206294,70.72720274894643,225.62182064999257,Bacterial_Disease
4.112346541600587,100.458593570795,30.06551321551158,123.1050322971084,41.061981534756754,27.667970701499918,197.14383470404815,Healthy
5.34338679692473,108.75499141363935,116.82632408476798,21.640101206467456,24.180125342533138,49.85188295623681,299.32291843313305,Healthy
6.708171073304334,94.27876204760057,58.840636407595724,120.6064737279772,11.340752769700785,53.886190846537644,137.93806022494132,Healthy
7.167391099130736,86.02992443572695,80.79084196844715,46.11422507812349,11.697407911287836,63.80304536393865,211.85770448944652,Healthy
5.2894384271660115,124.94567315328163,122.21282225726027,51.53870259735935,19.937140182143615,99.33276365983698,239.33338884147545,Bacterial_Disease
4.69678037036412,11.007739538566126,120.90722012879347,5.478515627740313,32.01927767686498,37.678537866654466,112.8104128783633,Nutrient_Deficiency
8.174651183996495,46.32806720922733,52.01274053410026,45.76303056714474,30.446812236709665,50.06051028055296,137.1525082660856,Healthy
8.92201090351776,34.760247148318435,29.244444980078036,124.37091559217697,32.183972543037996,30.579209952852644,290.7501799171756,Healthy
6.628450911513429,138.321954689159,108.52045088200326,3.5766361570245797,35.10490401762373,68.60908208265877,9.687305137982428,Healthy
4.858396429241518,54.51456915336229,60.63122850429836,56.885846226541545,10.666128875745844,78.21385458462669,100.5886961882743,Healthy
5.361536632596845,102.56577789365582,26.885879098260574,4.39594817378376,13.677995831035501,58.56614585887031,145.86388870160098,Healthy
4.0919533827373336,95.86152294334065,126.61954792440103,51.929279515269094,22.581920813952443,39.66650146319768,0.4394979207570704,Healthy
8.571494032802494,29.69137324683288,27.734587193752233,24.169689709240764,15.420099913255362,69.67106153453982,269.7381303019835,Healthy
4.588755414450706,33.45967522961718,3.613003546772351,35.31057505757209,12.636201489059395,63.13261786950796,85.87332006364761,Healthy
6.882582377571268,39.379838897424776,2.8391963274387955,122.86377224259866,32.433753859906616,33.69485787229742,77.31144963283329,Healthy
5.37027610343603,57.55781895631309,87.124149903597,61.04689088706474,38.53677671218847,52.45455204017042,246.09785860612254,Healthy
6.770890012578967,32.80550919107375,92.63450850045425,38.33171879626771,36.34193301019989,54.815767330815596,83.3949685507426,Healthy
7.257101941759321,2.7512075845586925,43.54583870797775,82.5073729130767,38.59639225132127,98.60942030171464,197.2867781706067,Fungal_Disease
8.148709018536008,123.11502795300737,44.801538494588875,19.89497437656153,33.3049790420257,87.94286657244174,246.45094317058778,Fungal_Disease
5.032106358803016,135.18537639332376,47.529148108391986,36.31482503891982,35.737086263497076,78.7496630618875,237.7430543131117,Bacterial_Disease
4.054979143292402,47.81985418441951,95.22219654624301,76.4747154644044,19.512257097290547,91.1021620402358,234.58522122777867,Bacterial_Disease
4.684428150344036,47.3909631195662,8.138730743756001,33.253225858729635,44.755281269945755,78.8387524662972,26.59127095957046,Heat_Stress
8.500093209240525,0.9928537884119382,130.07628937678558,95.07788323612226,16.41079790728605,92.27214841005866,23.954090271709262,Healthy
8.369450387812575,95.23509636625236,31.152946184842502,68.80878231633315,17.507285603628386,24.36424919036064,92.03101072121625,Healthy
6.987065510851542,115.56158540480803,139.9542487338929,108.07846983565672,20.11226411355464,56.485296741353324,10.784364358805332,Healthy
7.002584302168267,20.525162050400443,24.013177130206177,132.7542350011456,44.13663505373026,79.75186681934669,150.1289209557793,Healthy
7.325183372731278,22.353288911401105,108.01650402373285,16.212684508637082,44.59010062738671,66.66366372880108,118.43461988106549,Healthy
4.876856393117248,110.61165499600129,31.277756290147504,46.85310139783628,37.82128123972741,34.013293132062934,167.10777376294473,Healthy
8.5720597296248,86.28070476958025,11.318552230055555,44.73686880297692,32.01701594958718,47.23936692228274,89.63656160090714,Healthy
6.093852624460365,6.280478067880382,122.49066540909084,21.165608707215597,28.20219013146147,45.421950002135304,145.7262008971281,Healthy
5.915692641247487,87.15657866471943,120.22517628672486,113.44243922668592,43.9717295990396,40.90775305474688,100.42342975771614,Healthy
6.594588526414188,43.24848119812725,56.49985494294419,106.3830185654306,34.34679810003866,47.450844281117284,58.562427666992576,Healthy
4.234829833875275,51.62152176591843,98.33545995565976,67.81956591681586,43.065554491411056,61.18826307688968,194.81000434134447,Healthy
4.8314168437803975,107.76239856156323,77.9892305757484,75.28790889124534,21.079277981716835,88.38952198266207,202.03077044975555,Bacterial_Disease
7.690168082131852,113.53092697416548,119.41385591432483,8.336179320349475,21.682117729434797,79.3626129915005,248.76950782492503,Bacterial_Disease
4.413993339625632,56.04992775757629,44.10783570461162,77.77102932578639,39.91536079414524,86.8199763212987,262.42553494611747,Fungal_Disease
7.015760547331941,132.60141104088967,73.31413599985792,110.7878133627491,15.244922220485304,90.6882995650469,211.33857131037465,Bacterial_Disease
5.226745548406605,56.90478051329011,67.95213196863706,80.33586030174,43.10747514536265,53.29203648780858,206.2494260092536,Healthy
5.946478070209883,108.05704493221539,49.546815675960225,37.14289181685865,27.76160241321926,47.682102722139774,17.00269960094175,Healthy
5.443468683853499,67.74281703899626,124.80370903789212,93.45675812680722,42.42448575042942,24.609870534732945,32.93377243745146,Heat_Stress
5.7783635823247455,125.65452571309177,23.22290945275497,50.60838019513467,21.787747605403457,94.43932975011475,243.768813117262,Bacterial_Disease
7.595229525921227,127.086574111025,20.931209532897462,76.28225980000293,35.05856164487889,25.265841435051513,69.88537848708947,Healthy
5.485608578115875,12.23835310195174,80.76733494518518,68.25915085904947,26.90062926904414,79.29084122963764,106.6695180651249,Nutrient_Deficiency
6.8320232014844855,131.1090663834316,92.04919219789188,53.36450013512521,31.938127058591554,50.24866435724697,43.58920610276304,Healthy
6.380252010995498,115.57487781285819,27.246695605439125,100.64291725517892,27.653037259870327,95.9024619599349,58.5455905724757,Fungal_Disease
7.3183558268132405,110.78350000377336,54.700441915647374,123.74265567802345,43.84904660799765,53.56816167473032,232.62517061106186,Healthy
8.68414869662379,28.127587555973143,132.5189380170241,0.7297525867694921,34.2236889234871,85.32866810837731,78.55788585466148,Fungal_Disease
7.662860486051251,112.71668922565308,34.52643917669436,130.70631269225143,18.79616390192104,42.61238657309413,134.71048987925704,Healthy
5.074701892953784,119.01858285590515,93.57049829643518,71.61211905165149,41.83869226667796,43.927097379507735,45.50141191777178,Heat_Stress
4.1559156753064235,40.48104682358113,103.62091511766272,98.10246325085713,20.291040835428653,67.64155279027474,203.3789718948296,Healthy
5.311320221499125,133.31641097072531,62.738017925122335,119.78743926462279,23.00617847552997,99.8386106965979,218.48092024004285,Bacterial_Disease
6.975389653501274,6.980420495882996,131.25363814634161,65.3945169239978,13.574329430707468,61.40579343833571,108.50769536961414,Healthy
4.257129067421252,20.987295454599554,103.13194293063067,116.89637027108463,41.498828192866675,94.90469091146325,235.42399383682516,Fungal_Disease
6.481831236006181,75.261359327212,64.10944118052569,24.866774723728312,20.013920812975204,82.89998625989823,71.97199557663794,Healthy
6.984214244584446,80.61094595712336,79.70692824865316,22.283454827174026,19.06211662759838,83.66914513417879,207.57115863004682,Bacterial_Disease
5.671219454084804,90.32101166212648,96.96588207951409,92.0459916398615,42.209190929823386,54.87679913030113,218.98937442613618,Healthy
7.854561018729109,2.375678104165304,82.90662526009055,121.8200207772432,38.19344018417617,50.92338001382405,290.5972133366329,Healthy
4.532991265668859,134.45134844709824,123.01766173565062,124.9396648550455,14.937762253178104,35.35374464726523,69.69649955601489,Healthy
4.375688908679043,6.242332982780159,49.96441271925617,90.12366417281453,36.92635763662882,97.11530135869228,28.11314401282582,Fungal_Disease
7.6409437810180165,20.028673381276334,41.98400360781269,73.56849222930445,41.95615843188268,96.75148899550561,78.91062668693598,Fungal_Disease
6.477456581030992,1.9620324536479772,29.937444529337004,46.39503227751227,12.747892637376037,79.76541874481462,36.858658974635716,Healthy
7.4420119821386805,79.36018066117326,5.289615529043319,137.20005818390638,38.882524821660056,43.700195988213565,50.9082925482929,Healthy
6.174136693018731,130.5173637489361,6.021955013207747,44.757396133275066,29.15970181555696,39.614363227382576,100.23435355679233,Healthy
5.2320101661955345,93.23260325126499,121.80772703529959,104.18605501242304,33.42191072825802,99.08881939095704,124.19722401660026,Fungal_Disease
8.095511588370998,115.17204558725982,94.97504049682702,74.4774519867001,27.249901861672793,25.3234252086542,271.11726772541385,Healthy
7.997079394844897,1.8593684842012115,92.47453816110806,85.19172795354854,34.42310797168475,87.48514337130472,58.684731450006325,Fungal_Disease
7.473482354272134,75.88214178716164,86.04999465088405,55.08727708240767,11.193425158336362,48.43664003859797,291.52769277636486,Healthy
5.360725686149814,64.33881685077307,118.89068025717468,135.07523756611468,36.69473531281493,53.50957757817764,243.0459629688515,Healthy
6.9511533343454355,69.85551219091103,67.23736959318785,80.03552565389795,11.167029425063545,86.55821189990698,264.4414169680323,Bacterial_Disease
5.804869484700134,10.109845946926313,121.85751599816204,131.2902682642306,25.93549467115702,27.248241280428644,278.83319692207306,Healthy
4.457910366633171,95.82095054970304,50.32230366551348,1.0627982643479772,15.283774759560321,48.33357428162057,225.97235914233622,Healthy
8.586567877311214,70.45085808020882,129.73905060747268,80.17388164675694,38.82509970729575,96.16194217356585,236.63394948511834,Fungal_Disease
4.684093154594807,107.12083898057696,97.81197721137362,100.406164561538,20.978131821148402,75.92527302170052,131.34548898168586,Healthy
8.751186769104013,67.94068876864014,36.004799043419816,104.31122396271053,25.893274061151637,80.39513318447123,153.1350704028732,Fungal_Disease
6.230028864789778,20.91342907170049,78.97188903640752,126.6967634494354,25.006275945440905,80.60042407643812,279.74562802999026,Fungal_Disease
4.925664644193098,90.75597357089508,74.62427860835578,0.6162252605300789,37.03756879896473,24.84560665311556,113.47677346579485,Healthy
6.709504736891791,24.13409069472327,19.305835042246756,0.04622229632670116,26.84005259285914,36.25660746083449,12.58412191926216,Mineral_Deficiency
8.364729179382042,122.13523886967408,82.77400680508597,66.11688451133014,37.61354172536211,59.301060486496944,228.82631564243187,Healthy
7.661124432047806,85.83627346969381,44.06998732037411,4.101118700751892,12.572789688093634,49.45201859803001,171.9472535152555,Healthy
8.032805739307248,22.008543697973593,7.328827353344341,136.43455751273245,16.705788876604828,52.87298345062828,244.4627887029935,Healthy
7.293916833553586,134.72732804736896,132.8118620789191,31.089124435794876,29.303698737622625,82.51579029005381,22.665379983288638,Fungal_Disease
7.461382822589262,72.57116486694488,89.8086516690003,66.17306211107827,43.148091366344325,21.17433880541882,186.36959714273695,Healthy
8.245978257826597,10.2057832620317,122.76865046191858,8.559268201711305,12.61652463526231,72.8393541056991,74.3117663972274,Healthy
5.248340044295929,87.75660661810942,94.64784070185544,73.0867782639762,11.507947565490252,20.008818544145797,270.9805783483452,Healthy
6.447124818215702,35.44784698179343,49.977716899615814,53.19385752063719,15.479273622474949,25.044682046099496,32.9729819225237,Healthy
5.106047209098011,112.51708326282234,71.7763301260336,6.252404042811326,32.44035951010548,52.662889587009914,252.9207818175189,Healthy
8.938340039983235,114.49509029926669,94.6045464486048,46.91739733747146,23.964752083458652,87.27588158438571,26.566275591573106,Healthy
8.720296698433067,137.05262981965265,134.43532552820125,54.80104283119979,38.89433327961902,31.599661245156838,7.529206649099429,Heat_Stress
4.197134056842529,70.26173434343052,35.513724277037504,138.5890087784916,12.517660301847803,64.36971273028892,70.5178290125767,Healthy
7.527875862578442,63.6939631618832,122.49678820737647,29.104022068712567,16.874493038514537,74.28041814613954,99.91336227800514,Healthy
8.62624158707833,105.48658476250729,129.3708927411977,76.26914615181396,20.50092419127135,38.362630733772846,187.95863154356135,Healthy
4.902876725636668,18.54589188786972,93.85817205225392,138.224176887808,31.935553034107485,60.986420421566635,39.517379208316136,Nutrient_Deficiency
6.839726152763148,76.56817193103738,130.3773278361873,110.88268911161892,33.981044160554156,92.91258265105539,131.1989800773225,Fungal_Disease
8.57744148794021,76.47466401831913,55.70300224683159,139.07145012349244,14.347115288732084,60.97828202924262,61.279080630862126,Healthy
4.169729892928994,12.526237193454211,133.42226464566198,135.56176405242368,43.03316481471089,32.585844943011836,256.590996464119,Nutrient_Deficiency
7.4871013362342,58.5177719709679,98.38960280323649,68.5355358931816,21.93654473165732,70.22514373500358,13.48995238539149,Healthy
5.486745036862754,119.45987179940828,5.880807438633666,97.4926189818792,34.96090670500991,67.37601440068113,106.78131800655632,Healthy
8.621980976882652,119.86150707925243,126.96219645466739,15.462037771761155,28.34727016316946,22.156380783850498,189.41222399073266,Healthy
8.85529122582684,13.89327308875534,67.82619326464696,61.76083550655226,17.79653397414873,27.247552459805327,273.9264534155817,Healthy
8.72133244556717,12.70092358469632,64.4457778688966,113.26259591733765,39.61799130903939,32.54250841128086,260.3980268081686,Healthy
6.371071083287319,36.77736678027094,79.3053248371488,70.74694493680008,38.63833098671755,30.903126204949594,268.5575998551491,Healthy
8.310213254946568,122.46724875755909,20.913836547971908,98.37786459441247,23.862514887084153,40.757261644874646,18.855988104894628,Healthy
8.222746992675352,18.046361910289853,65.6832467994358,104.40518619779877,30.60126549928494,56.328425858845435,252.27697843903786,Healthy
5.595502366216278,100.79955236784248,116.35781034048439,35.48567977400514,19.02389935775789,49.73730383191875,233.97377356323574,Healthy
8.144577370753387,14.163186745834452,2.167544279252147,122.59791221195917,34.14480700612055,91.25199131236775,270.72949478268566,Fungal_Disease
4.185038173577463,87.23929952469555,38.208402445411984,64.37514032728505,20.8159384417151,68.96875275250696,93.47288017740041,Healthy
6.981349392410265,49.849421876680275,0.3436421021381908,29.425914507016124,39.54275570337822,90.09154799694744,273.52953188201,Fungal_Disease
5.150044186438516,110.44795481522138,58.199583280978764,121.15822345038212,17.6084786497046,62.16314599340791,120.79232552593434,Healthy
4.6028344288863945,32.716662835550906,101.96417146912285,58.49463285487551,10.518119798646245,27.189637655147195,190.22990565774,Healthy
4.384766008146046,89.48825611459438,111.82805607604799,105.04374137316076,19.397781468877145,57.06299592531479,127.25369736209949,Healthy
7.4814438793906985,32.995554840623896,132.32656655778092,76.724630111023,16.686837026082035,85.76260374738919,128.29452915469534,Healthy
5.69937481884033,99.91243963570153,85.19064581591012,53.46204531283006,27.79002539037235,35.52830137336865,163.99110563847046,Healthy
7.623833857643807,122.31492483850482,35.64776133140536,113.38269810539971,17.12961520798017,27.29714230021198,106.77801288624676,Healthy
4.326781703994712,17.752251877746406,129.38071287913786,81.82579043024582,36.711645475182316,46.354779067060804,237.8210982807707,Nutrient_Deficiency
5.576451689153052,121.3233964033705,108.54420554325266,54.67869433978444,18.44797233014014,51.11182645121117,190.09162062457165,Healthy
6.697456461876686,83.10053561800171,80.41998762044024,15.343701846917783,34.74388629694295,44.50061411247235,206.9267284616837,Healthy
7.953615824194817,17.795468721383358,97.38963020065104,125.3623439273391,30.246482305480342,30.81926284996448,69.31044006652908,Healthy
5.59376251466035,59.855859750359684,129.40428970104008,4.965741947833317,44.518744976515954,40.06718877773716,290.87258654441774,Healthy
7.129456882185045,22.520441087913706,99.73516398620903,120.84622877152788,44.99653419532311,74.58259236816883,198.05282933188963,Healthy
8.429888741180935,98.04870444131973,51.57243106186276,50.39461348364176,40.43341291610655,50.87428130345312,59.15875935911748,Healthy
7.079315940911523,106.24153881851295,99.82394832047353,89.50742689019681,36.59941792545629,70.60395556948447,225.14707304131014,Bacterial_Disease
5.1647973737681685,14.811512838191854,5.6389427829543015,129.10796133699594,23.52597449002008,62.9043023934986,52.11423096228681,Nutrient_Deficiency
4.12200390778269,70.85957937725021,54.09817865628137,21.238926170545778,36.364685449595626,63.92423518861352,19.015468889852517,Healthy
8.350494369504649,114.04750784362841,56.885224458381096,79.37306658943342,43.48364379778217,39.88396463582368,158.2660188437503,Healthy
4.106347054251936,131.0628258171395,23.357352818916855,107.02060073182689,10.818215138840547,61.723442621454524,166.05718624870417,Healthy
8.373508363420997,71.8925013438478,3.2319672772478247,106.06173658066804,28.827014506920857,21.887577109056142,56.68967241947958,Healthy
6.6446856701360595,133.039091305597,18.673373129283995,73.58846804393056,17.62994065359521,54.53949938599409,104.5136832876477,Healthy
8.695338492564481,74.99645586384418,91.64700941158772,87.46352438690413,29.525671055409767,65.80982585519321,283.7307887036091,Healthy
7.993916178868327,55.18666924398711,112.32043429091625,106.05377917859823,26.32564814156119,34.55964970832874,85.50096962624697,Healthy
8.989670552666688,118.74843799740536,138.34848898177637,117.74386928603764,30.151900354329953,40.52468049991611,46.6704182296106,Healthy
5.753559077258551,69.01757946413247,48.4908904351892,106.65383356262092,29.283677749655347,37.56248158524955,297.7685875996362,Healthy
7.835941444655634,66.06635147903323,83.91309111655424,49.56069204537397,43.60374637089967,25.644636421233933,90.69166091414003,Healthy
6.00965456804621,68.64374851737597,131.20029535411706,139.54169614808265,29.326513812715763,47.8285856912072,204.0761019438236,Healthy
6.399378101519544,118.54990026176435,23.385849387341366,60.830377120702614,39.61812308437035,98.31726131615515,69.46805443177992,Fungal_Disease
7.13752731609185,116.4718158363273,100.47038208798398,3.425058386250679,21.19371003802963,48.310432517088806,165.03635909591682,Healthy
8.368385570931693,56.492798941629566,105.69702264088285,50.766373221964685,25.333524107686713,56.84292974695805,115.88459598288466,Healthy
8.920417345996476,46.661980381873505,12.456575021707373,17.889613640338055,26.464471661568346,72.24698007651001,288.4737783477566,Bacterial_Disease
7.841367069322591,68.8699233654781,120.5749139256291,17.0019662019725,19.75548151673829,71.87982009352856,129.8417623651463,Healthy
6.0888339108366685,80.18815136319526,113.83470659551814,39.41490561496521,23.292659151728433,95.99159840148994,175.25225525451725,Healthy
6.106785011385351,33.367209487919574,4.6764209208408225,7.472569184816518,30.947957781337134,88.60513123193002,283.4298797700441,Fungal_Disease
7.687911507944458,111.15371186018268,12.751818083207207,96.39170637733883,30.306571715658635,83.51605496841218,296.77028998138655,Fungal_Disease
5.1938857288415115,68.10758720253921,6.877765144859325,10.358443788266712,32.27523706007182,96.13017806226485,30.49750920149895,Fungal_Disease
4.5523705656569735,46.766376778794346,46.86409445191071,28.460537761033862,22.313627039704937,38.46123083865373,250.29621361271666,Healthy
5.773110788203883,14.954939014958686,71.30045869518966,13.005960029176713,21.054102330356997,69.3643355697434,114.63494825617464,Healthy
5.436194958270408,33.43832245650497,74.52868191364803,8.84348232642435,31.406625896395706,90.9757413377725,178.44861186168384,Fungal_Disease
5.48154060227995,132.89936404583773,37.47334636772197,37.48523317553583,14.650161194963374,69.93105266224815,112.51442368657365,Healthy
5.168038755249549,42.71395615473372,127.62356411843838,80.0658554724518,18.856104023624898,98.19363796854957,120.3348616964377,Healthy
4.21046594818181,23.640300511384943,51.55679058206785,135.05597790255786,11.474470793354833,28.02821711251032,47.65726079553346,Nutrient_Deficiency
4.089369673667069,64.49419083169904,6.37702183514935,122.57793160894488,12.541379840862804,55.146440223456025,171.82993752835978,Healthy
8.938611948680158,42.99228407043481,42.031795615794096,122.63074956234547,18.51841477412131,98.1890326326909,164.0147837834174,Healthy
6.138865668679312,4.9222950379671815,74.35531915618176,24.649385045272066,10.683524810392166,50.365442285594064,56.806736561519955,Healthy
5.921633235798408,45.240330419118415,57.151055162352485,37.087007089694815,18.589370723061155,79.16451000794436,162.51912880018244,Healthy
7.398236413465349,76.1752073515256,38.33795267389628,10.695064351342797,32.92417130717091,22.432232086291933,291.93056478932584,Healthy
5.091269439325321,77.23973208279537,18.38525496700444,108.9855675881259,12.138747746412657,75.58696917042505,214.3225787561369,Bacterial_Disease
8.749805919751127,49.918248964764416,114.68303001347216,9.774282207978672,25.285783722812436,94.77013860220627,144.29476787500556,Fungal_Disease
7.93172507207776,62.62238587536409,139.46033389738687,77.93739391491945,41.95880754218423,50.61650281520022,274.82519567441256,Healthy
4.4470550115612975,135.1725085528673,46.13589869334349,34.7025801253531,37.69496901238903,21.70398703415436,172.59430695159176,Healthy
6.087903878924642,52.82878681224363,53.42694618472455,34.082388764024266,20.690312580320004,22.232784351638706,40.51439961834101,Healthy
8.395591537810823,36.15175385639762,86.52525345477399,138.70150773466472,42.36819177170764,91.36186445688712,164.2528943437369,Fungal_Disease
8.723660111457052,34.085386169346414,100.58180646297579,105.94917297699524,21.53762738617037,77.80128856770094,54.29193460976034,Healthy
6.337007556249349,64.08704577857878,54.88413487250278,117.17151016074702,12.538042371814687,28.534910738126385,230.2514516243023,Healthy
7.067056946053539,106.33282082037216,126.69013237745413,80.07757594816177,44.79195848688397,24.367222164095725,290.1522642884125,Healthy
4.835169730460376,28.83834578638625,78.40055849204857,121.9420002351249,40.45078845162101,84.38602908923835,108.24557536299908,Fungal_Disease
8.955843130684883,99.30145779970753,63.05461069683034,90.36867548328941,26.30764741553823,84.78885062442872,130.47536403755834,Fungal_Disease
5.158358506917217,2.96097526891828,90.53418544238671,132.46431867148834,33.32317834673414,29.64174718336392,126.44894005158902,Nutrient_Deficiency
8.713658870675628,58.650616917752444,133.39253875488424,39.38740204638915,33.492982724983456,44.12163231109094,85.58999273846456,Healthy
7.248233244961842,108.62110912839016,111.23732121903878,83.3447364096053,16.80687807556611,82.40208516591116,238.25398946358933,Bacterial_Disease
7.038683974394296,47.422613808420394,5.601838274917408,96.6183887111649,17.001702160377132,62.03296567632051,185.31849982409878,Healthy
6.563442555082543,78.92319420235593,46.52338750359435,55.01122270389293,26.435324617313903,96.52678885802395,19.21546705696788,Fungal_Disease
5.153349058588794,28.69709259562751,65.87625589317118,123.15911753656745,41.90505990481943,58.48501162768039,251.64190050694066,Nutrient_Deficiency
4.882640160027542,103.87935475766412,44.03246010927474,137.1724428345816,10.349782120049976,74.15663500524101,56.126469345962185,Healthy
5.102431045350877,7.319074457626346,98.02625851626391,69.12772879217262,37.387697258227576,60.78266925932674,293.7453485127363,Nutrient_Deficiency
4.932191310721272,119.35597028257006,115.67768098076135,54.689691672607466,12.013437430012894,95.43723965480366,112.99894170076973,Healthy
7.897922367833766,27.747494099033542,102.38831332593801,66.07130999790421,26.737774020909125,51.89272736540871,184.93489414509713,Healthy
5.7506262958336505,122.41572443916631,138.50666015595854,119.38314440247042,32.32554915757167,38.383716414288,23.34708566880912,Healthy
4.289213382816982,49.354093782072425,38.15667070502408,90.36557957254347,34.036574347886265,46.130708822479455,103.398982406507,Healthy
8.845513150704056,101.17570042642812,122.498529303419,6.26813215253331,12.046774226556899,88.22201633321833,240.7061872082344,Bacterial_Disease
8.41892942481713,44.69154169006639,107.32717312442807,75.90378746240008,24.651126608438886,59.83508508097067,143.16254758597753,Healthy
8.638761415976065,126.82763397285066,50.705026058140454,2.422017183735774,30.434304117581362,48.34018428017912,271.38104506320684,Healthy
8.974539113232176,17.72919757257241,102.77743611197562,108.99495194047675,12.311593805710242,63.540801744758625,172.54153231524214,Healthy
4.869476246097436,24.992770498163818,14.570633898554576,45.96371829594492,14.728309480835842,30.65837658214739,278.5716586187243,Nutrient_Deficiency
5.981210094513294,69.02421752223232,110.50668752767733,66.08104749642611,33.227714632641344,20.42874437004769,294.78297210376684,Healthy
7.791192378520456,11.471381465340457,74.52628436219437,111.81493482706848,28.25733688067281,42.44677469547926,136.16836785548278,Healthy
7.480103090268961,27.43722585824667,40.920624179295444,6.502834420006618,15.664003144390168,68.40045758268339,169.54697177334242,Healthy
4.769479531699275,132.127293509682,91.80882224978522,22.19581498282546,28.733376792015672,76.93446157291098,250.47619297538094,Bacterial_Disease
8.079165624953088,136.7085525607042,89.82679982001726,55.71445270231608,41.94423307055455,86.12887730815733,66.45990166074391,Fungal_Disease
5.122202859183304,52.67630610625907,29.32807118074396,32.189522896378485,10.545565467137738,94.13308475155758,258.4888721343329,Bacterial_Disease
5.119088074113115,129.26004294195099,4.2556380736136585,47.306199608508834,32.49218207200491,52.968987757181445,177.57604211318088,Healthy
6.684872114467068,76.27545459428045,60.70716216623434,139.7444633049451,12.577765211186968,79.24134396459637,217.65004061535763,Bacterial_Disease
6.964699674208516,37.763945222327386,79.73166170821897,115.5580212603335,10.22573050376453,25.973834415845005,23.956206799033563,Healthy
6.900431039189056,98.33582095128381,122.72473897188378,123.74625409441519,15.272907103122183,24.602399901766407,229.85630503602107,Healthy
4.457434186988774,92.24625292048,129.95035139066323,131.18764869920855,24.801732114887177,29.983839358892528,93.23607137209753,Healthy
8.387304313151901,138.47754467522267,74.0327305419473,47.73102324398739,38.082039964368356,55.88552782646099,241.5696830549526,Healthy
5.328000212943531,37.10662023729966,105.53248772759629,41.59077409150618,19.86249238115955,36.90251507989999,152.74576149081207,Healthy
4.647574606414021,94.08833037264296,61.50245812591957,32.768748960090484,31.89856243360655,42.95399535502526,82.38430044468994,Healthy
8.443740399344886,7.283325704122565,104.45150192020502,116.21636758313716,24.390482328435734,71.83041388098421,285.82790910649624,Bacterial_Disease
8.778257491148766,15.910445417540718,28.67221349148337,95.13726071992589,18.201612718810278,48.68177430422768,229.51871931344976,Healthy
8.310638086327254,0.5485724931530567,51.949062872494395,33.06407754760282,27.998648999900052,64.58972461744177,295.7058221620941,Healthy
8.04758037362439,139.92449534835424,88.79191983390608,52.779136089463684,37.91125716304181,52.99230053892738,109.34096952366113,Healthy
7.276209903195109,112.31831760064689,2.542115184991036,70.93964695059175,39.137232951965046,33.51754044158557,194.76589006249162,Healthy
6.754286853045697,110.1412220626957,101.14458344745356,73.93960801832552,39.628183615703286,25.921599220471528,183.47660335911803,Healthy
4.434933799557051,71.36165054034515,116.97497017754336,124.42188199724005,21.849523439424278,38.89851962479103,206.26702232064088,Healthy
6.042266065353494,42.00939160676159,55.8798325531532,53.279258612610285,37.77096226505136,24.616037559283548,11.494969812399248,Healthy
5.86344258506157,21.17699982477463,62.71193840480301,127.19336427007173,17.426245928811774,69.48895679118455,87.51579716321223,Healthy
5.298768918801631,39.854463438504915,119.17950971031433,61.79145844477055,35.84487854350092,83.65740811728803,272.80127213724217,Fungal_Disease
7.6171005684429245,52.63597107007948,108.59164894564468,104.49217447092953,43.19345491954158,47.179261458992066,127.14601646166805,Healthy
6.479378675393854,105.88341357724117,40.3409284646725,130.23560479790785,10.481034214183502,50.96888442818866,288.19310372446415,Healthy
4.40523107953824,75.55265044644133,45.356654918615455,127.0605985548573,25.41273759125793,85.29528502074453,64.05095179349273,Fungal_Disease
5.1009160097490565,10.847707717767577,95.04295253468354,7.973401421395363,32.67198459449016,37.80903298988483,299.2271920443268,Nutrient_Deficiency
7.41629381829798,2.5240612542477137,78.84773294274257,28.798601296719777,34.56215196706435,29.532821215589937,209.27427268785968,Healthy
4.380654297451501,14.32650513476884,22.71213995350957,66.76675957451852,16.163071539422077,60.08944938648692,232.91802721994634,Nutrient_Deficiency
8.256034570243843,57.46981991763311,43.3901872920833,60.41760059343502,44.02641463335075,71.69521356265898,119.05835166076074,Healthy
6.475732635069871,130.64700838686255,125.99765876301157,89.72483307720898,31.534287878984053,67.97235400371834,272.10243637818627,Healthy
6.40293288663324,89.23634736929102,96.34442114111688,132.25926711555772,15.751921042989371,77.10984362193446,163.6388702875866,Healthy
6.962038923297588,112.25562598257211,138.03640447597272,15.736659578912835,10.718287909938034,24.540094573841913,204.2815140673905,Healthy
8.123404829625747,65.29244323063679,107.38175419730771,63.260213118793665,37.414246957642156,54.25612902066983,28.4424814008858,Healthy
5.739046039510965,50.63325164730599,131.87642050010263,26.937545304199503,12.789665880591068,39.08564191565545,189.50421026786802,Healthy
7.390080762795318,15.176052180327183,30.266400341866557,125.17506377571266,14.936782237458278,80.72970076368193,263.72369647864696,Bacterial_Disease
6.828659819978955,122.6306231060687,108.00788247436961,135.0412260122314,30.119050939949172,89.81843872482797,53.484968464796424,Fungal_Disease
5.335141350847106,109.6424040639064,2.83045282069164,67.01823546464901,31.12269262073669,42.50685926451319,221.3177803904538,Healthy
8.39314993177579,23.536533663681517,93.90640303961474,14.561441681939705,34.04104915073395,27.617446325552663,7.620227698396365,Healthy
7.98713010803464,71.71647894267647,65.6995189368338,109.94125334117425,23.772990443226725,40.27423695931175,277.8609049687557,Healthy
7.292259173292128,68.23247310897429,48.54641006880961,97.59978906893586,37.086453413838804,28.320679124713575,294.87513480935587,Healthy
8.252908645471209,87.512817376114,120.73660932103247,49.65391572544347,44.1025509865561,45.7937732890763,106.25402003942833,Healthy
8.336471004799012,132.46616515877656,119.5974769720543,124.23704635565488,19.488323007795906,63.055886265746054,32.12215491460045,Healthy
7.541814883575174,81.16800184674715,3.1222386858101014,136.616464569579,34.606001578828106,97.89447635185651,197.5729104489435,Fungal_Disease
8.18506664181836,75.6304173490066,85.33071714292034,78.09953887822736,42.49640283383049,51.94962034810868,8.95035424424372,Heat_Stress
7.487357308346418,7.045210610852952,51.4965114049339,79.20190758820092,34.020036691596495,37.60319390836969,144.74588438915603,Healthy
7.400703858801502,8.80704664252335,58.19254021006288,41.6518907159289,33.838832452549084,33.34413922966681,81.53375254136596,Healthy
7.093056891075921,26.228550785750443,116.48570349062864,81.83084503766399,17.832039917982232,33.84318129109408,142.00171618586307,Healthy
7.763583197788206,4.545908036844759,43.377568013874956,61.54992487347852,28.729557011189254,35.407814660916735,5.482654421507094,Healthy
4.793025526465368,104.06940537980174,132.0268334892668,42.306743769927266,29.688299526160307,80.98136180299576,15.483654921211942,Fungal_Disease
8.404353795994641,101.26624255915485,25.148735692099706,9.405927513346183,34.50453468595835,24.88221691459359,4.7927486530147,Healthy
8.35921763872616,19.047872820430012,92.78113927154489,35.37910035927749,44.88875074636639,99.79221655544274,185.7395610141342,Fungal_Disease
4.146236415172796,117.05104611133933,94.09470938192706,27.699650954873018,11.177533789031672,61.814911293300895,168.02787530256256,Healthy
8.129083752823814,21.670044878455677,35.307322599908545,75.88587783755285,12.28314314436204,63.54175154406605,69.94739956098134,Healthy
4.644349337367226,42.16458217963023,45.465085255408276,84.23380304690313,12.728252430082156,48.60511029596839,193.9929386712064,Healthy
5.67559427129571,34.8567658825911,116.87178896119165,85.2000414028423,36.00426970711349,75.22042875296964,265.2621770684925,Bacterial_Disease
7.717541281458039,52.12299380022669,106.65273569369334,54.345340146395074,14.772382828876513,57.716507270463815,83.1966303078341,Healthy
4.803799480241541,35.65292722459466,46.07342324406634,58.97216271596944,31.785815607162082,46.324902797163986,249.59814236369624,Healthy
8.08983512059531,68.45312970138329,74.75391657089074,116.7933801496896,21.363410726271045,41.21107229664343,198.75274080065446,Healthy
8.16067088978871,57.03710338965596,8.635241475433364,66.67259389240273,26.006198467374883,94.05209655466076,10.146132951894948,Fungal_Disease
6.537338668804181,138.11972870910571,29.224423535808093,138.28826649919714,17.548210593609486,43.27916120419361,112.54496874883034,Healthy
4.031929358584168,7.829689017951593,68.01487824045587,61.54641220124108,40.313729645658974,54.911460754387356,152.32716475770513,Nutrient_Deficiency
5.435190665874564,19.905392694229228,12.036322939089622,90.94133224649745,30.515261345705923,48.02731216931746,219.50975698641642,Nutrient_Deficiency
7.084634591878711,7.395625147204347,118.06652968487124,7.050819859075412,43.05971422537884,26.894306194242876,86.13916747602508,Healthy
8.905930890137117,87.61776729753261,100.5208694150707,91.46758941863352,30.110868739651533,34.874751558581366,294.8190314573797,Healthy
7.159067635083342,7.631298837920742,132.10871389078926,119.19969521810086,14.336781070893133,35.160158026110565,205.36192215152573,Healthy
5.299017905320799,117.10156323265727,97.0853668349638,131.94409739466147,15.98046518434664,75.49196115117239,111.84410314930815,Healthy
7.170028515498057,71.67140829546989,131.65619211670597,139.62488562956787,44.61758917287465,52.52683279726473,29.107511723133605,Heat_Stress
6.699926898579277,73.78106744141472,77.6317577967351,39.505010390892636,35.39478190658037,82.55740504565269,54.41032808124297,Fungal_Disease
7.899226975755718,78.6232310797072,84.03060554867571,80.55180907560036,11.724756251018139,76.71607394673256,146.28232801654698,Healthy
4.534903194134792,23.913918882869503,136.77594764767653,63.10051797450063,34.63233517621327,35.36398131168301,148.40860648751,Nutrient_Deficiency
7.80513951251014,27.676642436028256,89.89808056099645,78.93444728052394,24.42605663833641,65.03335360960806,230.31562944640604,Healthy
6.7063328933805515,44.634425202220655,4.310119640504524,22.04341400657853,20.752293538811667,79.43270768390423,217.85298767167575,Bacterial_Disease
8.814960019294974,83.0894982150592,101.33238872827326,119.8609401634318,15.3921277805687,70.64343387805783,60.38191155534519,Healthy
5.709360830193431,29.416488631630035,126.7656168992382,127.33965206824226,39.3966384094798,68.00132064703847,178.4869861674795,Healthy
7.1631094656697405,16.286441798656572,111.38123497120573,62.952632835809155,12.234448264618525,79.16887099206144,6.186540222866499,Healthy
8.660140527550087,135.8163640985805,81.73665816755917,39.26018062030076,20.14424118328741,24.54245914050455,119.5642198153,Healthy
4.512548639953396,3.0774540733472078,93.98249183309228,19.716679871421725,20.723401283899655,78.51375578891462,229.23157217148173,Nutrient_Deficiency
8.686142436182255,112.37763674704303,138.62685049523404,95.72707546889262,15.631684938722511,41.81242105227427,119.85257798614994,Healthy
7.439428611504066,110.32492094050309,12.692692391307364,43.712457546902925,27.78647091504046,65.74978036074833,250.67887194042726,Healthy
4.339185295525859,41.60997593831344,93.41427600865353,127.33539978787441,10.409591938381242,39.38439957572059,292.84658703758447,Healthy
5.504817834734081,18.98772624102388,39.675677239883136,93.9417464782818,20.53414303936432,87.105405776547,182.1637808098097,Healthy
7.540860443226408,20.38801053875928,89.6126555220638,90.3959455243937,42.677030541157244,58.444748344060486,43.50122290252698,Heat_Stress
4.336753007343859,97.64042641320695,85.06730062375144,78.31629622575372,20.8685349269702,71.43529696199869,113.90316237162321,Healthy
6.910852300881366,89.99292275206432,21.483956495142692,6.408687520021585,22.616078548736308,83.52656347813824,2.8450065205125497,Healthy
5.729415284764784,109.58439439519414,28.944530403633483,130.46914099598217,26.560776688192504,91.62522040570914,180.8177771522258,Fungal_Disease
7.104577588837386,131.24736413587465,87.02814092604989,87.91124906192441,29.659268119801617,78.56496776554728,246.47055029213945,Bacterial_Disease
4.228710169062564,96.86983085732288,17.95219262252838,139.16867767363544,38.30480256872604,31.901486095232457,188.9820236769129,Healthy
8.357684030761881,21.819215117202084,37.1253225182452,75.22989666820419,16.661242810460617,88.36258956686292,235.82586875503495,Bacterial_Disease
8.867444845886984,34.0819663471575,116.93437668332034,99.41552486686984,40.5111232017395,69.48623326924049,239.971178182766,Healthy
8.844389276428457,117.90712232223603,45.79281084022941,7.869338101271104,36.51422750003613,68.75598067042189,255.30377286523913,Healthy
7.748259158714624,29.3028506167892,68.32842187775282,88.44306475527752,35.292761713154434,93.70724478439372,79.99913489926627,Fungal_Disease
4.65043120065316,10.153124373627398,131.75964692041765,107.05094562265002,13.038160080012233,39.90652445327065,261.3805568461266,Nutrient_Deficiency
7.791315979645113,98.45920756591507,31.80087243717248,108.99200127935802,10.757424149110463,39.16700947952266,196.22819953904727,Healthy
4.1229345822940076,56.35368976861989,54.547642430121456,107.81563131223996,30.79044453178294,61.05548437559695,86.91766697834609,Healthy
4.110617757644986,128.8056073564265,84.90408857609638,31.679567821113473,40.20968868831064,80.06904532278921,296.18841449887833,Fungal_Disease
5.618051095747706,91.03570995311262,105.7474501305561,136.55578686473163,30.45545124492226,55.77925665828073,285.0547181195007,Healthy
6.443215952023329,12.658656890832505,126.23147413977871,139.32549688749143,17.46322029059358,70.71131119139218,172.3322949619198,Healthy
7.852037089038966,132.6999194155125,128.1662182602921,10.583422522624177,13.168196428222462,56.2019779378175,252.96251351986905,Healthy
7.416476883032526,36.198016909634426,108.72961041216722,131.10249919364603,34.48587584862072,68.8309744389575,78.44834661596151,Healthy
6.229513531883741,47.20974865688001,31.96631712306346,40.522887202611706,35.261959706123335,85.78098420909689,124.811098983267,Fungal_Disease
5.3681333314083295,56.316457915695885,3.4733062059592124,96.49977144513507,16.038609524048802,34.43813568727386,55.19152822315011,Healthy
8.985622500788555,7.171401496603855,53.72835024978733,47.3355289030585,10.98666104237877,75.63028272047872,156.0307927887744,Healthy
6.130906511179865,69.51215911228468,19.816839138295265,135.48560527223702,24.289922962811897,82.99405914705466,148.80042902149958,Healthy
6.256935121648377,17.264588750540916,99.45427064136173,14.210540162494967,30.395154574655773,55.7689125985426,63.84396778846991,Healthy
4.8181191059583455,56.13584573636925,92.55828215560035,69.68455437389264,34.71008433485169,45.85868616542834,201.84050811482928,Healthy
7.974047743749647,49.0993703188918,6.156029827003677,59.92669087189045,38.3480753203516,21.083545913952165,35.33708865762376,Heat_Stress
7.4684111289074435,108.19761167971046,117.12312907833315,45.64328331891789,31.36880995573563,83.76840178672748,18.507435320913356,Fungal_Disease
5.103848063943802,112.44387162858236,34.824057280765516,90.37475872322081,13.880821300946977,46.235092722879045,115.47149059871583,Healthy
4.411905228079213,21.477803534472322,60.51179056874591,18.34780407903345,33.89035852498452,48.584757552644014,122.94743333541149,Nutrient_Deficiency
7.402496510373566,51.31716623309167,93.51072296380394,100.33273853871756,44.44618250132087,46.88049304790498,95.92218195794585,Healthy
7.272556071405676,52.26944254445644,60.118630159315465,137.28289733267022,41.69546046090914,59.89914646498705,77.38399127347513,Healthy
5.366297634991047,21.19746215105191,61.78029239199208,112.63822002560822,40.50841182443294,76.19996585752617,101.63290350285911,Nutrient_Deficiency
8.754317811252053,111.78349070716666,9.187919347003653,120.40234540733636,20.57595536754193,81.74905048004086,49.012672185630905,Healthy
4.755289458904501,99.01196596695925,56.20209689640053,50.34914404506035,36.27758617589002,51.40565763225267,121.0357407398632,Healthy
6.161674005213009,26.65345008158486,107.07870505079768,45.48412490737062,39.78862060878009,73.04816280361352,271.3810120552331,Bacterial_Disease
8.718079600837994,51.341067203131864,128.1246872061237,72.38676965661865,33.74141716209421,77.65474002170522,67.32806436265147,Healthy
6.098636584630611,14.81270347991199,57.88959918887205,6.401726066718176,18.769661479879318,43.753386534190525,205.33533130510511,Healthy
7.192629738320428,87.94892359302615,59.30201576307104,132.35013882391456,43.38418901562354,27.729717562967462,42.535353119351804,Heat_Stress
5.987971989813971,16.992069436806755,98.3677948853113,20.129924222266908,25.778679401053655,91.573257651557,106.17198720306924,Fungal_Disease
5.37107601174335,138.0307836074885,131.98808015473873,126.42182548353293,14.54319455330578,74.16927774252743,96.35243416357689,Healthy
8.91988823979914,109.29549045630073,37.38853163351043,11.701511080049798,13.84222632700872,71.84883271010332,281.10881832249834,Bacterial_Disease
6.046670031575215,54.63339694175931,61.62018891531116,115.16748987499841,32.6631645554666,24.71220121695824,128.3946167405427,Healthy
8.470496018395671,80.99895051910963,111.43625409732216,21.27475362295012,25.31983762458587,85.42984460031411,207.13978313441518,Fungal_Disease
5.149773029455431,127.58785427029723,85.3570997123654,5.338425972806178,13.306935631263727,65.28433248688425,180.7388426913988,Healthy
5.065523520125416,77.57389925541565,15.482088154953662,100.72852303631721,35.912760025463314,87.83075338540529,42.30902258542842,Fungal_Disease
4.1556704144225565,24.429788095713725,87.8825829787172,39.23714202441996,37.97638085405169,97.96489469894092,281.8621353091855,Fungal_Disease
7.258334126879426,53.018469781362306,26.144479843625767,100.02946138980893,35.3895470775258,96.56802567041937,103.76078755672896,Fungal_Disease
5.842631718618806,118.04028110416435,71.43023077097658,77.71193506619477,17.07913071894045,88.48714771121661,13.42750673509492,Healthy
8.321791249198185,90.1898222385465,74.07445747246139,15.233034632209181,34.14214095986243,20.87578990650951,90.1331120532563,Healthy
6.366049533457786,91.10141380673204,122.66847071149787,130.49821026216293,10.375298101303478,90.85817665895652,100.69011776469783,Healthy
8.840967139573609,121.35500799638848,64.74919836174134,63.32398446688686,20.678924888744323,26.00498510621164,27.823598213618162,Healthy
4.927627578515605,125.15622804475065,39.12193911302519,102.82261889181632,23.958753599264032,88.09551761414139,185.99322191398284,Healthy
8.343115839778054,128.77096004912107,32.335288750244416,70.14288008218752,39.233643210992554,42.41392548892989,104.02926166246363,Healthy
7.882984263958709,13.278887055441855,122.39526273580705,84.61060649456866,23.66380305742915,68.80546708266941,188.74038189929126,Healthy
7.85460922322026,76.17764027483413,23.941519618551975,42.38830292993694,10.39443061662894,23.045458491990374,2.0221690767201483,Healthy
8.22391614058444,103.6713329705646,59.621598523640124,28.05044256048304,22.332124413980328,81.69453568945825,294.6145196972257,Bacterial_Disease
7.8051199547149945,105.96975831778194,26.20423608977258,75.95982847712949,27.46234344257505,28.93648977863772,51.154907563404485,Healthy
7.131101608157077,84.94026827580055,108.26256561601255,61.63065621594028,43.21516753354707,52.85505373406175,197.79929601148092,Healthy
4.656224388411938,23.350226925714384,66.41216959644666,54.61584988075064,42.93620063263407,85.39568018602411,214.73529098385464,Fungal_Disease
4.16263089745626,111.638877551833,49.16011667795369,94.15940731324723,16.330591337749404,75.62791972066681,51.482504924242825,Healthy
8.604239239078435,100.8155866920924,50.553949687705355,96.67092848155903,16.480128960880805,20.483415748645353,33.51368463072557,Healthy
7.08325157260369,12.05900801686508,119.30998894121711,6.428807852776826,15.718350976259266,52.24258676340391,45.7731575534426,Healthy
7.982686454880882,64.93337545441267,77.52835360122134,47.4242291941141,37.61226763449361,23.35420135716064,74.04547675348337,Healthy
6.4076117575627505,24.3568359330525,100.5014991583769,57.64703703169283,10.210771412894223,73.87998886547753,50.46963539787265,Healthy
4.586540944811972,47.24678639981606,125.58539227509584,13.564902562983534,14.451201936715707,97.51587934026571,202.19982808682448,Bacterial_Disease
4.625928961012752,2.5313529087959608,126.24383464568989,33.02612133776037,28.828587107543466,72.42090098406074,126.24996111782018,Nutrient_Deficiency
7.427826436144857,56.046181577506154,45.99126760730084,7.229851611185929,18.664672341036795,37.94979448940446,161.33747835460892,Healthy
6.1515294744973135,76.98276896186947,133.34317684049395,139.47389380638288,13.232476038374173,48.41864256532321,14.201036642747479,Healthy
5.002623633501684,86.74156299579215,3.482623482044762,103.11800841577823,22.595730431684203,98.13204445267742,258.37468893021696,Bacterial_Disease
6.457972733707185,92.8886483180194,52.75697854226319,12.243021910385515,19.597266177108565,37.924192962588,51.17146596185766,Healthy
4.3210446853756705,117.0807838343444,125.41184005123782,2.834913170612896,27.88865072799996,64.92232584435541,108.04569943652645,Healthy
6.909857009571994,30.164807018602204,38.44916317437761,100.70029202131923,44.27317578405685,52.03630469453958,21.570491948330094,Heat_Stress
5.344967022175489,16.867455141385513,38.231403044984575,61.486903195573376,14.350662288522145,81.46522383425773,41.0379403944989,Nutrient_Deficiency
7.987795503185941,119.2152040657096,42.36711991146442,110.15153926904064,23.045434669193302,89.39114175839097,199.73982299269844,Healthy
5.551809794617869,21.925794084970985,85.72387387856911,129.28664529457373,42.619475625536616,47.26698194802374,207.77610067670668,Healthy
6.276100745409006,136.46641138706735,61.366588586009534,83.90205446229216,40.69055652228379,72.8317090959506,203.08964538760563,Bacterial_Disease
4.058102699540504,117.95535211580918,101.74287708946795,26.195179208415425,23.79948621744982,63.923815801418186,165.6410363538066,Healthy
4.362234438972794,70.12272482454388,125.2874899590532,109.50716504650336,34.46336425819078,42.27555920443467,285.756499203572,Healthy
5.962467782033424,137.39899948908354,94.3879124920005,133.81364404441243,13.074995475347094,41.755264225040136,152.15314823057292,Healthy
6.399694173585617,13.63274207512059,28.62534082766057,81.23238018839383,34.93893694402653,63.090531802584316,134.82360878893397,Healthy
7.000102740596518,42.42920656451423,130.5754663304703,95.4796426193027,44.05002053196595,32.32022988258399,74.26366971514304,Healthy
5.458312893546516,89.3514181056856,37.02900226864699,47.24645730513423,28.812085349196707,84.86479171859771,29.654858779983783,Fungal_Disease
7.474909430632713,49.000961586245026,20.985201345942137,53.41387725244357,27.4471579462045,25.520387136032163,164.44647898985363,Healthy
8.300611985946023,129.97215727731086,12.595419040534527,102.85162969942895,16.55615168956686,27.565958896665308,94.46705600784843,Healthy
7.899254944466749,9.18765234489446,78.87372369326319,129.88795377695467,32.18258696175521,47.378104714181404,157.20761495715456,Healthy
4.198094126741786,76.91765648853504,15.926744747291252,88.05837421140932,30.66530482726202,29.447340655770667,61.83572347814391,Healthy
6.4025347362891445,82.72127743531603,19.428623775768305,110.57870718794865,32.81765708165127,58.056001700439396,251.4518016623734,Healthy
4.524650892090874,91.38193732881138,42.00426728336953,24.028902438152222,10.912915033965264,51.974071235349626,299.9091628977207,Healthy
5.210225079312638,35.79327126645402,39.43142135582494,29.674272636116296,29.205322092217575,77.74478367085736,96.72105303619485,Healthy
8.933312966335732,51.03929985278102,84.59353144649992,74.48485615667461,30.822719522408057,96.24033241677763,252.6982821780989,Fungal_Disease
4.712477714507566,118.11527415309686,114.34433912617541,24.717586913997675,17.263554739448075,80.28468677913008,261.89584091772224,Bacterial_Disease
6.49444076725678,27.291987655822375,106.58895186840493,88.89930983092931,17.29165001209876,34.35589303044835,298.8221366271239,Healthy
7.090778671590596,115.76149860427068,36.74782366030674,40.831445955257855,19.667635897883244,94.84170283715224,102.81603893339381,Healthy
7.5123248527205195,78.77175920638393,34.34346971803719,110.81456661336487,34.91025571045331,51.37067460424538,226.81241811423172,Healthy
6.798243417434571,106.70625156717149,135.21081421497547,113.13544852600808,31.219312223633008,57.93514887415303,68.64270109259563,Healthy
4.048854237095918,99.90503127688602,1.1530738228744175,64.93024380574943,39.60169261412316,53.72609898965084,187.438800387643,Healthy
5.632306541219959,29.051609353883062,123.16087462843021,25.31348890526894,20.348050014508438,42.443761863017514,211.45277084185128,Healthy
6.588558216923557,79.6337831007422,27.961992677136696,90.54849455147055,41.92238209609114,91.60354302379871,222.3362077605289,Fungal_Disease
4.439332495724167,121.48124139271293,132.6198052325675,138.99018255690208,36.02971566941754,46.57910927172929,62.15165057533849,Healthy
5.753134656045904,60.496273152270106,47.92301987585276,87.16272571195326,23.825408450479394,66.28771757436371,254.61767114885845,Healthy
4.166015543956833,135.32270783126435,61.64924834505533,5.0084566999610995,13.334172296890957,39.202686749946416,126.29155811776256,Healthy
4.3928924857751035,63.310114014240526,98.99688595221333,2.4211566073915614,18.99442818706189,83.79002998161442,64.91085532036651,Healthy
5.984616381007981,19.989989133503855,82.27366720625645,44.85067586892286,43.48688760251976,81.93589276233493,162.75932651157046,Fungal_Disease
4.6635787702153015,54.52085521087425,44.51150615895519,27.40973296045668,20.862718155942776,43.70497107576352,259.00713888208264,Healthy
6.837704241307791,133.2383368946752,77.5363282214953,113.82716900006314,21.546533605217256,74.52432585147629,290.12637293343414,Bacterial_Disease
7.447324845686329,44.760918907579594,102.29896381080407,118.27279338504006,16.635612588420095,76.30988264759597,224.46234651836232,Bacterial_Disease
8.002933495545415,121.5337423813888,5.926892426348893,36.20662798346666,38.23977103985679,65.0009132883813,1.6868658814087278,Heat_Stress
5.000751221224051,123.37509543546457,1.5679027357985764,45.59026877298498,19.647548058479707,68.04787058173362,40.41022813978684,Healthy
4.837412911295349,49.02611340647455,64.12937147020479,33.07457548011605,21.559038692909947,65.95637106326366,22.882195931659723,Healthy
4.522839201672001,11.656072127088496,18.457126492491987,127.17355663197696,24.50218379510693,26.549152319587648,30.364122898165423,Nutrient_Deficiency
7.182151247718183,101.43810728223455,93.00820080506001,70.37090684711951,25.180489792111338,73.6212275771028,114.91048680593254,Healthy
7.532378632434506,43.611721861958046,29.967343871840786,91.85918617148279,24.39692766452576,57.582000787095296,101.54799444858833,Healthy
4.15793072412821,109.60930599606013,60.599154951393935,58.167492137944464,27.631029338115503,55.076582443313086,34.10549438049302,Healthy
8.681061231218449,61.97167875646063,27.673931162397654,88.34198709063436,38.50795078657411,88.79993750254405,264.6706054842747,Fungal_Disease
4.259856418257362,67.93734392796702,76.78770200487743,54.01975274104305,38.67497642597077,21.858137076889417,184.62827289970807,Healthy
6.706481676505352,108.90731694479516,16.247484313839646,47.55498128209156,37.94095968171714,40.10519343670041,238.93899268693468,Healthy
7.545302597254582,53.5308663486279,3.234959390247236,88.82721024428723,13.539369369077063,29.712279987419706,111.46481665662927,Healthy
8.354845618730428,62.037828345208034,7.1584293349376065,82.7486909268585,37.98875811461849,22.82728356877806,123.07080488627037,Healthy
7.570434660662139,52.6666656277471,133.59618181214339,41.09391358351295,14.208812072030188,42.0541598140758,95.2863631610184,Healthy
8.008640415348959,51.42767213881919,19.920070605531016,20.908783044726277,14.36533195182903,99.07810182357422,131.52798362954732,Healthy
5.697250962714031,73.63252076620432,99.18695543915693,51.600737137339266,43.17519700722363,41.6183338566059,183.1131787065161,Healthy
8.074125568732562,113.2319222301611,9.509668591195675,58.12766947986729,38.67892456469394,73.09646558366171,147.89520235207243,Healthy
4.400574231923375,50.64756366915922,15.142449312925503,88.01580667944468,29.334366340380303,29.463911203257716,251.37510185653505,Healthy
8.474083280302638,73.39566087528314,71.24267519730685,128.03402690916093,40.623957156725176,68.1478104037784,270.04175058294726,Healthy
6.737961880768681,93.90182556196412,65.08193022160812,5.06587165460952,44.6277624893152,98.75851865106506,140.90515601027977,Fungal_Disease
8.086488849812469,37.7215224825117,133.22124332158174,34.11254175585829,31.372472332112213,43.347001876837226,71.92439410459482,Healthy
6.261591422591501,38.85319268633496,132.27696342290324,27.120231919138448,31.45144529435313,87.84604931004662,283.55772583779265,Fungal_Disease
7.217888475982625,130.67783778328368,109.14520995594512,70.3212172171297,36.40494602059748,99.80571042932284,220.51159291527682,Fungal_Disease
6.632013304680566,101.29484026635241,84.29425621782896,60.158112986042376,18.124863332786646,67.08432709765952,192.03812581616398,Healthy
7.657947608776659,80.80613467126324,63.694444435021545,102.06526733482639,15.849370153157977,44.75208803424283,223.62412008719278,Healthy
4.4081499101529475,90.68080761888568,49.864994805978945,33.93822775628094,36.58532625052754,73.8825007919325,22.794534719076864,Healthy
4.301760419952819,4.101922034478571,132.59225657657777,83.2297712049662,22.071667824793582,87.5878565014895,20.287898291301754,Nutrient_Deficiency
5.235516170050732,86.53441517863756,84.40723359945598,123.7400169039943,14.72746247070769,33.70801943695827,45.936195774296216,Healthy
4.797723400565942,71.33124225138826,81.07015387603923,127.49488358856266,21.020720407121242,56.20126110731626,44.23529023215973,Healthy
8.358917832961009,76.404955169121,32.46615704764808,134.22984466150436,22.552290375610138,45.535016809907276,126.20114245482134,Healthy
5.096069936790221,50.319335756314395,6.53769450391583,108.2565612911984,43.78296808269917,42.66871975699039,47.22122468560925,Heat_Stress
8.879326279095656,11.406345679811864,132.3264011663362,126.8383068762481,34.42858988807731,88.8657008592138,256.35769327997895,Fungal_Disease
5.684478958855534,27.067492705687307,43.92293623825155,32.83432207793839,28.579971108990687,53.73232054574708,173.42907927840776,Healthy
4.9105895784434965,133.10425984977405,61.96246326542422,27.66133220906678,43.91055985389117,47.12610734431302,110.47856890507542,Healthy
7.948492535712395,57.21793871793076,16.049592101998957,0.9083317292737036,41.60989091659632,68.2808433140811,20.88676146758013,Heat_Stress
7.29353887750438,65.33564181632099,117.16940618730088,98.95821004007377,27.920029981495592,37.5521263709905,177.30833878773754,Healthy
6.490978582265695,7.379370579481459,3.868456599830288,131.24540629392422,41.69878723819433,38.39147924544632,34.9598461776379,Heat_Stress
6.776817754688156,5.259272136157282,116.7587066938735,26.1709483058347,24.15066303219298,61.62309846972037,222.96607512078185,Healthy
7.596008891361319,100.40540258654607,19.63990179031535,89.17210055976304,18.06472328748186,52.74181829169473,240.82742902314644,Healthy
5.142273706656494,75.33325297695558,124.1189757683613,104.50436629104885,18.14373618877298,43.59859071378595,163.19287738795236,Healthy
8.98166958028371,71.21883779027733,102.16816922706204,129.8659929207279,33.181043355474436,24.316090581928176,44.88085774225724,Healthy
8.873965810733916,34.037434259173615,23.053836751022715,90.56043136241104,27.537461224754697,61.66193909108173,236.05881712213966,Healthy
7.251628431734685,104.26510242818911,79.21451900032554,135.8411225848253,33.06327964519063,85.328736448086,92.34833677780018,Fungal_Disease
4.997712254645726,23.553121075188862,43.77188400973073,48.254239741756685,34.01265874917595,88.11017642288463,66.79594282603794,Fungal_Disease
7.401141212156457,26.590864112542803,24.952633847621684,48.98999472799707,10.781300551420117,38.83519837808642,141.1669923055276,Healthy
4.360992044895879,64.49970398875857,120.28550791755518,76.02175140200838,11.891385732176582,67.97129631579907,276.79387241487535,Healthy
4.15326251102903,40.079180695671724,56.493187311012115,53.69026335622699,28.643720430693747,88.47050475703523,89.2119876223571,Fungal_Disease
5.288414442556069,34.64481737264049,55.79612001115355,0.19960196025456733,16.68624172160269,52.69807426210118,271.67355029178606,Healthy
6.313114783696582,90.33327023746644,23.7841344729268,102.44808351217823,32.13868190815539,94.57094538460228,16.095992621948362,Fungal_Disease
8.341362527041902,91.13604433059623,53.62919465200902,105.24038580698767,29.326500870972684,92.23828233036423,25.057111505384043,Fungal_Disease
7.63584534883154,115.43238977199009,122.02635848603903,104.57644465614787,30.501612542981192,36.650711793504755,209.5683075405741,Healthy
7.713532605999905,58.47919937621662,50.83801946854903,48.30289332546533,20.585938294085373,40.7171866320163,57.17779843445266,Healthy
6.127466672240377,10.231912743661034,133.22449874997034,73.12052626356407,32.39452271972638,34.43535989167751,94.98620495898761,Healthy
5.729674962734815,38.31329388900407,132.48324588917424,50.396292544733726,39.03224227697581,35.684348116376185,40.91189429417371,Heat_Stress
5.855193814923013,137.20076484755438,20.285812303028443,2.245096004290408,44.9324938757283,92.62896697387984,99.6744807397645,Fungal_Disease
8.938247818680289,83.47620053257829,24.82357549317028,78.74285177799862,39.3455535160275,94.49103273540983,84.137998167739,Fungal_Disease
4.200545957062412,99.36319187214283,120.77436984646448,17.326493251761544,29.51245658879816,24.151779294810474,220.9012916966951,Healthy
8.335157480612242,1.030096147558035,54.98652864946069,11.205785372801685,16.770035708798478,67.48826845377639,210.60701645671315,Healthy
6.893377042861967,72.54880250555291,0.6123575196213071,105.7698696175502,33.85060566419373,65.13852502860573,286.47815292850964,Healthy
6.193077095947952,5.254012054452437,38.34205475875194,1.3308683385347875,42.817882494529236,51.24381173795679,217.32650555191225,Healthy
7.626288302075682,79.69222969280271,83.66805904737839,134.26118210522165,17.415328890630583,70.53580742584856,208.4453259064155,Bacterial_Disease
6.433344707123514,128.90791894905055,111.89723523439552,72.13575097576076,18.9598467184302,95.78942604086801,208.26116671879552,Bacterial_Disease
8.367116190408304,135.5786782700571,18.674406393056337,137.62230029886078,15.21529901940779,33.62039061777169,264.8902366944528,Healthy
8.503509320056292,75.67737455444939,15.475791018342948,8.119660146179179,35.785257526924056,29.63287277731645,88.87101986266502,Mineral_Deficiency
6.108604634367277,64.14867273531023,129.09297150012642,81.69413684122786,24.229652619828073,22.671245666318054,90.02763275814128,Healthy
5.384138986175258,132.30239319478915,105.16077149516157,48.90578503662757,12.194347361023443,49.10666462721147,222.36414291148103,Healthy
6.961751642966811,94.30537647953732,82.56914410893098,118.087548994,40.623249702159804,47.010278166229284,68.61154114503822,Healthy
8.561816728083455,9.085899135377325,107.68615059942992,50.57118293280008,29.518516664589832,54.46557505269151,273.606001244391,Healthy
5.053310945028333,65.20158087344966,60.039610582929384,36.46826106802887,21.588300220012453,60.264802470475914,160.4345175260658,Healthy
7.114832917817414,33.634302585002544,106.18380462327772,120.05743779398786,22.039404162138393,80.62591952243638,90.03747842784952,Healthy
7.157801100462603,65.77260500281542,52.052418778435005,52.451432831456536,20.158792706681737,51.36907123660147,232.82997890699474,Healthy
7.665565112076405,63.765180080890644,34.17324014896433,2.3566647804786056,25.941806033742463,46.44904874889868,93.69618896258882,Healthy
4.6578384256362995,81.50027239406388,102.06187898101561,54.64047411750673,21.796459097085073,86.15030562077015,288.98349512156153,Bacterial_Disease
7.579124823410443,49.947868648895174,58.75412090201756,91.63311766153187,29.178120642471328,87.98373365229251,294.89676291749544,Fungal_Disease
8.545162603328205,22.997862923829928,137.3927946056673,35.61033543289346,37.073103829495295,38.621277143468255,200.03887258985884,Healthy
4.898415544351209,70.52072084259387,48.92792552313414,60.47826293952202,33.60614492055307,45.17374581690467,34.09016692506878,Healthy
5.187716624619388,116.22840380840668,129.04183887434922,7.940119359511573,20.3059912463941,86.00930967280706,78.96265497998776,Healthy
8.856975470208198,92.96171192946431,130.61475679939113,82.332990811954,28.505935403892273,26.352659543821186,154.62508866481662,Healthy
4.904884763547448,47.37150122953022,33.85941258906446,105.88128934045513,39.40441559692878,46.067742431259035,255.43423502939447,Healthy
8.271925466847895,130.97322318624,111.75096542232187,57.86375859615544,12.387218215995391,55.868008563268894,55.46594908260859,Healthy
6.461389282240174,127.7090599748855,60.63043072023912,58.83256859220441,12.740404344541666,34.96572921604568,31.321037704179698,Healthy
5.236155372015885,29.30877591377383,128.45346181224872,12.359549801888301,29.46595238174137,34.39313572885585,22.343244956710674,Nutrient_Deficiency
8.353749506362558,5.518461916850816,63.01739816893343,28.271721031677558,32.36902949364311,53.9889646410823,152.09026870801407,Healthy
6.2265262750133274,103.78321916910672,104.20252042723125,21.65454243790777,17.399455552156642,80.36173797878845,265.41029087841173,Bacterial_Disease
6.574086769648451,115.86543658888147,65.3754372829317,67.43628761261532,36.08270443420313,87.2186383638102,12.707772793167704,Fungal_Disease
5.796166846998829,135.50103923318974,31.892105799799864,74.09577573310501,32.61921819642546,98.33880740289386,63.69646019806038,Fungal_Disease
6.964754257174637,124.5770951723635,27.90901805225608,132.8516183797964,42.31512438827003,25.918724007337524,207.9771047518505,Healthy
4.817619362925114,84.07486754889807,59.56036719588838,10.252410598812746,15.913397065048786,37.334576091679416,247.75903054311462,Healthy
5.955407683258803,74.20732748973332,105.7692519819901,83.9815162417066,36.29809928753037,80.53038739073583,242.21985878975087,Fungal_Disease
8.847061611676438,3.897747176762081,84.71000792530735,73.70979382595378,12.927508170414345,63.24789648445295,235.52041719609932,Healthy
5.2906671635056375,34.5319025582689,96.40810058607606,72.27263371101608,29.78523433312641,46.21438191699346,38.93994024400199,Healthy
7.283683322706461,64.3460652426097,39.525689102471944,122.2423002335957,29.316329882470104,36.44717289977948,119.17127465487555,Healthy
5.625950321123474,87.9905460116995,67.40094843406477,28.775385897368107,23.59347656263592,42.43820413139584,295.42339884952395,Healthy
7.867365628433003,78.01525666457749,6.215337095705779,5.7082584077920036,39.55999016839985,54.34311602407615,296.66627147642646,Mineral_Deficiency
4.654368303591749,103.96903855543667,114.45453823413689,94.11801106878696,10.152972567510428,34.17209756048262,180.7282175862564,Healthy
8.849105225392723,39.16737032418572,138.58490271358244,48.32204497903722,28.206279066448225,97.13807647014005,212.78016141634026,Fungal_Disease
6.268947706918196,79.09336507134626,56.963068767453926,2.462588269753443,17.60037424423156,28.607075567989952,285.3851388855927,Healthy
5.18025231673232,12.339914074710897,1.534911438416069,35.192361020657934,36.02245166907515,98.84619475913753,134.97835837236312,Fungal_Disease
4.367483736650064,57.913173301648975,23.770969537132633,43.30574839035366,11.507359920713402,87.3514628800538,41.06005736513798,Healthy
4.848789525437704,105.02251661364414,91.35376288505864,86.35737274979388,39.10441408635522,53.85212940109913,200.68466265482346,Healthy
6.598869742780089,97.07611948006615,85.69110454854028,24.162011166898093,39.333227934743306,79.18530675105681,288.0306914701571,Bacterial_Disease
5.685015882156431,138.68998320410506,110.30106074197616,57.82760871347572,39.1503104341226,73.72121949571088,209.16182815988833,Bacterial_Disease
8.144416829413048,38.904757638285844,35.543761534549546,67.54656221849655,15.339898435643445,37.06295343591448,240.99633810712132,Healthy
6.1544376183090295,69.74650188435707,106.90846817659877,64.29323479097273,32.06422814963657,47.12560688951571,126.82464119118453,Healthy
5.24357136293815,46.13425792835954,96.31776301331377,136.35170733334945,10.502857571418636,61.04980502443663,28.93894624345532,Healthy
7.08572493302015,61.68443596828446,45.19402967993806,6.370593290641455,39.67869069512199,71.02753439101815,50.664625965519996,Healthy
7.533886084427229,119.97301818171434,76.36834072797468,133.1355461033359,35.30413177280172,63.43159850852972,294.79644883064316,Healthy
4.835209539504749,95.78927052638812,20.618333189765742,81.47120995916467,28.590380581473845,57.838996880517904,147.95529509828626,Healthy
4.838096081441588,123.54176678866143,63.359030480981566,111.40188009577736,35.5707001583816,55.45218187639201,3.6061770531749637,Healthy
4.183357134667715,28.491555166464103,123.36762753778973,60.25496652225056,13.301343382812028,59.861159943601436,286.61018421935216,Nutrient_Deficiency
7.682010075328202,122.27055649780132,58.96679317555471,63.53730337597726,28.50295412618997,54.74812158767762,149.3339735913159,Healthy
7.3190226381090255,8.366718384973819,117.53933890655908,123.1057098622153,20.19467721357559,63.306406203657275,250.88051948755128,Healthy
6.373154378749069,124.40389926120133,82.63547113635721,125.4308294808663,44.04168121280406,91.03882392373335,164.53744261106803,Fungal_Disease
8.220852244845986,46.07032912450191,26.862739834329947,33.41644340038167,39.99912827183656,70.62634504436893,30.510685102428326,Heat_Stress
8.028350764750266,44.042268677969304,81.35487425770549,27.893863001846544,35.664649354189194,77.80966999908321,184.670874639584,Healthy
6.926771821983761,71.69240073781295,70.83766608198889,69.47292434179315,42.68116723374062,67.79865069846213,299.2200828958828,Healthy
8.341356402566293,131.69662628125243,55.80978692749376,126.03878379787683,22.13951565979158,71.44141459312019,10.421334793782922,Healthy
5.029206050183841,6.689391055396752,16.748261532249845,45.12971307686468,41.530796464586345,66.26798627585441,252.5382592545132,Nutrient_Deficiency
4.55959809698864,49.31233650990434,58.33921293861218,91.28204614747838,21.383338123734863,22.149321775665854,70.64423869522949,Healthy
5.348748057584948,119.920078415667,10.186732673547796,99.14123628368415,35.647885189190355,99.96787057600159,118.1598668136557,Fungal_Disease
4.285434280446574,55.44762684096534,13.827667195825175,109.01445308518181,35.774591912175715,22.688739217031735,111.81285353186861,Healthy
6.65584764000516,27.88196566358938,58.22831461058024,78.94942410893485,10.642245675893271,51.611840658692294,269.6391582807359,Healthy
8.683028461474807,59.47118538639765,42.75340747558492,56.34372495905574,22.63708943973683,28.409254263914676,151.34585664955145,Healthy
4.196717703342548,53.977350208833705,129.57620562071128,135.3822384318562,10.680143534297425,27.754276035274597,134.15228605032826,Healthy
4.610549570050134,128.1582682053385,52.59881275323787,85.58630546239938,44.8982206163587,83.48215613395868,245.4075326510329,Fungal_Disease
6.260995141417176,106.67081260403359,106.10013709009402,101.99912962865791,14.27688666402333,54.07406234864616,14.672140291484325,Healthy
8.669375087639525,70.71617780416089,74.23465369127398,48.297598397422966,28.99838134768383,84.0910966639012,25.936894528567134,Fungal_Disease
5.580780524883752,138.37187934101996,98.57199360992696,93.79288534043121,37.669468356692306,41.82291765446652,6.50665706288679,Healthy
6.536174043441962,65.13885437862926,36.41623762215588,36.091672702977625,17.044226079131235,40.51702334449878,206.3948712022652,Healthy
4.2078642952519605,8.153296314838531,131.86669619736608,34.313568454009065,26.976843383341542,40.09851054515697,157.68484112375435,Nutrient_Deficiency
4.741716004810444,36.718405054097886,74.21238956801935,100.06110825331969,31.26000663224028,69.29165011263353,262.8066377604848,Healthy
8.933150614794235,61.04986723070377,116.38536997993495,72.99526307681091,15.607166403844088,85.199951187648,149.55987089178169,Healthy
8.825593482180228,21.966367380456816,51.10639708665589,95.65872545913456,37.24944109690385,56.180880806019246,66.54587182859825,Healthy
4.024699904672048,132.65911768536603,14.029588867073436,37.72138870473283,20.476776001627787,50.33991125128659,241.54421193132484,Healthy
8.759058927116195,107.35884569448824,94.31963068091883,83.82126774794226,17.38580767185941,97.88636433613195,88.29715626978685,Healthy
7.195599689077502,37.56020805988817,1.086350767239428,62.15071095843576,29.540106125309592,29.340322880931105,280.70693464566267,Healthy
8.33959147260011,82.71263469250822,66.54101671917115,83.5744401583739,24.360976967502825,58.930614563591405,75.12716635567213,Healthy
6.273699278169295,101.00288199534009,26.992266373304293,40.72316251419071,42.210008062274625,52.679020254514754,50.316195861086044,Healthy
6.577980142896251,131.7790500469517,87.8325706209507,100.16313491087735,40.80219443693539,27.85012772695123,147.99719745320635,Healthy
6.444232901284601,123.42894888455749,137.1187822392993,112.83011126232518,26.917273218610912,41.456028967057534,15.154535391072999,Healthy
7.334321287730521,72.12691165934991,65.01640688489043,36.388306340081314,22.574232115395915,22.275297006328962,10.923518544785294,Healthy
4.698256273781564,108.45136677102246,114.44975591359334,42.08687837978989,21.39312935709428,90.15634311863656,148.8043635766374,Healthy
4.14986794936339,78.7002655358619,71.08978617315695,92.56159776067301,19.364726807852758,68.6279623192321,64.53206423843628,Healthy
5.539649707955954,77.37854460637561,69.41760435456337,97.38192440249618,29.059174879936705,85.20147982962006,2.8057915185543902,Fungal_Disease
7.523403813683234,16.063874167346867,130.2592890450289,98.57395581564302,38.17425116570902,61.724356192239185,88.8170734294565,Healthy
5.009267260614742,17.65927212226129,124.59522162453541,95.57779066861715,20.876481287124523,67.96078635375154,143.21020615397757,Nutrient_Deficiency
7.367162166624587,74.13470610314404,110.01206512631641,54.99308037335543,16.65329313908285,76.06835822473319,118.28661043812694,Healthy
8.849560230536353,37.64061629706092,41.475805464349776,55.27951441651497,26.641933216415037,92.6409301971372,40.64083984812693,Fungal_Disease
4.469503578947092,2.9451663444656084,76.30117820135168,35.6744673102134,12.416204587918328,27.34015102606766,173.90244834959327,Nutrient_Deficiency
7.363010591125631,101.19748854602972,31.3456126627959,21.956717985490815,34.54476521453974,46.475871578858154,213.09989734429112,Healthy
6.218751096522856,4.548123536623095,62.14833772651557,96.9608331155668,28.142539320567675,76.72209525600005,202.6617486489886,Bacterial_Disease
8.340711271887526,83.33875775456764,67.78982920637068,13.046430036123798,27.373118279049894,96.66804504011142,118.12857638498174,Fungal_Disease
4.885748947236929,75.48713117782401,116.42960562370632,131.29092015014942,20.515588284250786,98.46459427920044,41.278845351334205,Healthy
7.463129761130823,135.63405668089263,125.44397114549903,115.73608251400319,41.663570313610784,71.048240730981,149.8460320472168,Healthy
8.19057644824055,67.78983950866983,58.0468087355069,120.05080359401586,13.167020214734345,35.48787822038938,267.1295264811248,Healthy
8.723071097370116,8.90420109289163,2.478622310253209,126.93363404612663,40.443840311046095,29.53671291311654,140.61685468236985,Healthy
7.416240141448229,77.23631549290464,120.64833757050965,57.204695901253615,23.18468208455729,95.68349154243404,58.704314922476286,Healthy
6.485873820042136,117.7534638862542,24.399014990190498,118.53810126905614,40.821823059125784,54.714215157000595,27.915990928119115,Heat_Stress
7.089236201006069,139.5588997994016,87.0634749446551,22.128582040830906,35.506651041633425,35.58528266101479,283.17799142966385,Healthy
8.34452492239359,60.24804431647015,3.495926060778367,3.0298512451529946,13.64597543317134,94.71140126220808,222.90282266307446,Bacterial_Disease
6.853048733194148,44.84182394954395,55.930906536479,109.88479525293903,39.10377002782738,28.361941725144952,93.89009181014471,Healthy
4.151935298484184,126.93146157327985,138.03444229614897,10.471530719571502,33.87618917948268,78.365687748566,88.60572186155234,Healthy
8.65474347753489,26.77389807065699,14.097104154532435,138.39345342562902,11.130566952037196,70.02104220346673,268.56554601677925,Bacterial_Disease
7.447633755157805,86.16004810460973,59.31704127994992,94.47150014421783,14.67959387383845,27.018773150471347,53.27047044289534,Healthy
7.382566928886233,56.80001938533268,43.00099302659331,105.48295943389476,32.24698195424933,47.09990365115537,160.51118689696335,Healthy
5.078375761988585,5.751531093777739,126.712337274357,34.41253987890123,33.19101760080997,31.994455163200854,214.0512825537904,Nutrient_Deficiency
7.294427351163286,48.620386402797685,121.70761510702972,94.34115514875634,36.13280014931583,68.3598874026529,118.91710558970688,Healthy
5.969322028270792,37.13199315037444,33.27782644287203,6.050791215694009,35.20858902712437,58.169042534194304,11.970702762926566,Healthy
7.25616488520746,96.05276155208816,11.366290187060365,117.29560078930412,33.08319841344842,20.34200997283928,68.32764411585647,Healthy
4.532965151539954,132.83066967686855,87.79937516855645,23.747373024420142,36.81836156112479,98.05684530271265,270.5424412327121,Fungal_Disease
7.28922652301518,37.52660623300928,47.091619663719364,97.63012935672788,30.127999706233048,47.966771991163235,156.93569005186632,Healthy
8.997068628853333,113.60523148123545,94.09181468484883,31.427270172581967,19.127698493355922,40.656351426964,244.63237394639094,Healthy
4.24106019430278,7.750374371377333,4.496765849494027,9.583443719645983,41.933181480575136,37.79543646352821,166.7056628371852,Nutrient_Deficiency
8.885870921106587,75.33694140557384,18.67589292484852,67.4091149969152,10.637491082619228,32.70527169388543,283.080628713691,Healthy
6.034539803614353,9.877008919385242,96.09211258817007,23.700069438190525,22.829660195502157,99.93096609732079,272.74022266705356,Bacterial_Disease
8.353767251686296,130.76461875828952,29.73189174234969,102.12215836571697,35.51046025840072,43.608757430528385,144.86641260312058,Healthy
7.911927420291367,107.28917927803462,120.06227460673622,33.259218073687876,24.950461440238602,52.441079777942534,95.48220763090482,Healthy
6.835081304933339,92.11298756864292,8.20272427941896,47.946157873016034,10.869204261800501,89.70847329424711,180.5006362036831,Healthy
7.692246046256632,115.345493427453,30.167477589980447,79.44149517702621,12.309331609067462,71.35100028343025,202.46630450084206,Bacterial_Disease
8.39257780650674,90.65277137982284,139.7984347879096,39.89555886082362,32.7023079198401,49.4955529396218,149.50652769018947,Healthy
6.020701608255165,135.65221560440077,60.63065436215097,52.91833626939463,43.77026097918549,91.86627487390824,246.68496632852833,Fungal_Disease
5.635165807816193,99.95411270106801,98.41519289625009,114.18704794565414,29.315227254207464,79.97793617708801,54.998556535464836,Healthy
7.337966927817924,129.45220534151454,25.572826839981914,25.089378938543597,27.73652363083192,38.232040603335975,100.32354918720971,Healthy
8.039229709706293,72.39846488148932,85.38162289797528,11.508222527470714,21.141382456969353,71.49911956799363,205.9129072099359,Bacterial_Disease
7.811425673883079,16.389017817460772,101.65484957171859,45.9700899186227,18.98417358531221,93.79187986339213,74.00515961626718,Healthy
7.989068244293172,73.94488099922239,44.026729021311475,59.41274738194294,10.734474361469966,59.716870276033006,131.95342340509018,Healthy
6.177916574064665,17.762195928833062,116.0455956766229,75.97229949911947,19.55342036741649,78.68899222653337,289.1200639884878,Bacterial_Disease
8.089171080875108,82.9490870846967,84.47846098611966,52.139317464500984,25.718865430283834,97.68829951913274,187.76279180597223,Fungal_Disease
4.601045276853042,67.54902847387281,54.47722134610423,110.58763803119271,16.928242406713256,75.23313127161703,284.7171703923377,Bacterial_Disease
6.722445489804247,87.16055569658944,78.0699350680422,5.504728273586257,13.057179596850023,28.195095181286447,216.73242097457276,Healthy
4.028793302490608,1.4065773476764232,80.7465186410294,60.44745534779811,35.12047535391109,39.564764074503145,217.40003090015188,Nutrient_Deficiency
5.622929149501352,27.277668831750972,23.174940977141244,53.51582805189665,41.311709417382346,67.60771498741191,177.55715210706168,Healthy
5.832307674356989,68.78626046769833,56.38253178137526,90.66098871296026,42.787022439047995,42.04446522975249,42.662578444418045,Heat_Stress
5.980863458046277,133.07049862247888,48.08028232272903,135.27867526563543,31.629955497394626,96.60333643113118,155.91428726588632,Fungal_Disease
7.477336033449311,53.70526564972218,56.12638116107765,71.4525569280407,11.847110390974864,52.4281627217739,75.7998601510413,Healthy
5.942790506351729,59.41208364750885,106.55548238793611,138.16275857184087,35.93019204866207,56.578432458589205,299.60176630538405,Healthy
6.2434681131126535,100.05745246092711,67.55537704533417,42.31491528784765,13.853335684166023,76.12816747760938,80.08858203036617,Healthy
5.187720654371637,84.53098602005653,131.644261453497,4.321538555944542,33.44118411907384,61.939978507349934,69.20575303843455,Healthy
5.8662589581467,41.84966101376665,41.11469787018107,23.192843446697783,37.27780425117565,50.57167735110147,187.16494653721338,Healthy
5.136348136315758,57.514295379439886,58.198500959890055,55.317483868439425,35.405264878926545,26.131030012366303,153.28464396588905,Healthy
4.365979618842218,30.477971840012543,110.1739534670658,44.28674728639731,43.315933201639574,67.7156471606291,6.405873976354249,Heat_Stress
7.017242966906889,135.2430042782292,76.44344306490504,13.587578337672873,35.83511995635864,89.40640246352277,38.859953697740956,Fungal_Disease
7.341063992775081,18.28881341803036,76.58394049942268,60.57241507670036,34.2623422293633,74.8609953408045,243.31288254825378,Bacterial_Disease
7.097451730048072,52.057149839298724,7.467622820725692,47.33620803233878,19.161011026408584,50.51960080375618,145.10758654426817,Healthy
6.317470219002862,3.617456110801567,55.80395278058381,17.16669086404138,42.36690402525656,30.218085169850355,43.804564446904315,Heat_Stress
5.898928900896149,31.049128870696496,37.90272253904255,41.45639828566725,16.28403547779584,85.30705495233951,139.57276885072008,Healthy
8.316668247859127,109.26595937322169,139.90691719635615,124.10104774975467,41.67138140155942,95.33986897849638,75.9447249247211,Fungal_Disease
6.59540892568109,28.164532520443124,43.169709888523435,42.28684116850763,20.943189017106864,51.06183926370118,67.07743833370313,Healthy
6.395909388148655,11.208876354055183,123.82951487114089,99.95375925388723,14.555725785718407,78.29137513472492,287.3175829335313,Bacterial_Disease
4.1282103290321785,66.42344517823327,94.67272290566684,85.68659115208578,38.933905954490974,52.861075191260454,108.6073580573223,Healthy
5.7062391381307815,1.3956928628325893,47.72829728689266,59.80536273717205,10.08734087602902,60.18135510817595,13.929331401701738,Healthy
5.900978093929285,11.867261619686644,76.09481297237731,33.463589152513684,39.12309111882907,86.91811044931278,291.0980017911908,Fungal_Disease
5.994113904484502,113.06762173881651,117.67502319288712,51.66205790843236,19.180914471609157,26.673947376892286,238.45187243164736,Healthy
6.900861846136661,108.0062682803449,123.67156172432766,82.895009885946,40.96524454644675,62.42682790293641,76.32399196924754,Healthy
6.668012733634392,128.11943485668544,22.45514250086033,49.10545006490969,34.20177137845527,37.1696219736978,122.66755041161741,Healthy
7.039525463967223,119.63216102750494,47.540239769143746,30.085500700392455,33.31641664977065,47.18447563966099,258.6868723785385,Healthy
7.824416307710641,95.64457885357453,46.931245229900036,16.304784844828497,22.78618471076952,71.55430597138194,107.22405579698227,Healthy
8.064928693580468,7.326600022092798,5.886271450632257,123.16737130733914,12.079104086176985,22.178272986947867,170.22121260197966,Healthy
7.590615381132472,109.59880651813205,83.75328637926552,61.64381660526679,39.0525584371952,67.50600791785301,160.4570608993838,Healthy
8.777618479774674,118.37151351767847,119.67480741890633,87.52916504401021,15.98163283117848,42.675379156299975,120.3883645886399,Healthy
4.091162913381808,111.87150040807363,53.42041429557249,68.65745055915274,23.029052466316326,73.55874886464578,191.85057054411485,Healthy
4.978889928417731,71.18706494312364,103.60503229778479,122.15931257011488,31.012413992817862,31.326508153044337,141.9872211905659,Healthy
4.0378143748907105,32.606257410927434,87.87805790410358,76.57087934274952,26.87888084962176,78.86492830529428,6.369147502191852,Healthy
7.237373570773015,118.34619659642173,52.59082296902012,67.30939851287587,16.953122230996133,71.65117758103825,244.31493229438126,Bacterial_Disease
8.490152744749935,101.80279336361939,19.748371928921593,129.44413865903977,14.921572490879937,97.6993466304281,33.94673482611579,Healthy
5.217411482881497,137.3065644144392,99.30533938863543,100.75654344634964,14.31361952876017,92.89882906065185,139.22697926740904,Healthy
8.635172723981533,21.796963685830608,119.63912365177366,15.616987028560025,40.205275852472035,42.664229055976186,173.97023727824913,Healthy
4.301336951447804,31.593041627287707,96.01962893620886,24.878624567553967,11.104584217146677,22.185325818034958,211.65181625798724,Healthy
8.672180134027572,29.651740983410377,2.502987764874529,110.19720081152187,44.1954990859963,72.42948488894062,123.23896058638483,Healthy
5.7581134361981725,110.95556746698713,30.272605214738775,117.0191849651936,16.948504163489492,68.2309911203738,220.66454610915943,Healthy
4.5071041422460825,26.167021503016542,9.727197883694467,76.3267160726415,13.861280390767735,22.194301501315685,39.405025415571075,Nutrient_Deficiency
6.429358795931628,9.332376175262853,79.85405394067175,77.62373190132949,30.19400791718783,29.814202336207416,196.03366448123373,Healthy
5.28388283860254,139.79851292198802,105.90687503765774,88.47061479920224,12.799508527924383,66.77613636287884,247.90167827571088,Healthy
5.424364509809614,3.4744096023208804,15.48108618961232,61.47620839956953,31.085864210725823,92.94618112347935,266.8331918512504,Fungal_Disease
5.536449824631433,116.93416842224119,117.36729488307394,95.22787728774657,39.77193256847646,92.52002212107256,173.86994878616676,Fungal_Disease
8.015129489163318,51.151357817091395,77.77125697536765,15.187376059298197,11.676430751359868,32.11880436896599,93.86855942251118,Healthy
6.695806383376272,117.82616436609413,96.59566169984149,134.5790939314341,37.99540115849904,50.76591571241997,49.006953514087925,Healthy
5.556538495780019,77.6468687695603,135.99625880521046,105.02167533128905,23.806710434374153,23.45622914817392,103.66762586323345,Healthy
7.051668916554592,126.22837212809041,11.715338354677625,88.36438856126097,15.58217218409235,57.541747709034325,161.99231194633194,Healthy
7.580753371115968,129.66701809804772,126.1713632168905,44.285087981327294,16.16337680936107,80.24667677385645,58.899067197468156,Healthy
5.363120003667669,1.2737453793086395,17.654377438237304,22.533768243942085,42.156759029297916,83.19781690924891,285.7544717079279,Fungal_Disease
6.067745507626758,10.557704638990357,55.01423292913552,57.30801493605225,13.871201317923257,59.919157327725834,269.1406286618728,Healthy
4.609430466684738,35.05022213991977,119.20141748635601,92.62074368036818,40.337397549048,27.66957397665747,9.887158459629376,Heat_Stress
4.905746747673401,93.70415829089023,126.87559314330154,88.71936407923553,29.04856173442651,50.50911801452531,168.58853946911665,Healthy
7.405589269824914,124.35810751161084,70.89203429632035,53.569761709180014,11.366966258575367,94.56815679794916,236.79263707398394,Bacterial_Disease
4.907191738478135,64.39187318115479,83.17464935855952,85.86009513663817,26.25666510010684,38.369004521577175,73.61758798020209,Healthy
6.625816918335301,84.97623627839715,99.140626843798,113.92476137945665,38.61073300667052,45.58035599301812,157.16886971782316,Healthy
7.545231308612164,26.38997939137856,116.58621358337999,3.679868127264989,35.417097567368515,79.74617403704568,121.7975647228137,Healthy
4.534384615473719,112.69535674343595,17.011563735273263,63.08694671023859,27.107384618965124,78.68646311087505,58.963879265422925,Healthy
6.836561098144518,135.42593558948576,113.40970315209186,106.19773198535074,40.1017457893676,92.97618304199459,184.4212151627468,Fungal_Disease
5.282813918506819,37.60385060804364,67.37866107162634,76.46022586487281,14.21276666230804,51.049495257630035,298.1076526220493,Healthy
8.814634376187898,69.27563322407649,63.087279515143656,91.2066523100698,41.84793686873291,61.16789790994329,109.58617808398346,Healthy
6.4177282335996235,12.056255470892332,59.34596527957976,72.33469496474788,39.62544229691721,57.39139689763821,165.7137024793401,Healthy
8.029962748875791,78.27913190481557,71.28962193444596,138.86243625552353,34.78968889800326,94.22017368179625,98.35640448645016,Fungal_Disease
6.751132710781309,70.38968185853528,132.30707747524448,7.647015108465352,38.62607097450623,81.54644710597078,263.08458504074906,Fungal_Disease
4.217062664274096,20.221107781710863,76.74852819090123,68.74627504813282,29.03354273949331,86.51534238670786,259.38081012710796,Fungal_Disease
7.165756877970112,61.8892698365305,133.4448553568395,12.798316876032477,33.63068501841834,30.64786150635287,53.63201638439108,Healthy
8.757016711033286,46.774651292118854,25.240618286189683,22.36997869589986,29.62093247477226,83.3477354294528,269.9846622714182,Fungal_Disease
7.008059100731656,73.0563225427265,101.37903703656863,53.62536905855666,22.439998567778225,54.638301284599756,45.452613316820134,Healthy
8.09594429713395,81.99160696003189,113.7135354052246,21.775612810068225,29.910127907641215,21.867094626451767,28.631987887600275,Healthy
8.42103231674204,1.1893810050093312,95.07803638688067,134.91620323393116,19.0112866386174,24.80706821946277,195.88038471045957,Healthy
5.140398859744662,106.54083761293775,84.96911923171565,132.55056874152228,25.409770979427485,74.23263517878756,115.77123176096849,Healthy
5.060224199541134,99.82200086064371,79.07378935206552,47.055350470884534,19.827139254108513,49.76099529167759,159.22217803856122,Healthy
7.054904944254958,51.28009406891311,120.53026756101744,89.56467968527514,14.301072631148616,89.44924585787844,195.77123458123904,Healthy
6.055142349033524,7.411030979634557,115.03052360303,74.72546488313006,21.265164973646716,78.74185071006931,15.851171337895465,Healthy
8.199306514333601,105.69055556990705,17.120420965283934,114.18217727220761,39.81955263646697,21.73440093335694,87.88595132729802,Healthy
8.500115616990056,133.72452246693854,118.80227198432294,87.8423853743719,23.337826972480702,74.95106494688015,138.27189353066012,Healthy
5.7671068965135905,33.62122344308199,57.96960672166195,0.03534362867869456,36.180127713910416,35.388197818588495,79.97622294177957,Healthy
5.18435279487241,45.2934459231853,35.51755619941351,106.84441398536343,16.131924898335644,53.80660549631297,14.691415285656284,Healthy
7.9026275762193094,25.733804527454094,121.76759952194962,104.55873698145653,24.854670570867455,69.97881616983702,26.002971969316015,Healthy
5.37403017774068,80.77105726827756,60.48347194872383,71.36117877930734,14.01996242673118,89.81742730365542,240.52436062612006,Bacterial_Disease
8.113071592568392,21.67779525064369,113.17105662475433,126.40865625262754,14.851737217862139,56.48783107135514,273.4160277638778,Healthy
6.118691268243814,49.86715208459312,36.87650567381823,127.18246879665622,31.61027329615242,84.67923633529075,45.66999072913466,Fungal_Disease
7.337749496457352,97.58182195079681,0.5501049991104923,73.34763473861561,31.261863610715388,82.63725302405062,74.77858718744571,Fungal_Disease
4.477676569173341,78.41623762130878,69.36428700641221,85.11835236751527,17.468016757420177,53.16308102810066,195.6748214193209,Healthy
7.119296623382865,54.104759005910935,14.031955930003797,139.51309006945414,26.604811800107953,60.07841307463223,286.28153282773417,Healthy
6.258838393686146,58.834944253055866,105.61263377348735,41.83483287359845,40.21571584422818,76.03880080398505,89.87691273998134,Healthy
6.933042315877371,78.69552356725212,38.65051904971745,45.44641392360683,16.0970528036769,22.491874771755178,256.56408787080034,Healthy
4.840071038724317,0.8210619042025824,62.11039052448702,25.58834637288949,10.672368657573019,91.26491310393968,151.80739333511292,Nutrient_Deficiency
7.684368724720911,10.99138158350538,12.184699112817594,125.42137148210152,32.81982992322503,81.58529275501547,286.9675917242341,Fungal_Disease
8.313985387716142,123.37612948682163,40.132294782615375,104.22837459289727,11.872437283103976,39.953270512186435,40.877598728457386,Healthy
5.083699000453878,10.903058472780707,109.40863405620007,14.789998841833864,44.297908350035605,98.49439625511805,292.1017194623959,Fungal_Disease
4.478572777600808,98.95250346947073,21.222307666324724,137.4474291677152,31.336709932960837,34.3512282071695,132.2935883488524,Healthy
4.118192930231682,128.80534297526737,90.60233855777403,102.33463914255624,26.46387234953903,93.12693389635214,285.8815171278785,Fungal_Disease
7.20985750221633,37.895704602242354,128.43961939263016,119.07309534469644,25.049738900850738,45.95787666584889,137.60706511545578,Healthy
7.0354701804439035,51.868801188332,95.17714636608083,6.7411104842481295,30.0574730480926,81.05173681313087,159.02464023617344,Fungal_Disease
6.73348706357035,79.64899681826029,113.54303650091175,70.69452865190347,13.171855285207522,56.51012745983561,241.4325029331963,Healthy
5.159735480579877,123.43925574940185,15.25602810254821,97.8037601417855,42.55066705868235,78.91739099600018,216.7885502218182,Bacterial_Disease
5.954529979527574,131.86678221645883,35.10245564028762,76.01252184005779,31.89747239931572,32.4626438351493,185.88099612518565,Healthy
6.972381675930865,103.53885473557753,125.23543931368275,93.33064519789885,16.439247416381807,41.560516670918624,125.0940070768668,Healthy
6.483834294295847,12.126766519657163,100.11478590653249,114.50236890266616,29.690336881763198,27.98862595776205,237.73151021988176,Healthy
8.938927601074436,93.6815817748791,89.53753569282357,52.40718881442747,14.663977704155407,89.21151851502425,284.46849998679613,Bacterial_Disease
4.682198762783665,57.44252106217269,92.927343057038,118.81361458661937,10.614345114540924,43.703439021559944,2.943269082908051,Healthy
7.475722770237969,65.89813992874862,57.98807760265008,22.8082546671407,32.06809448248993,75.55809835333308,176.35352893579835,Healthy
6.021593840521461,6.880774648324786,6.23792842647145,37.924047703692466,32.69691696545447,85.61769581932225,259.7942786935045,Fungal_Disease
6.140998074628074,26.748699508490144,109.82181588990207,6.068386789825608,30.429380398119545,92.11345891034767,195.9337612036672,Fungal_Disease
7.587988828290881,110.67190505471068,95.01985307014954,51.01975358693516,16.421912152600807,28.503769224937425,240.24877735000103,Healthy
7.462180756621848,63.554236626700366,66.19262497578146,53.18733627537684,31.120045047316847,91.441194681009,268.5183311546956,Fungal_Disease
8.956279968510941,42.232713828360836,125.96634615155604,112.73788360901513,11.977882932358193,35.78022221845756,225.28530475591737,Healthy
4.641971447270626,53.762670355094144,47.06235309791384,91.43829384055184,31.323342445017282,78.95216092727692,215.10522040942982,Bacterial_Disease
4.520548246920832,119.61593186559523,41.20504419237303,61.141158141793326,29.390595668766657,78.3079215491689,289.42376740917547,Bacterial_Disease
7.621694085643706,104.85986243669396,122.191485511122,91.29595700732474,32.933919079368486,20.68025133927634,259.1053973674718,Healthy
6.891934585032045,38.12415560535159,111.57827166625796,7.389669072196763,41.34164620133378,37.64991266482034,244.61336087483215,Healthy
5.37080333279903,16.450257629732263,72.09717349076827,25.238015042572652,39.76253368338378,59.35268117318938,25.92100814156284,Nutrient_Deficiency
4.397096844944933,35.27975103017004,18.302863524098996,87.7726997338457,44.32289670468886,53.60277653306257,71.70896494182536,Healthy
4.428291247982153,128.9059031476627,30.110006005107344,89.79135469154231,44.168436152780124,93.48587839076876,167.02680729752686,Fungal_Disease
8.470954373320591,81.42243729896575,91.87191865723292,108.3788522190398,37.03118926808134,48.779269560201854,212.86803149244412,Healthy
4.959336623593715,74.6872292242696,53.90577329765763,56.41996626750431,43.47468677622048,94.95869718687699,90.96446799014308,Fungal_Disease
5.616857810577604,83.49510395694462,117.10624683323597,101.15757352626187,40.35493600611892,56.75434547140249,27.998433936247004,Heat_Stress
5.13328201113494,51.243957204512135,132.99370130650857,95.75724655842652,35.46538574632405,97.14823173121326,93.32975604457432,Fungal_Disease
5.774981529159686,112.99498284473178,112.78916953848855,134.87507297177888,12.638448912531432,78.98838480198889,231.30875417415575,Bacterial_Disease
4.347119213730467,73.26007490203497,52.856359219378,30.118231699455084,11.716746089446072,86.34676733057248,263.2203088024119,Bacterial_Disease
6.595298954541352,16.344706387631376,110.41610009239938,77.23513892536953,39.31598486270196,28.39015106792008,273.87109450330286,Healthy
4.338062817961075,18.069117476068815,49.201834285895686,84.2470218954657,27.13795502550944,66.89131465938942,113.66000374324432,Nutrient_Deficiency
8.001782539111808,75.16028051036656,23.394012287188744,139.8107038907909,38.51123395312223,31.416028786348065,111.76157245805895,Healthy
5.168560409552165,131.1198305299175,4.675048681220035,28.165779903331238,20.95213947293268,43.809680164077925,122.01224129153732,Healthy
6.700059573022553,43.16929703466782,54.0003397865428,73.2505227954209,23.917745041305448,69.88523249338145,112.74284082643433,Healthy
8.40039543780729,121.73576364029056,126.49830251761946,48.465943079909444,34.506535235417616,78.09805637551126,199.8589822521629,Healthy
7.254386845235971,106.9733821210431,33.45812228579471,73.62501560105997,42.036435792623266,23.134702560900067,107.49697863959781,Healthy
6.664788932756677,34.69374200696696,28.91184309016976,32.49800429443483,13.071651606761009,62.475498485789174,6.103180984273749,Healthy
5.621668765576878,5.087704764273944,135.77490993374565,6.665732979848336,40.151735062211216,65.22511890319092,131.70738020636153,Healthy
5.6650095652909895,14.258617119933582,3.5005757990828967,80.15916354567644,37.755445370777785,26.30623976881609,67.24561985357631,Healthy
7.34743477599095,101.98915073864163,110.00950105512561,47.0196042205165,21.043874475544914,60.05504273606108,8.64214133538599,Healthy
8.970696806105838,27.953763325690538,44.99179380372185,25.471796244780712,22.432581494604584,77.10738240398612,141.25288546021446,Healthy
7.309195949246893,51.97792887075513,5.248313961752307,45.35097925092472,11.626151702766837,24.258182790042476,61.78636775948792,Healthy
6.788917086850125,70.23788324089948,128.49235562934172,6.899228202684289,10.55092138908513,80.82142210591697,135.82254445192024,Healthy
7.65325255119623,101.5655435830228,19.549926229341704,133.06191277261448,26.695214422520518,66.11412039233095,83.32499598308594,Healthy
6.326028061418591,15.852371256277554,77.24909972159736,81.36070809625646,13.343887592405869,86.65817666174327,181.11266108412997,Healthy
4.300711713003926,56.89129673884461,38.36758904013669,114.06761538858348,16.790063504532455,37.44500582832559,297.26321606218784,Healthy
6.811484079389549,67.91020727997736,9.126992305856746,59.236547656682255,39.636851983433225,86.66189473704948,164.16957621349948,Fungal_Disease
8.7881264225269,75.71578895601556,6.989147992873073,126.464053459266,29.985993693765835,27.56487802139744,194.068775067831,Healthy
4.876514711788298,114.57048979533033,16.17793783708743,67.66455101731547,32.17713530431397,52.30637571557371,275.7827273253604,Healthy
7.450024454103328,24.034947306050366,9.991381944513208,80.35234510809371,16.5617765791172,35.95878332197188,112.2001253175275,Healthy
5.004668443295282,113.09640325572713,106.4781361727892,68.85115720877195,39.00316315590468,90.08166658326994,49.96453493567491,Fungal_Disease
6.679138422365407,97.0029798775313,67.97926831968009,102.65896142147122,40.37929203539117,76.39358530414191,84.83918487916598,Healthy
4.483382248233598,77.8219139878543,48.004892788857155,79.33185086428874,28.31646577995652,22.028942172858255,120.83848221436477,Healthy
6.251854681290926,97.93390185636007,58.57164741848101,38.02384930125568,41.93952201575309,20.76186844911649,193.50530437675147,Healthy
7.78081664447623,57.682483453231896,130.05254298016726,20.375534385170482,39.56900187341036,43.299940358533576,1.376408828916309,Heat_Stress
5.737857621194911,19.375662035537438,127.5052537833406,84.85741444361688,35.596346183605334,31.46264914244523,256.0149644300953,Healthy
7.32455862243609,93.20713363715143,100.19470721716077,68.48519461658508,35.692657049277,70.42435820481566,22.828191914949137,Healthy
7.977249803948646,73.45412293598712,123.85553283903629,13.436597537455812,13.688771588280215,73.10375471060479,270.1965446755651,Bacterial_Disease
8.635889097397264,89.51247207598857,44.75072386226747,55.38644521105758,19.479261319348304,95.3560722929094,284.8303563614696,Bacterial_Disease
5.173210409277267,47.3198293439886,53.355305641159596,72.06869908006351,12.339652693618662,96.16319396366727,297.03083823364017,Bacterial_Disease
5.996579579046541,126.96132082757703,85.91970545959192,115.7650527355826,10.303842322920802,72.71173643290764,242.85305532206328,Bacterial_Disease
4.7620800666520875,82.23178160058077,87.30763262161699,10.65414781667073,15.540833598436855,20.454009028216696,42.55665778204578,Healthy
8.962417510791877,11.956347800722336,67.43797732172773,48.78934875444041,40.8170513926429,48.71983332556915,211.8501129675559,Healthy
8.635004839621477,62.97255869862001,56.09209878131346,115.17185717945395,18.395592066261802,61.051321059781294,60.99638718245295,Healthy
6.699785651402798,105.8898476641088,138.0652436252173,90.77935044802102,43.95538869071026,59.93438052067727,269.13835067412117,Healthy
8.210166471882106,111.17883864251813,114.95730765648142,40.59416505253015,30.905184984642215,68.26725036017814,94.98177769660342,Healthy
6.604789886360211,69.24358738692622,60.897227704326326,118.34691708316993,18.304047067214164,96.84411862438084,98.03879312251235,Healthy
7.117928440013799,125.26465991638216,101.82094681353959,69.06110127877693,27.39957812194745,90.8154153564123,275.29598877446,Fungal_Disease
4.445622160580083,37.47358120720166,37.73863705534433,69.76926478346448,17.66831879450404,28.71264267603906,3.969321235111367,Healthy
7.77635210248404,57.483817613357324,14.023705673226184,136.72222748805382,44.43907453638309,41.27843131147146,58.18984544507093,Healthy
4.638567418176174,125.80356747965581,49.34034357738369,132.59631045309297,39.65427443667374,86.6487533935709,126.57967996903652,Fungal_Disease
8.130338151262642,125.47594030602104,56.416192017275186,50.194575671778146,10.918357607381518,85.94455270553655,210.2164701930579,Bacterial_Disease
7.910140438351929,95.99978763545533,2.3151974384939122,19.681078012831524,43.17216110136149,42.02965792973367,194.26984981342062,Mineral_Deficiency
7.543723488714882,120.25727659711082,114.07088022902545,45.59334251893317,35.237278755601054,78.44704245488957,200.82356255014471,Bacterial_Disease
4.180801902623811,12.428257373872572,50.28707633448541,4.267656443594325,12.883343820744741,73.76299029742859,264.00660852319925,Nutrient_Deficiency
5.515641779726643,121.09929666908869,81.25854320922059,2.9075041394547685,33.472321121425594,57.88191719759692,36.309123687976985,Healthy
5.315562849554214,44.88678691703175,10.354846217933835,55.37309907519869,32.64243442879899,36.11639621432235,156.64850886563113,Healthy
5.800682037357595,24.966411739950285,24.499556025081755,131.74277517761277,17.657606103265422,91.0914544715269,217.64330673074656,Bacterial_Disease
4.438213733819193,33.511777087886486,124.5571215458584,121.99002777250908,36.545634500265145,74.22809474454678,190.83553287724936,Healthy
8.684789115155313,58.51559112194419,85.2162539035921,71.60199674846723,13.04726461595385,33.519433990269974,134.49423598178026,Healthy
6.769011203561881,35.16688064462541,133.03976702386797,79.1316933639163,27.130581343093674,76.38418758726887,5.13437576164919,Healthy
5.527621553290118,44.87946204230987,139.82500481478436,0.8306895444479068,10.347312250708077,79.31469756615839,18.135679694365393,Healthy
5.984907585371417,18.896988050029893,52.060416146633216,30.17016181672717,43.90581211131612,90.95042280968326,35.68239805615099,Fungal_Disease
6.236012702524178,41.46474717825979,41.832428971658445,3.4683777708137242,36.30472711219183,37.82714041935479,102.96832585060906,Healthy
7.002971666803086,80.11973403588016,120.16984772227354,105.63553457735425,15.55982266558796,99.10032843307252,35.29603580014407,Healthy
6.578397138482488,61.85951913274895,139.8055997852436,20.390411443709684,21.958591398294903,32.2714738021537,127.8246939187825,Healthy
8.596959866072087,48.540626573027566,88.14977279254403,121.66659434675437,15.61968322328617,68.05511134876664,53.592597175673816,Healthy
6.484817414529151,104.50329803999595,111.31970115161313,90.06540391461036,36.831611244526016,72.57412042187828,233.74985925786183,Bacterial_Disease
8.960790074116563,125.0913959950645,109.44442023413842,32.11861471219987,12.06137138997003,53.516231621268844,261.4462850136647,Healthy
8.257124788725479,105.95049120633558,49.74755915073658,22.080844391654963,39.414232944729996,58.003016701630926,116.89425239045275,Healthy
5.042552571786679,46.480098296475084,80.39785323599222,87.86745812922743,42.976871859250544,91.27280773777099,153.39952959469161,Fungal_Disease
8.65297607321958,104.22190349725751,116.62797177698991,126.11717723952529,33.681977998220496,71.62193837323696,286.04887246828247,Bacterial_Disease
4.58183198942738,21.27722554636717,96.33594267654776,100.57043064801343,17.453790750050196,59.7600766587749,160.6523266045861,Nutrient_Deficiency
8.087248542455958,18.24451833278073,2.9629339574853564,48.796531224472865,22.603153353474276,30.267964994681975,298.5219647530275,Healthy
5.9031164673829,48.38778518506225,47.138793645654694,82.2337033376106,26.703395618312594,20.587010017850773,42.63929810761638,Healthy
8.389871602225348,113.07833166616798,20.22659752324475,43.506637352138995,31.16186702707888,29.997489452146677,258.6679261790095,Healthy
8.340283450537251,34.48875461392226,32.61610969092547,139.88093934901224,33.40320814340906,96.49476539812044,149.1609008018896,Fungal_Disease
8.029627000588105,8.855477245815141,126.7685268487856,104.83748638465916,29.397515036160897,81.12694263930646,6.8142333749004464,Fungal_Disease
7.950152181535307,18.439334928889714,5.165060447507541,86.01342956594551,22.29598722876495,97.36930620081982,291.66688243180454,Bacterial_Disease
5.523395695490204,120.22429559414122,30.772099674669324,59.25627998721609,41.18210481977161,22.85669677665375,289.5143699230074,Healthy
4.404596415256261,88.72965986462027,43.3397093133524,86.54132063633803,12.848722030628538,74.41763230869114,114.98125205486615,Healthy
6.014900893825807,35.44816287179673,86.36377007529528,47.82624874542687,26.318961898522325,23.543482112273438,286.24262132577144,Healthy
4.867622574932543,77.74141554594539,74.77423661202117,4.041077524124306,37.14476934636183,82.56451750950586,42.30289267156372,Fungal_Disease
7.474755444512309,73.86114713954906,30.557727599474052,55.312393129928594,12.130543285199032,50.476013818815545,204.0330423362047,Healthy
5.730498632688928,91.76103698169257,22.993749411241623,130.26731474118137,34.68673258839554,27.66122880851959,57.57869606635037,Healthy
8.878051004299575,32.64625761902629,33.151724843456634,87.68215326834122,38.68990679636637,65.44373134300122,73.9941709004483,Healthy
7.20486038672666,121.01641820721568,70.35414773823177,11.753798429926226,33.129095448446826,42.40961572811105,233.8012311607816,Healthy
8.112402818171805,43.311598691201795,37.964889999568484,123.89910587530363,10.45279122963746,72.76591534974548,113.20742536958849,Healthy
4.662623363709242,97.17843155667316,132.6643502250811,37.64247890781208,16.30479594962722,72.65398076110323,2.138250848586354,Healthy
8.310072411363112,2.2574504921100846,64.94113100003865,34.12772903158184,21.973957761218276,76.40059792966022,124.27152725867836,Healthy
8.613785952566971,52.17199818518061,8.23144231624919,41.59273562924491,18.179151247331607,99.39720630222072,68.42079618988784,Healthy
6.435309594094679,49.23937451423316,102.09729681712868,80.80831305763404,43.69282490795996,50.935816795792434,204.99897406748735,Healthy
7.031264688754887,76.08782000162203,46.03834034925855,76.25633308075673,32.80578699398278,57.22523795880807,58.334609017050084,Healthy
7.824049004514977,10.18307664880751,91.48845048815465,68.79792564720344,20.39398350730496,84.36893608202726,252.67605853094273,Bacterial_Disease
4.874193136302063,110.61839232165516,39.14321187325248,100.45516089176779,42.539412453290595,66.26960184175083,80.12790363244929,Healthy
6.512830382317212,30.489312247459594,79.90412384266479,44.31528238689426,35.92079698166654,22.98057685502397,117.90847748490411,Healthy
5.993315138861566,94.78529408348143,108.10135067304505,109.48903302014035,19.961252413946468,87.44628162078853,89.4110582391294,Healthy
4.731869960811245,112.44969725417305,129.92122384843756,24.54503497300388,23.26085492906844,24.119894555043278,193.17700434280974,Healthy
5.837672111457657,78.66277387381184,36.55780022063079,109.5669104707813,16.980010040638486,33.66561091934274,30.34906236791901,Healthy
4.340861546927468,103.72364894107797,46.87997313985736,92.93341473503959,43.98758993930377,28.166397357934976,143.42981180947322,Healthy
4.129059534747435,92.66044371010078,64.99729884003156,95.64916333666211,28.105377356152562,26.234170630489615,100.33644456451745,Healthy
4.675831445774114,49.77417160128107,129.80447728303844,67.41747559781639,41.361984062429464,22.054790024376814,265.2413889864944,Healthy
8.81557555794587,113.24019546469914,126.19415995349199,93.38021457532106,22.12749198558967,24.40221711778939,22.023628072317713,Healthy
6.747647679475085,41.25819178397391,12.582959214089325,11.171586518324037,40.12945610841165,55.395135134304795,248.9085194798564,Mineral_Deficiency
8.8291108057661,79.9698084852124,18.47017560553352,119.21715638691141,11.886039694950739,40.22818159860911,50.30414295897274,Healthy
6.16248939165066,104.35568347981553,69.37128482628935,7.776612688270442,44.37316111335008,30.1229506735055,26.573297978986542,Heat_Stress
5.559080665426298,53.05382737375106,14.92669819275929,20.823811382009648,41.92120284616559,72.69644341812209,60.6968574369024,Healthy
6.5307093142012205,42.3874650664395,48.38132226881765,80.75055918961309,22.712103067182923,38.08895285074068,30.79589460354312,Healthy
6.19755844316455,64.30844142419518,20.773952950446873,103.51760376393682,37.11527578601021,21.515932427584758,156.29518446063767,Healthy
4.52832342130872,114.5148892088815,89.04564971846402,10.675219008475485,36.32902742658391,53.47358270138621,296.4644858747344,Healthy
7.204131573451031,130.18904684039308,132.92936044348264,128.90707397712478,41.54391789860261,44.83463935826441,10.298205577277653,Heat_Stress
5.080190912547998,76.31167780038462,139.5427278412134,136.3050708320978,20.753924339508387,45.48835450771942,138.3385047958384,Healthy
7.097939774489148,92.60526874531126,52.53375854956808,84.83302422107954,26.293200185995232,55.621602254524916,115.82109873235854,Healthy
7.251005461990767,126.45830711344799,83.86176919604571,67.37408375275712,40.27498644121186,73.51311417874221,101.8819242739201,Healthy
4.76012426564324,13.796559197811934,119.87747149337139,103.79529611916496,37.25028089473256,69.31832960303952,99.55908313000826,Nutrient_Deficiency
4.306748135553341,32.49100090126311,16.44469019149376,45.97002932580876,23.77133515590977,94.98092878311004,268.5038269879387,Bacterial_Disease
7.903807930342199,99.24600087522154,96.5390175472751,69.0570207747149,39.60038315192428,61.41733330420172,5.692845062521212,Heat_Stress
6.299002118846601,115.32422466772195,57.23811264150955,128.2611437540162,11.643391373134053,57.805592778005774,232.4749162140415,Healthy
4.290818977527379,119.98406396628091,28.86046243922297,133.7917595338147,37.371620603704656,37.07315481735176,75.8799536417825,Healthy
8.974331585848836,58.115004759690564,56.38550662464188,129.78967624716591,17.236805080179522,80.43050310785254,114.98865324527246,Healthy
4.288902804981833,12.507586320861357,10.63444017508836,36.742729374937625,20.014231773832552,31.262062097142778,126.04497385457331,Nutrient_Deficiency
7.475176144292766,61.28940682194679,97.35700080250281,32.545665630346875,27.26251952584578,59.29063118563873,91.41952622212303,Healthy
8.918394626317069,32.30284262898753,35.38397362478343,41.673030830104,25.740707537449087,53.70577587099555,28.067658550619356,Healthy
5.195900521079628,40.76750369952738,43.59679030628292,61.78355573438443,28.21995374044583,72.66407027235226,34.299254648830434,Healthy
4.711246843435981,108.1174579572508,16.951381753804785,43.9834377908749,29.067145848520834,93.4097175965327,89.43933722479329,Fungal_Disease
4.606924697112144,10.573792043624161,121.05227594458484,52.38979140346812,21.60346918610239,95.7276473198578,246.54271586617517,Nutrient_Deficiency
5.516375737837977,115.8613704472983,69.0821990995834,86.88917329690634,16.13296295559605,33.42394137305267,40.388295836223556,Healthy
4.505229055053233,59.87367201538367,80.10056289009604,106.75359479315662,36.89684302505571,40.94537746137426,222.79194994377923,Healthy
7.46080670847066,83.44895035408331,79.72057563327965,102.97814775750838,23.999165218049974,84.93082559717652,86.66091882878631,Healthy
4.311458990650314,12.55131237299506,57.469036035787845,114.01929939108128,27.704430186067064,61.462380995935426,265.03948053362785,Nutrient_Deficiency
6.547110640748949,47.23027097001915,26.954188161339523,4.505816450156304,32.56438514228913,56.24276546845855,128.49854262019227,Healthy
8.983484269264885,12.55812866207841,104.318584789776,6.6827305550258504,41.83732728073296,76.85003619045646,51.516993989212665,Healthy
8.069851347530093,134.61612120335533,17.787877150074408,110.51361449640811,34.7643490899077,68.15399620855774,295.75333503315306,Healthy
7.076097191155054,113.01663090567506,14.54233063903347,74.63103512544846,11.591072895663459,97.65712435370676,52.99035576897347,Healthy
5.5312681039330585,64.34858560990443,99.42030526351047,80.93969432669684,39.349612718930615,66.71797218306136,170.28594636968083,Healthy
7.119479181458193,31.304356765313955,29.237182863277734,7.362160430012792,44.62742552946317,57.27790610778026,170.78594342884026,Healthy
6.635207319558258,130.6837147349793,42.948185189396526,35.743932163977924,26.536975887998373,63.425388966254054,111.84403535333396,Healthy
6.130416919451857,48.243523401776045,66.53184538024364,89.36960268396689,43.93566177591102,84.68318533575786,285.4465777647393,Fungal_Disease
4.653551883700997,22.537820436232465,62.90918434213647,120.28546461549466,29.15650598201023,69.01400454281767,253.1623687235195,Nutrient_Deficiency
8.433021076202333,78.84301438355368,99.20107750909989,128.37767560539635,26.086559855518242,71.76384731093742,248.9458682514726,Bacterial_Disease
6.248923244106613,132.12837684827426,87.28045108207054,70.05872941691145,21.59916676546093,97.71511040292735,292.24558062884336,Bacterial_Disease
4.973112559103825,0.5362406700451605,90.2154627194612,76.36639258334766,33.01442065416686,69.47163875403659,137.13280145889505,Nutrient_Deficiency
5.838796754386448,33.33747805555982,99.96760629176403,116.62694834965872,18.04371471837656,50.422819866763184,29.155732686008783,Healthy
6.070648762644635,131.38266965745706,40.96578183928515,75.26744410462965,13.672697648004151,75.30608216102372,229.63677763493814,Bacterial_Disease
8.137689477834371,23.952035360002686,45.12666365206631,72.36019357522443,10.953298590447492,72.7567517581849,114.24377383558014,Healthy
7.66807190280701,15.85408322957478,61.319684705377576,126.71176528653352,20.233303945034233,21.107810840510552,57.10354554105549,Healthy
7.846524468206699,79.82621021197262,43.04470422469365,110.59058094782321,23.851979125846338,57.38634374286665,144.97420296607604,Healthy
4.055156322143236,120.65813526127619,137.89130165592087,127.27015369058124,29.32268436984367,79.43228823059195,277.715682050149,Bacterial_Disease
6.0807699908988075,66.79537447714966,113.96726969900016,30.55458766936153,20.246243881545226,59.92331661769032,51.40710570438852,Healthy
6.406720758176618,139.23899593583346,23.05165635584414,73.41256813174994,44.44208503348939,82.36969087483115,254.60964456892256,Fungal_Disease
4.0959613841152835,95.084037935319,0.7831818234617316,117.94609800307012,20.211080888440865,56.07069571420915,125.4614824845352,Healthy
5.299066043725171,10.370487009462684,5.9896575546175,15.560695845395252,25.434138595624304,98.66572781097885,41.040594210942594,Fungal_Disease
7.801449115610675,138.99649843547655,34.168883146009534,111.25270160115466,13.614665793616512,43.4313271363111,254.51469119659694,Healthy
4.685548528644995,57.10519314922666,16.00078001715992,25.616273678081726,19.12192796679765,27.369808651685883,290.88610235742857,Healthy
6.6765506572629585,40.23635473836755,74.6673360849601,113.13662569794496,11.691624892614689,54.400944092327784,87.38121475050349,Healthy
5.0760093600861875,78.10308570090397,120.1193311818302,85.68013125796153,29.582802170306483,63.33672198991352,91.06086295262065,Healthy
4.060603873219466,42.603062854921006,103.14503092785183,27.0530388078814,36.28726390963511,47.92749853459692,117.16379491197995,Healthy
5.206007287997707,12.104050996821325,30.185268831506658,66.26958510659216,16.84984350176238,39.38249280943672,244.23910933824214,Nutrient_Deficiency
8.879368774550269,0.1999680310847407,55.90189584361002,95.46672330450802,22.876882823562475,73.76469531083912,3.1251590218499437,Healthy
8.007685559414949,62.941669408836724,71.10518933437886,88.73940612369594,10.58156793545062,50.17000798850017,67.1869655212603,Healthy
8.797883221605167,117.16087911172292,113.42881893046697,59.81460747243861,39.383271950277425,70.50948232805095,211.76994333189785,Bacterial_Disease
6.439270219631812,80.12412598821072,117.47702443486307,125.91131404892977,37.298723372608436,82.32571588790206,121.69183514565782,Fungal_Disease
4.548680993387517,139.88902185208173,127.36056366708864,72.6968780282982,12.213891080600233,80.8802102208019,99.08868689043825,Healthy
6.739797444868465,40.15853039060799,71.29433507040252,70.82142179401637,22.770366326214393,50.0247448508553,261.68486667060523,Healthy
6.271886672799805,39.26370906640775,97.19846450102081,8.715082591803597,43.43503148473234,65.43185831601397,275.2001760438718,Healthy
8.221785413698079,22.36492443275219,15.652051972751202,129.09685457166918,23.720946962764195,55.97265795541939,284.3958657498586,Healthy
4.490412903921223,22.968902357146924,79.14045439355749,24.79631961497222,28.417303685340563,89.66442021677283,81.76515979628898,Fungal_Disease
6.441205685108891,39.926123441406695,34.81685332595892,73.96825708111759,22.433500135362433,90.30067838399994,273.7537828617321,Bacterial_Disease
4.750243323469921,110.99760633829379,60.440363903725554,112.49946419604342,30.864598584489165,47.49932663104295,221.08966641818665,Healthy
5.6233796344503,126.8059506891027,88.76707116294071,30.163458773790065,44.23549064728878,27.338995830298458,46.26442454657419,Heat_Stress
7.686785386938999,136.5122037590754,35.978031299529356,73.83226059591776,44.912587621841894,33.40659866592156,183.0810084924631,Healthy
6.380090646843833,32.52055157350337,7.305908091546551,33.69588729126772,37.11502423039169,49.360139370470705,7.900445792097366,Healthy
5.879441425728847,123.38165638597283,1.4327398972260519,106.35729969198765,24.150888430715376,65.13999638103925,212.51344673125953,Healthy
5.972381392850177,45.95571249882718,3.1023349762330166,79.00776350224109,27.305127029014592,72.54296087715434,220.07025679528152,Bacterial_Disease
6.297233842029933,15.797676232363818,1.1689632519277526,119.83662045532009,22.485596483930692,46.50968370288002,236.80155257849918,Healthy
7.925082719185284,121.8034895728232,15.449707918102566,125.2381204028336,44.49511204665212,73.39992956991887,51.757516236730474,Healthy
8.460423444701172,89.0547888501066,33.52842003981819,90.82268754235574,34.77161070388913,95.01919869390048,188.47498228425928,Fungal_Disease
8.776673432519642,23.06232545134864,30.971011985521887,101.55477446225223,25.712600590172894,72.16113017351604,53.65700544829631,Healthy
7.934516931276476,60.176376051820355,138.15152318518554,76.89081398416091,10.424034453836082,32.6852183555481,283.9950250167527,Healthy
5.577034478740064,40.21607728278947,42.84085472925205,53.82002262943361,28.216919503669192,66.3735130382102,202.50320780425034,Healthy
7.4406735304327105,103.15123961942759,17.838909670315875,90.73650922291684,44.437487059556624,63.35164134135862,28.597754401216726,Heat_Stress
6.18801562027696,63.47827228739753,76.37875618348612,127.16040728822604,28.307131814056817,89.65600887187365,56.109669001746845,Fungal_Disease
5.273353110230256,138.4991923148939,120.11404375565117,58.335253260401316,16.384933992118977,48.02424441703795,199.03802943892435,Healthy
8.204357897129613,7.664297516343317,94.92845275027452,44.01740369233135,10.77328114866712,53.8356488045344,143.0011488478826,Healthy
4.192131744811625,49.70213725907453,41.45149247896305,54.381171397360376,22.41463153434732,67.89272443891949,220.88929986326355,Healthy
8.508809960677118,67.46602339539683,78.6262623708037,60.955668229623946,42.13798194938124,61.954024939362036,84.23663967769774,Healthy
6.30738732312367,70.43869766476477,100.07983638805727,10.29854405688027,44.87939378615583,77.52132739241394,197.37526105412306,Healthy
7.186007384041402,44.231015133989146,101.93462893148393,69.78185766089922,43.08787911842009,23.231119272999663,53.088050409131704,Healthy
7.296769611028914,102.09363487365952,93.31538374167644,69.20399472700835,35.52969976389899,65.08128153655679,163.11307900830994,Healthy
8.475588703532681,122.46459028845646,121.91345946858652,82.38213586967325,29.534995495422933,29.733751440310023,287.3398774649959,Healthy
7.183348410836037,131.4207022769008,121.8147641681746,50.79480426598641,30.674015123378823,45.216719401577706,188.4666696872959,Healthy
7.069667923800309,112.71307275193367,81.05111831698046,85.83506343378257,28.86472031821863,72.93014892259123,14.998085251474947,Healthy
4.33326020280345,119.08122762292392,60.17989167556972,122.95028343838842,34.74672567230459,32.593136047374216,296.62864132098804,Healthy
6.59204010972602,77.07634208679937,89.81984137911397,133.765938669323,24.660562934337335,44.707346840370306,47.05989889465968,Healthy
4.750845004085209,115.62435169975404,114.54968019186484,81.70571025974695,33.422140173451794,76.24051862682495,215.42073080913153,Bacterial_Disease
7.687168843607428,42.49054728071331,0.7912946777658614,5.962733555843833,14.256424023502037,72.06441940214671,159.75901171925878,Mineral_Deficiency
6.561109604063373,55.78702669529002,138.87958126207914,135.69303961739524,19.299335729651933,27.283173536779046,88.30820634129114,Healthy
7.401138896041767,44.3678219345962,25.60512812608789,98.82068852547587,39.26010635830203,66.18147947938591,53.193145628312735,Healthy
4.208364503011921,65.43422696270956,65.83485799239666,47.0349107975113,41.63121257601869,31.780356953491157,53.31070928301471,Healthy
4.423960080229016,39.981146273409095,122.08416287800134,20.602078134921275,28.86528831461049,40.18171029715941,257.51990436244813,Healthy
7.5816169403134115,134.62560191562255,31.50565586618791,20.078605713078492,11.107246602452634,56.7369022908623,261.873754249027,Healthy
4.360421679993367,43.79824792079354,66.75133134605365,23.484216859544382,42.444074977711885,28.74774586385513,139.5436564874136,Healthy
4.356283638826293,13.726235335531577,18.561505225365085,6.380153025934843,34.57224903095503,99.49175743348535,31.086438877492164,Fungal_Disease
4.060542376174437,73.75440324705788,55.31068555434696,126.30158641140761,24.490977331437627,33.22956488432009,265.24953115403696,Healthy
8.782506991497401,7.993870982324691,24.798963671020353,75.70755259582708,30.943263011982374,82.50501027428835,146.10494585252673,Fungal_Disease
7.687541797295035,15.476043283201273,50.90788482796198,97.9943177799372,25.042119205447815,86.387107601858,131.6287268600741,Fungal_Disease
5.766257042510321,30.71451448747448,52.28499035098108,115.93519129756305,26.286872935621783,99.55711759168011,122.20710733128607,Fungal_Disease
5.482677906438276,65.00903498349983,139.04391054376657,110.81574088664803,41.03834529807906,54.29225742818147,109.5042521577617,Healthy
5.748516148729248,60.65513052326391,139.27382410252812,123.56478732203782,15.637948642098904,89.92756161114721,157.80162108257824,Healthy
7.873267655905909,111.95686068039076,16.07007901248574,135.41564715349327,13.628419741878288,96.60315512134808,181.36236798351126,Healthy
7.306853055352072,103.52645154377588,101.63562910596862,61.469886063871535,10.095506057955552,33.83153159157337,139.92966107188676,Healthy
4.92597783933734,59.68456115869819,7.24436715367416,133.04696533357466,20.990013146424435,58.35488712476261,268.99444903651334,Healthy
4.870546676670422,46.71858906058819,4.226882147206408,101.26059276799428,15.15948182695496,24.800865508487018,95.29836855884919,Healthy
4.491978248566987,44.305629768609805,14.746745194295004,9.893546643130986,17.69949232983389,69.65792096193613,173.4935570360344,Mineral_Deficiency
7.30151359850669,108.35931222116126,135.16799198111076,95.44963696972836,10.393364393288193,66.51249254852532,89.98617605819558,Healthy
7.82186331110868,7.290136870977763,131.72089670525764,96.14033234467881,17.95183951406961,36.33010277305577,226.00500713776026,Healthy
5.32523214162502,1.7950309314848156,27.149894839295264,126.8204789309538,21.644905367633086,83.83222071153008,30.636329798470697,Nutrient_Deficiency
4.104724805154564,111.37621486973073,22.634126977519614,52.21049854581289,11.104862374345846,22.981497821083188,56.60969903859976,Healthy
4.410858337382137,66.8004926384669,33.67491211223258,81.88761003805449,31.27664435040017,84.49818593020456,240.36042297808524,Fungal_Disease
8.839300174225153,18.323359397500635,72.1765791705199,1.706257141643952,29.908012210931528,22.131623293109392,54.95927856586162,Healthy
5.477223887387101,32.97923084323018,79.75864848495739,46.49053390538704,13.396252247847377,72.54630497090803,187.72390385842203,Healthy
7.846115739190668,130.55055343363355,31.02308026152263,8.714121662229331,30.825342213144037,26.3015611131921,291.0730355712591,Healthy
7.123317844271319,120.33041658748571,105.92719033259233,73.06221618708558,44.95288715131072,40.09804154498583,156.86718412978973,Healthy
5.909698198264479,99.36990703135615,43.337443716371105,114.44267107097345,43.05641334840392,77.75306794494686,56.21893390202077,Healthy
5.028436310977775,67.51153224722572,129.09838557411746,28.901976898069655,10.093484767868215,42.43238397003094,96.20731370779126,Healthy
4.606932090797033,72.845307666794,91.94117890394229,73.84174637808898,37.83824089656259,60.89390789741878,247.03742293627147,Healthy
7.075064840194333,136.5342349397542,61.089167202505635,28.561209111507388,22.37618466827701,93.21986156160915,105.49827393599212,Healthy
7.87316890318894,135.20786214380018,110.58768023839835,16.89638549847366,12.22779796171196,23.97074832292627,217.05340770894406,Healthy
7.2195212677056535,30.1376664100168,114.50804764653307,71.53955087080794,20.35941248006728,84.88638349885389,233.20501886520307,Bacterial_Disease
6.651510666245792,113.55463928274453,40.66742478525211,11.080806932961869,21.26077807095368,25.221759885479162,150.35485417354926,Healthy
4.209756117158181,27.613973263382352,47.56003613705181,82.2296483593185,28.31354837581699,30.143587546934132,234.9640153099167,Nutrient_Deficiency
8.84244388797192,29.895246903753193,131.03372152200447,4.387244494741678,33.13793185440991,29.54552831113687,95.07090132846432,Healthy
7.993570958272873,94.65302478304075,23.06374537085807,14.940096061572575,36.21694642729428,99.52818265685809,154.84789401492174,Fungal_Disease
5.464110183504824,56.70015380225678,5.901058374810788,76.9996479682301,18.606606489714334,34.414905546522675,205.96747919164216,Healthy
8.899851646794254,130.41621699491282,63.56774516533689,82.79703780584794,21.261969958697396,91.74094770050145,50.42194419131412,Healthy
7.009407948181611,12.461362885441236,112.16938603410804,4.058170213126131,20.793359740090732,99.27457303572433,82.08659021465691,Healthy
6.912113291036232,71.61358971332902,108.03353488350442,80.27275032021818,22.695790384230676,50.702781632983836,195.61098101809563,Healthy
7.740365897147661,128.59301426203697,128.73428804779655,117.39035354530918,44.987970813471854,70.48388348229483,196.60803594886605,Healthy
8.058848940450687,126.57591246713072,74.64809301166564,101.12426482115355,37.22801559895991,82.327300301089,147.9907939358937,Fungal_Disease
7.282393036657513,21.91408987820377,14.009054019314664,18.365914548911807,44.1246662844044,51.411606546896664,238.67560703463616,Mineral_Deficiency
4.640478731831,51.3292780135039,82.41645640704225,82.94645065890609,34.258887084147005,32.94513123982458,144.61647060149267,Healthy
5.6913375299724915,86.67699600653748,108.97538600944962,94.11535001038988,24.21947455765495,54.70101950340489,264.39667962412,Healthy
8.640418201630249,22.315283867996307,13.065936837775695,5.212368245320849,23.641046426944122,81.75101160023557,220.77102926158364,Bacterial_Disease
5.123078059219259,135.5231040864034,24.172036153662567,119.74867361570718,27.100340074126578,82.46102101987225,94.40845899100239,Fungal_Disease
5.860835119187566,128.06490602187245,1.7206925617939262,126.87743562057622,24.59044241775531,38.44310337367307,118.57620254536666,Healthy
6.16038441472098,23.373025064825686,83.11136112255345,119.06331827071621,38.991418613246104,33.99725119125972,200.3060057309537,Healthy
6.197024948472261,16.96176457653796,124.14281487242661,115.44840551847585,26.27507045593425,93.64485616802797,268.3357856470474,Fungal_Disease
7.064697912472628,11.95718759315714,93.89286424029393,104.29512778452505,20.34650260737961,23.519922444664843,53.61261981105262,Healthy
8.715379188723539,127.32211296512835,137.48561226273748,88.68048437947442,37.120109404382816,78.77907806120695,154.39906162259405,Healthy
5.2034635591625245,27.10733337136451,8.824711349966618,95.00778069835526,39.90471432834881,23.713710835740322,35.635326397313015,Nutrient_Deficiency
4.60750688150459,58.27988999620966,126.42015192120948,112.89534106689763,24.7150134649158,87.03200406887903,83.83654659603937,Healthy
4.987352449299687,62.83919119128042,113.9695602341353,92.74978417058264,33.37330001669362,92.43318506688816,205.7944077879727,Fungal_Disease
8.434624501046347,83.86154618989946,43.99381286993069,45.88177393548994,12.058158686090666,43.79352993832792,23.320390574448513,Healthy
7.22905406327603,10.042948124639494,136.29371725721526,52.63455430258955,28.53126981900133,25.914851481335806,198.70757456665424,Healthy
5.429533946195801,31.74620643607223,40.31128474399811,125.5880455721209,11.574339821092781,58.45476290779429,270.2433362835891,Healthy
8.079734694843086,130.40865416864963,124.50266133595058,2.397092011602666,11.021679417306382,43.877042939638145,290.81108730553984,Healthy
8.30684998181718,127.17741501759973,123.30480079038652,97.83488137419948,31.452369768295867,53.37089142483032,64.98966030765465,Healthy
8.23257169345139,109.38069063679691,106.07206632441614,133.66885733953015,20.61673838382455,73.19883627909442,224.66938698236274,Bacterial_Disease
8.594632668197772,2.716174386550161,78.88586633379926,98.87194379411632,35.98880068594129,36.78608287589736,277.91113461165895,Healthy
5.261205100866808,45.78094758945429,16.80038494636433,139.14767835244947,41.36288962214073,48.556125561126905,27.4107932548308,Heat_Stress
7.775209643731391,87.9142229480071,74.47604282950975,96.25628677396631,14.878691080562275,82.6049992234139,124.20708254676158,Healthy
6.3026974863707,38.526629648286594,49.95147579169084,4.81082409036055,35.358299350262335,71.50095599622573,275.8229300616498,Bacterial_Disease
8.209992764450307,127.34213730752883,110.91038464174925,115.7813834305693,28.008199940092016,46.10203929209909,60.836249476449034,Healthy
7.642453385808066,88.74452465654187,106.13808890955829,39.84818767150467,13.92417375569446,73.14412802079428,280.12820513635256,Bacterial_Disease
7.882237232498623,10.066940424302384,127.48575103216473,62.44801159302173,32.80574122682536,81.22503383135734,158.15762132633353,Fungal_Disease
7.280809188405358,127.26078243699843,2.076222740439102,43.69286822699149,31.33133810872655,67.398846476223,29.96792476126671,Healthy
4.8871438473485345,134.08733214467117,113.27445035522645,37.59757486935512,28.047465359027388,39.15974660008068,134.9631950266545,Healthy
6.725134594484691,10.879738574841568,131.38468743745364,60.39679851376995,42.42649215958803,20.019623240959447,97.87835864011987,Healthy
8.923348697622542,74.53043288058409,110.50206287514102,53.025202781694325,28.237789363640577,84.2279285590625,84.66124816554249,Fungal_Disease
8.686940332485594,42.47099950998386,18.22722438185134,88.66740145796251,44.66802904075744,85.81068442529316,162.44267269010513,Fungal_Disease
4.215868678985059,54.99747070739633,11.379074677724283,113.84116813825148,27.823008484683886,75.80836011154896,145.07780722556103,Healthy
4.824074078647186,25.151170513747864,2.9183335730781135,41.5924114462137,14.054821340547866,26.126474509409103,144.59014788602758,Nutrient_Deficiency
4.65864386727281,80.93009428173775,88.02433161592994,29.92096139508244,26.466493787626064,66.81778300064369,26.442519330934587,Healthy
7.629899549926478,134.1171094548447,88.15417126038422,93.36533792184792,16.381506689427493,85.68165370172858,240.69545430814097,Bacterial_Disease
8.088926649284726,70.43016403802527,138.1679199905497,93.84480921630943,30.899671982609956,51.17346560865325,144.43179460673855,Healthy
5.067556831553359,11.608041395227362,55.726044374573405,126.15837350006404,34.25962613177604,35.840058737620325,246.27174861056227,Nutrient_Deficiency
6.529263464759145,86.80018668683718,46.46687988564955,2.2323961034635187,26.39523475474828,67.01018377931766,247.3783924652851,Healthy
8.203515140056,47.63121922317598,87.41948980581495,119.4256926963114,13.419603868910189,86.10453018407023,95.14059745441295,Healthy
7.6640077238312525,119.8295265427817,115.58521415106316,72.94030421276997,26.40244895042435,23.909596696565245,1.3038911422837085,Healthy
6.711186027459242,60.85494076430583,131.14835293322025,86.98229248409383,12.850897515704014,67.75609737285886,273.37370323743556,Healthy
6.951738452293864,26.997545251914385,112.4373832650654,12.79200167859807,33.87440844272869,71.45390362714735,228.20840792587208,Bacterial_Disease
6.5418027345814,26.754787176760292,59.73435728621266,60.56609060208639,37.66288787027806,68.18936314786237,32.17558704704133,Healthy
5.487742256594103,107.62698530096245,88.88799294368899,31.82233701339333,43.68331145294636,72.00269473896388,210.5181102009304,Bacterial_Disease
6.8251099642950805,37.182263763030384,119.88190574025637,35.59150421155127,15.208073749495975,70.51002460833236,6.00698060066418,Healthy
7.444426510250453,107.41267518229122,68.68535636364352,70.57331605464384,28.634711743665644,30.432310798427924,8.327720766209545,Healthy
8.366614579304038,28.824223507323914,30.33613011875498,113.74383305643573,29.863807863739652,38.794942155913226,157.74697187935274,Healthy
7.18145676989624,45.03609161818331,23.761281564702216,104.12933022027985,42.28667868233429,69.51952042312081,28.811228770903984,Heat_Stress
7.80560768521579,65.16817614155791,0.022084240927942034,82.73999427203353,31.954682420877997,21.415452890941662,289.3009567454757,Healthy
4.800358174772865,132.0474189570831,100.5533192973798,75.51854698548539,15.092837597586238,70.77956149785956,268.14936799507876,Bacterial_Disease
6.307787372098949,130.44239946553546,15.553609238438671,59.822846052828595,25.272296338711623,73.23092990280256,194.94360937436542,Healthy
4.046658099135467,28.96206255912029,34.13747395743166,136.1793962985941,32.916688497718766,39.133980788932675,19.112691251493985,Nutrient_Deficiency
5.233394322608115,50.150665774030195,41.70268641319107,78.42695759279266,34.50995512242541,67.85062638025117,97.45057734211954,Healthy
7.632308575565024,20.915914383528126,78.45318041914757,35.555295763711094,40.20758995067008,62.727204857901164,111.51689937181317,Healthy
8.959049756746817,71.3979111038896,55.71401882140769,32.21271088560554,16.3177491945539,40.8553238522491,144.2639507486099,Healthy
4.495890497936079,64.48155709725332,94.45435888324265,85.58942430851985,43.303975136442446,57.03792094998037,50.67086220193566,Healthy
6.007471579306442,126.10642274310254,7.789412306018379,73.19585382353003,12.069879420545728,92.76996235297452,173.25349283915878,Healthy
8.000354843495797,130.20075289075015,17.351487197021523,1.0776924136597898,44.43167470991157,54.12822243679063,130.731194372767,Mineral_Deficiency
5.020178173144494,53.699434741020895,69.88961049465733,116.20915210740911,40.0218482503243,70.38753415036014,284.18908901785755,Bacterial_Disease
6.7754247465114315,68.84331202265852,47.17507029855617,98.57712959254084,33.10954739667599,22.828065683255538,280.8585688875657,Healthy
7.665356480148374,125.47307488045863,41.41387078519036,92.6561005549345,35.724842509254756,26.224009065767902,169.6421866019917,Healthy
7.079927251300895,112.93909308430861,9.383931065253181,9.629292077672254,12.544220207157876,26.504645864265477,193.30480079716057,Mineral_Deficiency
4.940123673077081,0.5118835882508987,125.4006844647202,50.6878190241488,11.451795201305833,82.25926109011564,41.33894033212273,Nutrient_Deficiency
5.776922843428697,44.80833898570155,96.85460205750711,130.95351650259008,13.561802879297794,48.02055158427621,66.99697165205147,Healthy
7.918958922426986,59.04839387105763,17.026541954750915,120.76249378779092,13.057593513244822,38.20893506926507,270.21462126057287,Healthy
6.771132570660083,32.16027971565244,9.106434083199686,39.97601130173468,29.15834317143023,79.78596547613782,209.7497768687205,Bacterial_Disease
4.026148067714564,27.940026225431424,136.48215468037404,21.988243773879418,17.54053954891262,33.59680500449396,56.82905918492326,Nutrient_Deficiency
7.804953800140469,5.2898309233951535,95.36415706153068,62.87231400360079,40.10719730223543,39.71940200562245,171.06309182196685,Healthy
4.176556774701195,90.07176150976647,58.44384995312381,49.81625301347252,25.601201807382527,54.47451546160167,280.4283751468347,Healthy
7.72866891365616,36.751440667643195,98.24234570580988,95.51169273883875,34.34286667603962,46.51504552116906,103.55133184857108,Healthy
5.012402800826187,7.328604980383833,105.88645010722227,135.30087341180476,32.8505582539556,66.83137688293155,55.746112655725575,Nutrient_Deficiency
8.790367400596901,32.33710347392891,109.19470833442911,50.8202029975586,21.194856362539852,47.02724952598781,282.6075830727295,Healthy
5.839703756510422,112.26795339705771,66.90282279142806,8.711384171313881,18.510865073400517,51.43613086871135,138.37960808762975,Healthy
5.634658081690396,119.20848543051653,60.18358613747872,125.66596116793393,21.98596998538223,89.03092865995887,125.17259959882993,Healthy
4.7444402516622235,67.62927432706238,1.5439317976460476,5.312962233581913,37.883043084744315,90.76251517024019,80.27015993782507,Fungal_Disease
5.528021077451075,58.249893857216065,129.71799611985733,133.38722560146664,30.519689694686647,86.2168952650726,267.47558848414326,Fungal_Disease
8.383253809141003,136.89951709024945,84.46310297445203,93.04111992126558,18.873853188171136,89.18647461637062,253.68503006687254,Bacterial_Disease
8.981671688136236,28.07905234232979,28.441551206595534,131.83648918187288,38.624625507115056,65.57829354712936,120.89711983102622,Healthy
5.841547652534242,30.150299599645187,128.74447871900114,27.952356130856955,11.916578513860735,71.69865718011071,9.183983969123656,Healthy
6.243053154772713,40.861404785095964,128.0904662478415,5.697971335533067,34.47141812466034,64.57385332439524,133.99542915184185,Healthy
7.6103546910136854,24.186024559352223,138.48578301125343,68.34939695870885,25.36852820122588,82.8470467242336,54.25740497401599,Fungal_Disease
8.430978902325373,53.11118374858612,122.36791883945703,63.087278039817534,35.59516351230609,64.08003886091554,42.82022104466435,Healthy
6.9652216709339205,127.51679177856553,139.68981429480905,46.408918255683595,42.46114480851994,28.886157164062443,117.92808356862707,Healthy
5.957628490889147,86.1486976880004,34.25606633725816,134.07190641441764,36.25119342814163,84.76640963654879,29.72308120338816,Fungal_Disease
6.063109204243119,57.67251680571691,117.91494192789277,115.16172250260051,25.46878743589838,80.84681365420292,287.2393520794995,Fungal_Disease
7.478090732484034,130.81751123997006,115.22396323140703,92.62148299258307,15.284148852985826,85.62404762261002,14.26175453438454,Healthy
4.0160913180213935,6.7849925466151255,32.33165029090272,22.80016082929588,38.22228415319018,35.23435707118095,120.41088821961814,Nutrient_Deficiency
7.097946687299204,29.43866490626059,13.781256860138708,102.80527715059345,26.124693442248006,41.729364217197364,48.81081060950847,Healthy
5.777465052206787,79.22440471424626,137.11887191486394,101.78174365796136,12.635931320999543,43.6601357810824,206.64339645862682,Healthy
7.9709866563854215,86.17736724704508,41.44343721288545,59.50954430624105,35.16693892219031,60.64644289485389,23.64343476436852,Healthy
4.46495319911566,5.53805091876584,121.92485066549285,129.4700273599619,20.21481880708064,30.710166733076782,164.04167226259028,Nutrient_Deficiency
6.941011334741953,56.4254261069985,0.5778016544445452,23.37690351206146,11.711088032681483,50.830540261989384,231.93044856058128,Healthy
6.404864449430619,90.88155507632219,2.9434730107443086,37.427258737633,41.59628552409272,34.572652886322366,285.0179505146912,Healthy
7.211627629526137,97.72987649647622,65.22198321749157,8.85140749508871,26.90853822328685,41.18101704261892,209.5582688908238,Healthy
4.324267972414842,89.3395863522777,33.4200557509089,111.36313414486224,19.833636861055755,76.51101076467418,29.847527290375055,Healthy
6.899918937140656,44.878851410529435,96.577779681035,87.04631405335562,35.07352952597191,88.38489250538248,26.55616491424231,Fungal_Disease
6.807422939797618,13.092817303707331,79.1790055795136,44.09164279537494,41.00658321888973,21.83246932777471,219.47941456141976,Healthy
6.8033004720808545,59.79574249870677,10.848011643068801,22.933912903204153,10.010747626181441,65.27175706840003,64.59882150104059,Healthy
7.017438332982274,18.025621231527765,22.76796148420039,5.620687804023651,34.07482647647538,22.88478096498137,134.17179258997464,Healthy
7.382339686131811,132.6673121928934,54.326897808177996,23.344379607631122,36.845409290644746,26.819939600924023,292.98633040540767,Healthy
8.024944998403848,66.52392124316796,25.984568953760643,63.45985048727215,17.347459954782256,76.40672276912872,245.97203952116269,Bacterial_Disease
5.3491036006410715,44.41628440996146,110.91112861415,34.60477566148486,27.136834099356104,78.84864852016933,253.97800719006017,Bacterial_Disease
8.12524705090031,107.28256995664601,58.24983297745921,36.25750484047534,13.125006462127754,85.1184538538239,258.2309714184236,Bacterial_Disease
6.491278411317268,69.71280296151694,13.080461357949897,122.58069133348,36.136245888037166,57.939320941624395,185.86360203646737,Healthy
4.385291395671656,43.40476336174301,67.80800631809748,72.11927428455408,39.66096064971734,88.78459856129506,223.1801771587435,Fungal_Disease
4.292754646219896,113.67548393471225,12.717345348597984,102.09527623797804,13.78653300636312,33.34706333132995,107.68827439028618,Healthy
5.671191593480304,121.40130114015707,18.051222758774404,4.999532863940033,38.57610887014921,39.97731309080021,299.5338679718552,Mineral_Deficiency
7.924484885557337,94.22114328041478,33.54537648394874,51.12286979492402,37.004955966958676,30.760171808157708,83.8866508963935,Healthy
7.538404673704579,6.575019137073421,120.33387873464856,67.08370863536186,22.141966212981405,83.80298084655013,177.00222099105585,Healthy
7.943074823362032,79.2852032233145,129.44575452661607,26.09835972942586,34.160133547675414,38.29400947092951,84.618503496358,Healthy
6.586345282208047,106.86128767961942,115.67608210648967,16.826815802375414,10.001684336300912,32.440899420663655,33.62131516802195,Healthy
6.200994989777453,19.110421691701504,46.770810438498614,121.84252898997795,42.61291790630995,69.84885500704449,170.275744453103,Healthy
4.73726263353142,32.01390519384447,38.14250175523643,131.52042779397152,29.26341323579305,26.166562108853952,106.00460125984192,Healthy
5.640963768046558,123.5493147095391,76.88179671063348,11.032937726357037,31.71186024216998,23.592022177613803,174.96578025701632,Healthy
6.170096830869376,2.817041059430365,101.05944247463573,48.862619755942035,33.26307947386845,28.537411884196715,167.60354299949785,Healthy
4.443002148398087,105.38179929563664,139.07219034242448,134.15998794022633,29.647915602642836,20.01927071897341,162.6770187430685,Healthy
5.103059763556057,66.3282609520192,18.41989966304967,11.642642638545084,39.98673606388121,75.75921233774339,36.99033661395883,Heat_Stress
6.991126470318694,62.54810223754496,6.900879863332621,90.10979220302167,31.339564125304037,64.97882573715829,132.05423230510712,Healthy
7.678315571195949,0.9935145492842046,97.20982445933794,136.11099193538078,41.77159969341654,36.79000872301791,243.60118181963753,Healthy
8.991737556964749,114.71575233530899,116.51160969054678,136.95131360139243,30.381606778190314,38.64039583820767,94.54304866339075,Healthy
8.665566656717788,50.375486089119306,118.48882918129925,65.97126632652406,15.98928476931983,84.87748787760317,133.14945158761955,Healthy
7.2128259976759574,75.707188382076,94.98489687080249,22.784875089533287,41.9746894543756,60.14560926882403,148.1494770960804,Healthy
6.10624026647036,94.82209608699232,133.5622125766862,28.29180409684144,33.856962442592184,75.88226856653917,258.81939377752343,Bacterial_Disease
7.180886823541163,98.3681407013082,71.54066689624217,124.54419531741524,34.473364805244465,56.22043610199324,196.67993076780567,Healthy
7.92825809040116,133.8372082356501,127.93407176706975,127.63562060616303,44.49186127000606,39.01744208166338,30.060760451194202,Heat_Stress
4.591680954616937,74.38759345312528,135.49369917881322,85.10315014229766,12.63187939733527,97.63222405463254,259.5512957415064,Bacterial_Disease
6.049524448481441,55.96073713641986,118.60204398043508,107.26469592578759,25.000741248330996,65.25180507003179,249.61979264462698,Healthy
8.199011428178085,133.5185077088391,43.366198856206886,103.59037520585714,18.368338754531532,30.47855230143299,226.09379417975262,Healthy
5.91916475966522,89.89543290357295,27.47019116384134,92.65502371847498,32.064926264978,52.48720337471254,139.8174054956513,Healthy
6.859361356135933,41.74104987871779,76.73680909745458,115.81877368207147,38.23840893118252,46.34699295575206,227.26361504574203,Healthy
6.938846804310991,17.70499435649996,63.42206505322638,95.95692722564495,43.82087481123445,37.12699748708171,143.62261879282715,Healthy
4.9223812656681964,117.95763020512538,122.88616790698262,74.7603228046499,25.910863743415202,94.67519913922077,220.98706029814886,Fungal_Disease
5.811177208261442,50.70542439118122,14.00443394940152,33.17389076234195,37.517638072491145,90.47359963678021,264.0330494917609,Fungal_Disease
5.672556443709661,92.46576099102036,36.0836085836126,104.14434017660666,42.09680572141328,35.93176932160931,267.162475539179,Healthy
4.130983542660324,65.91429871122574,105.2518522326192,66.28130149735843,33.916390138755965,48.17183112444134,136.3735722562364,Healthy
4.120958819456776,27.850169171305367,13.298130296823699,41.2708357610513,18.49563933574199,80.98523133366572,257.8028038056088,Nutrient_Deficiency
8.158485218378868,84.23612520686511,44.90701796303803,112.27247860384855,31.274895288772697,36.680483851217254,30.437214152313942,Healthy
5.365354049864062,8.495629653095524,54.201755167557636,97.53990404942397,43.948321673601534,67.32518900833955,30.54582524603431,Nutrient_Deficiency
6.590393831194077,57.867944381966915,87.1631315187766,131.227538837458,44.56438401015479,75.98351536998533,164.480084060244,Healthy
5.493627867943865,76.52609155291394,22.138570400711043,23.161829602642882,32.48259383008723,72.31778605686131,195.55338553688068,Healthy
8.703396225576702,61.04657637660107,120.48462864895933,90.88649984910904,41.04457152551962,76.51269122204005,45.89813279352081,Heat_Stress
5.296483794328869,104.81410453513871,62.6559129652784,34.19352553234464,17.0122277347011,76.53596712230103,141.6540134417979,Healthy
6.148284063694676,115.90949363634374,128.3830396632779,126.50161794222984,18.612751173327588,97.18447358791427,28.30880034477692,Healthy
8.36365125242301,107.97403036464493,65.50178790875043,13.929917995926196,43.35106645097009,47.71991116162557,180.62984566599312,Healthy
8.209667833959044,5.433812693652296,38.50563625170267,91.8626529022828,14.733238142318276,90.28723395006716,256.5282110258544,Bacterial_Disease
4.930507089231386,27.17802786243611,19.856036016274484,110.75200101392419,16.688725333271762,21.744565001208542,221.29169280585714,Nutrient_Deficiency
8.013216548978551,75.1250512969284,0.5243132595798738,49.68849765105901,24.71920096920181,43.05623706586266,113.48746572878137,Healthy
6.290934433689463,130.87508566213216,74.50204789787699,133.5793311137333,30.635450071367263,23.892462559930525,298.1381389911365,Healthy
6.414844360426776,116.89394850729636,15.001937569769279,119.10229584204522,31.13360266388951,72.09631679646722,198.88049293984102,Healthy
4.667399862079719,117.95483116925223,54.841886908364955,41.24656195588648,20.219160303294753,28.063229658529565,244.57453033274373,Healthy
4.403007568785624,42.44914712635448,82.49804657319214,1.0557529802398147,42.22148642826219,87.6565490921637,200.9092161875198,Fungal_Disease
7.6396965348688255,60.12270559101836,38.59602556637804,41.53200465652852,42.0284967662752,71.72733470322078,296.82488732613797,Bacterial_Disease
6.482305761776499,65.89883262423123,24.531400931256137,39.38346586590396,23.722381856833035,22.305232084288455,246.4079301653319,Healthy
6.184253513075898,22.032021668987458,108.46102716530783,124.59504505012725,25.200211930060398,77.18218923476984,155.82696536863216,Healthy
7.647541143261984,4.349538234223884,132.55076411942687,135.39696495566466,34.58739908883691,88.96279578055689,110.06386885127695,Fungal_Disease
7.827564494955549,132.56640592447235,14.06165850067524,9.86159803583645,33.204856373961526,72.88968061297196,204.64644874465273,Bacterial_Disease
4.794540838346768,33.69976199289094,21.7826454139011,65.98127599466434,23.380395523633684,22.441937274802576,177.0665426421027,Healthy
7.051125747388206,33.59284652130838,134.4017720153806,76.7664797941714,24.49854880323512,88.63356387683253,188.80517730826358,Healthy
4.676770411388428,11.673067527626335,5.289791053714479,13.007632586158461,22.181363019753864,78.5971130347228,102.90352988512709,Nutrient_Deficiency
7.756875430145229,129.991085272129,136.86852711706612,52.84967927925316,18.238475243365777,50.276104998718736,128.61852617116634,Healthy
7.284775781335697,81.16319609156808,0.6502276318984279,44.39153843501309,26.03484270234489,46.29042066524021,167.42897246719494,Healthy
8.783073105417289,93.38515999754954,122.31361179118639,75.04788960579222,34.02519461658891,58.38561451259521,251.7850205765529,Healthy
4.344790081782106,127.62076421682735,43.025525338284936,92.56672596247132,35.96883468600026,89.36814007502967,228.87267532887094,Fungal_Disease
4.285273605756272,48.38682364611053,131.40244014482153,98.48791546951932,37.26057768895869,40.1647481495646,35.59676115083711,Healthy
5.410935373466001,87.01102355933178,44.37234040898196,19.145703305874257,23.115620470859252,28.07710489929609,73.66627500581754,Healthy
5.30852841867953,5.431923662044245,91.60288501476784,113.812678272247,36.762259799974075,89.170909836884,7.997317479908228,Fungal_Disease
5.234893995359999,26.148153952358108,11.20455976723113,94.99588417070625,10.228071049215634,22.103187910457834,2.3881703896774242,Nutrient_Deficiency
8.531272902605183,116.37441271259195,33.92617360352346,124.47048834454074,26.696747820090877,92.87976177952517,67.31264078407253,Fungal_Disease
5.247730999247531,107.347569887367,108.3151085070951,62.90704832096077,37.78665400464418,44.459615544112054,239.79628440279888,Healthy
5.359748630643155,49.089976804000564,74.01601951503476,125.14456678110682,32.051565222447365,60.65781613506141,271.4242974523161,Healthy
7.796991312089818,52.75348788838975,129.91566865018626,121.20837712985056,26.59220934540777,30.583641980178243,117.53050976957942,Healthy
6.2486992122527,74.69762069750112,60.0251971677896,61.377306530297744,32.56247023122222,92.18039755013481,168.95957898200356,Fungal_Disease
7.883552784775906,0.033740655918836904,121.77373121394923,53.360064141017006,41.74311011020324,79.98689787075237,211.81578058661424,Bacterial_Disease
4.326830787821926,33.7742070453239,62.853761246953255,130.59368209583596,29.82336302135726,93.93244692864273,285.88100977551795,Fungal_Disease
6.437855968366922,29.15245320515002,137.09475901827793,100.12306283538128,37.99251670110372,74.658324089453,273.8796711892295,Bacterial_Disease
4.1680680009164135,35.067612544966885,134.37681339584276,129.9543485013306,44.32599538288191,34.77550213938609,17.157691014413977,Heat_Stress
4.3132660172767725,112.82681795468179,46.07913877785124,111.57646904541383,34.69488707264483,44.661360238899945,74.44975296278425,Healthy
8.532187266722055,39.154339916502046,124.02931385835245,85.30164150079801,30.066401736117225,58.94788600827787,14.743363186553127,Healthy
4.696226855587976,26.812985087020742,118.6655923901909,16.21938878052703,11.312008149386909,68.58065642881655,184.9627262967154,Nutrient_Deficiency
6.662103411376085,70.59688451102441,29.495255625858796,40.80729416107379,23.106726438910563,94.1167549869019,213.1479949417917,Bacterial_Disease
6.055478013003532,121.19030509218247,87.40065610965776,135.63793699377482,29.79049567302914,50.71611726313112,92.48502370695344,Healthy
5.736716631294214,33.78895853724998,10.17552418257408,44.71909381998862,37.90223000971114,76.24576175257167,256.1555724399644,Bacterial_Disease
8.499166728436363,10.995073990991816,117.13950088168463,13.05568176995191,25.33366763766517,96.88070791286574,135.8438251234493,Fungal_Disease
4.109116983877447,49.896663018953056,24.436423690489516,99.05746982870477,43.60203965176707,32.18992507323624,299.5144545291038,Healthy
7.3189484308779456,104.6712554390969,9.914058194007032,102.7605956361158,19.51278134182862,89.01676710236386,0.11990777679747877,Healthy
8.816972171067752,77.09667625727124,56.030673375433565,39.964080840201106,36.059851832361076,53.656485631455894,32.84691252556699,Healthy
6.80084091730921,114.35107174040864,80.7690994039501,41.67407710848252,24.666099597944463,78.59374207434695,90.53797288060211,Healthy
8.684112310165458,134.34290066529275,119.68837419836794,65.64501797122975,27.009597309806704,43.48306709896669,7.652279386113947,Healthy
4.261289396430119,110.97274674522639,136.39395357304312,3.0504529667157754,38.08757118529041,46.71873746128013,234.70183732147524,Healthy
6.093966595370807,84.53243103812548,61.52895175978091,110.5052214505629,20.367534157809693,22.17065798944529,15.831536361386167,Healthy
5.300788954810256,69.06782232733327,8.46256921793783,44.392430218377584,13.38842198083001,97.71233225335676,224.69388998814816,Bacterial_Disease
7.654104824903649,5.609672088757334,104.8761810636219,119.52683428027686,28.20894546146995,85.07620601846276,15.770537636864823,Fungal_Disease
8.906485452486233,137.80507703396577,79.12425587135124,112.36825902400471,28.507811413131208,27.513436634097637,75.81817939591369,Healthy
5.282650312221239,53.687357160505954,62.70478827822484,92.59628463662963,37.90087202788808,99.96070365310196,252.3830446975589,Fungal_Disease
7.270873007370373,21.311949948361352,43.297643030906556,45.482481393900414,43.891172218123565,68.40196777623531,285.32858827131724,Healthy
4.990488163798701,93.33923975550394,70.33579389809499,72.2843186325638,11.935524021492194,88.29829103715065,124.35790279815367,Healthy
6.826651272858049,39.80036047336431,47.41514462398433,62.276096063714256,30.709131581008812,25.33286106222952,290.9816892937654,Healthy
6.319662433441681,82.00895793034667,105.98166148463044,47.443464074814386,33.844748561017994,51.156094279353894,188.06427712756278,Healthy
8.860026648157685,82.14750709824277,76.14511750896975,118.73908050244495,44.50304727619826,73.57208978428879,124.75053672987943,Healthy
7.042636363482333,62.402174926401685,122.75868838157568,67.69099044087314,42.990657499691906,28.514697495976122,240.84040319037507,Healthy
5.747531860434094,117.05660617630596,76.0961480509219,116.5812336916005,34.93577676491921,59.112227092320055,88.59855604206035,Healthy
4.570478924439667,37.095388617762026,33.356737867590205,14.7305863798554,28.262629393556306,55.41422996353133,79.73887840806552,Healthy
4.756234143674673,62.808562826482785,119.15286351250023,19.743470404047002,15.653337280474144,37.28321795788638,196.9643030733223,Healthy
5.126584649756175,75.276898002736,78.01066629020615,136.82484271581674,23.446179432154608,44.021586868144176,117.14620859042849,Healthy
5.25483330670149,92.90746090742195,28.957745340098576,82.28758476485254,30.4792813770004,97.36946835959859,40.77540808349387,Fungal_Disease
8.25308028920569,109.75605907078253,87.2910933938711,71.36775428986687,35.38201388085138,43.09187888079488,20.089270586972642,Healthy
6.806113941412624,55.27301960295585,50.080347091939856,73.24184884017563,32.238984511768926,37.074090717472885,236.3527728745432,Healthy
6.616954556871832,90.44657217352345,118.2167857208892,30.137628364600374,34.994298063970945,62.89673368546667,202.7732195407034,Healthy
4.573844359346087,21.08553342959268,63.461963410516,100.61855293027622,25.020337659316418,73.67664272562382,123.539467381981,Nutrient_Deficiency
8.300698466747175,130.570734075947,101.70179013503834,11.869287322165611,35.46695516998532,78.0074488855652,268.868290551317,Bacterial_Disease
7.614071516042419,53.628232898940496,13.375069069073202,80.26531983442325,15.030943960690172,80.3397747597533,123.25702573277987,Healthy
4.338341809500008,102.13299907670138,55.443408482328465,79.9076315220262,15.690520911708974,22.946599321180248,213.08864143961506,Healthy
7.539175486148843,2.8477514635048706,137.65380110613583,127.98637937869154,15.699125104031198,51.50083203036506,272.7345825621879,Healthy
6.717691086713231,28.72620000667298,113.18444052680077,73.66559341468044,41.18027349625216,81.91664638264722,252.21463761253304,Fungal_Disease
4.408626728733891,68.19155620530093,22.39171233137001,19.188777436385134,12.661192215802208,92.38816814401035,153.33143290187368,Healthy
6.291503207643283,122.95534548252851,38.88696692681571,80.18545629474276,38.052793045671656,68.17600986662266,204.19091773401982,Healthy
6.423481435650235,73.8157209930948,46.17421323989055,12.78587021114653,18.1749814316358,24.184548280774855,124.09973301821071,Healthy
4.828872700816379,130.18186752114306,91.0511784693624,28.531136941989036,26.395047917333773,51.7316644684105,194.1591516882342,Healthy
8.728490735001412,67.73156552159149,105.97926632855177,4.355201786238259,42.05848084129873,25.938169269476372,77.26573150361877,Healthy
8.24987685740331,68.66287354303299,104.93372523310737,71.86110154432976,30.507803039062736,79.88302901476676,130.422634130866,Healthy
7.3451116866455415,16.764550390074465,71.38236788289639,11.834566141100131,17.35411901813255,25.080437542533218,62.86372128055171,Healthy
6.311477805003036,112.37187418131077,113.51487529734118,65.71521299438606,19.94315211115825,34.85848533881418,11.455485803864407,Healthy
6.058827707922543,34.57515774538875,61.19093158604651,130.61230494538017,42.2156318363525,53.356673917181936,176.56195517261168,Healthy
7.254867335754771,125.94574851212411,17.343279141378666,100.76659782270649,24.95003737884924,57.01186936918976,259.3288036052393,Healthy
6.727159347034528,127.51539084625546,79.02185783153386,10.837634391541027,30.54449190523763,52.51853602520099,7.673482386957453,Healthy
4.311365529409428,132.06341566238095,133.32219384415492,31.389373709238043,26.097626881888605,57.07173172848,58.80892221878877,Healthy
6.562513243851658,72.8322684744326,111.01911119495159,94.3127387850808,23.245333081695737,77.05913216161599,138.05551778112599,Healthy
8.032018086164197,94.79312986971021,81.01809067691393,125.25826054338572,17.814769442634066,49.54150583644332,199.769045052676,Healthy
6.296199387984791,108.9922232086329,90.55279244887357,4.608602146953526,34.016702516961075,63.82003673204953,51.36875810096593,Healthy
4.259782887771342,18.342046611065182,130.27868378498016,113.74315844088316,35.13847091952422,44.26954060229858,17.008448691187283,Nutrient_Deficiency
7.9313909969201655,84.13400729964961,59.96799122089447,78.65394324736322,19.620978206258982,48.29019960723861,155.71461531806676,Healthy
5.006818910679872,4.801706182463635,46.39517945196923,76.45278554149496,37.61537950691906,69.10391672336647,245.61291391719263,Nutrient_Deficiency
5.293104174440193,69.65925167442163,136.81381910006286,134.09384558547012,39.90873201055878,59.2395721309616,10.570472793831387,Heat_Stress
4.823531767161479,21.677975426831836,120.88203869144668,104.67024576354822,42.22362836838706,77.84290358874249,104.81083510770776,Nutrient_Deficiency
5.651075324357488,25.609209634691858,45.22610184660434,119.01664152785567,15.642434487142948,64.84308704413998,199.05442283800056,Healthy
7.783757528443175,51.10665933696421,64.9292836305292,49.55937973625334,20.637328926464324,84.28592683070983,39.2226018307401,Healthy
6.5969292975196865,60.54120334031042,58.110938061091865,77.61096571597737,40.11236716262935,55.47265703957733,70.78403306782704,Healthy
5.024406370753563,87.24413943450621,20.87339501400075,86.15679483988791,16.94890709897629,59.282689589344116,160.64779313587982,Healthy
8.389150390760204,10.419978581392193,134.09470533385627,45.02175165074511,10.121396073522337,73.59770791207517,285.9695089092654,Bacterial_Disease
8.397909274757646,70.51684657324225,56.60374037076623,79.83473749263594,40.47895585880721,37.69951555296391,86.20278547312682,Healthy
8.352892125230035,25.567518235434157,122.54607156930712,33.13175312715993,21.425730461297928,50.87436295450087,146.2582263662131,Healthy
5.193981056907696,80.35652450444387,26.509871875293108,20.07259394955354,24.50741337986325,69.98729952093663,119.97925891932549,Healthy
6.25619672090494,89.23664571656569,76.70191348921077,52.35583629882657,25.62169090022233,22.31010154125891,269.219001609024,Healthy
8.924948280704376,77.93929591739953,3.3545939173977746,103.50054802450119,39.689611023352995,54.957714690715335,21.56695920933469,Heat_Stress
7.860062381549952,103.36137146696308,106.9908677379232,128.26620073034425,21.826225060771115,67.90799490448934,169.8442774022293,Healthy
4.135837106127799,46.98529419372618,81.32794575447898,64.07996720975255,41.22979600497686,97.39004255825583,253.8359097569832,Fungal_Disease
4.32602295630246,107.11492282863833,87.58254168576538,89.99531635856043,31.592869831681682,90.1613249294137,296.4352731187775,Fungal_Disease
6.319656884061664,60.58739143914711,7.2409235576514845,14.425198336514066,28.45503534117895,42.45935623541265,209.6176492565422,Mineral_Deficiency
8.5461010293078,67.78582976516356,29.545366229206156,126.62492619732602,21.396507749461186,60.57680832231398,113.98064269995736,Healthy
6.693508989763571,90.73429781655,10.406322129501222,79.60458989979081,18.529909369841505,24.513149812807306,123.54730576018316,Healthy
6.489062540171451,2.5701737598913543,40.44800421253365,109.24735466752199,31.842045497207202,39.26035318542457,105.50466592282918,Healthy
4.527368499783153,91.55919099883477,87.84146107550114,111.22176812899514,25.641295601980165,81.98846944544721,181.08392994208603,Fungal_Disease
7.283900523621471,86.60192087009615,79.26603780443253,35.907273691534826,41.86806034762022,29.865120982027562,221.8217312154753,Healthy
8.110515803001128,43.37859634545919,85.70097502587464,74.08442344545894,27.20735506399174,40.615241986716526,245.84026907667928,Healthy
5.902100037537812,12.011199885928526,76.8951779929052,134.46716521853685,27.91282208454169,95.52340013886463,124.97793290495156,Fungal_Disease
7.8780592546266375,12.73096298782576,38.22403139462031,12.548836274915889,24.585314839760027,85.90846403939663,215.01255067771177,Bacterial_Disease
8.822383269504058,129.251324577932,34.23104962821953,95.62698572413888,37.62420489469498,82.54621701191296,274.8667776089329,Fungal_Disease
5.018832295638445,96.4991049716172,19.188355695121377,134.71697092492408,24.869371933824464,89.16459922417255,276.2474383352116,Bacterial_Disease
6.6166481559737065,17.794365927903655,118.86992248648889,42.0807951275631,19.42696999124142,79.96845492658832,211.20870081439276,Bacterial_Disease
5.435689790422877,49.94124370324689,86.30711019577423,120.60270899660874,40.171080600272845,29.646897289458796,191.07065784376084,Healthy
7.964272095169196,82.9476191462235,26.111541750568367,130.71205635715802,30.88898774778341,61.324906118818504,159.45782265750202,Healthy
6.887966829405787,116.98003871269081,24.809313174973532,104.59206931527551,30.70285769191506,55.53951366418576,54.95930045463857,Healthy
7.172912087751519,6.112530019821194,122.22498421365914,32.38596372297416,31.37877725073743,44.89212626163041,37.08889578162554,Healthy
7.989570798079471,33.12863840580124,103.9823209268647,46.76010063572314,35.15939118719834,86.72323277756844,145.7133020368141,Fungal_Disease
5.979852363312275,124.5648586413532,92.31587118675199,5.013301218482303,20.95737962593984,57.131136189938694,47.8332468622378,Healthy
8.575450342035216,1.2831770257343078,56.960975055501976,116.40345279434973,11.1845529791551,24.823808108603977,173.0999777008008,Healthy
6.6651443362307,28.195874391144237,36.676578998992454,118.94556611155119,38.37076063069534,41.99724669762146,193.71081909036545,Healthy
4.7897741141767405,134.26338463621522,137.1231068357953,88.57944339526698,14.511676885857309,38.28968464235561,157.6846792560122,Healthy
7.479495590844012,85.87625851310395,111.61354050319203,49.35389917693919,35.26369080236905,90.99831078490269,10.928013753784093,Fungal_Disease
7.966306752191272,36.633991329250904,42.24909123907871,10.753543869588874,12.881035440056506,71.79504805111999,17.31838764069965,Healthy
5.583808385337633,9.378753215418666,118.65907147898926,105.42806538808732,23.135774470997223,64.830101270566,34.00235540444564,Healthy
8.285896284993765,3.946787662611102,106.25047280605541,101.7136671053892,12.205912444103838,60.5319393342964,46.09374149650171,Healthy
8.530716273828832,34.264311149169814,41.59127698291977,127.76435304344614,28.27747878697036,72.00904220331724,296.96478413079996,Bacterial_Disease
5.3845224368890445,123.40801474244746,59.717399593829555,102.2744829407507,32.85975204735513,80.39004374216998,103.34850505893674,Fungal_Disease
8.91760736357611,58.22791160165133,26.033482354743732,116.01729191416027,16.00015994123659,64.35077646652078,87.59201209238586,Healthy
4.703557640243792,100.84667168323902,15.547342212935309,104.43364650655994,23.00696664534407,95.06283321220884,15.67999069926872,Healthy
5.0100783420124495,128.5599049531941,101.18668459755754,88.2962063637243,42.558382186506876,98.14673365203076,190.59611720567895,Fungal_Disease
4.921124196190131,57.125664624394325,37.45166002954133,59.775295186741296,25.483619098760986,99.62738532870584,195.6572355393842,Fungal_Disease
8.469948550039351,26.778831945235588,114.8083112044755,126.29642320991888,38.08902491417948,73.55128880709158,52.634606873599395,Healthy
7.271462761624809,72.39651031996873,139.38521961201965,91.13560006704577,42.45146607710732,94.60963734047027,275.7724622773839,Fungal_Disease
4.760521416111365,127.13171618837961,10.726773950150815,55.76974507522727,44.10210387420503,52.35837562463637,240.14806397853818,Healthy
6.201617091841745,112.61241797927809,66.22491751171803,11.685701325474012,41.44127068919792,88.76739129979083,69.09579504225242,Fungal_Disease
7.07649012534901,9.21617807084153,112.28875830351242,40.69867982661349,21.10918652056392,92.73394389917448,145.75491927496122,Healthy
4.417320424946917,96.96019201086145,110.4531255157727,76.12174287622307,43.69005101564176,92.33123778658205,137.51725685965496,Fungal_Disease
8.412081842036693,80.06565314425353,106.39960216633558,38.58895180226723,38.43383346111164,86.46770263267052,104.55613330269622,Fungal_Disease
8.018017677207675,127.04484468849957,48.859290942267535,30.972948708506294,39.30114542738207,52.527932931300036,245.29041384768396,Healthy
6.526033867883191,17.147398359041613,63.53945579590732,73.8350919722986,10.531054446014217,32.71259855845875,32.779345686345295,Healthy
8.835633076295853,74.76505584865193,83.29557002780584,23.77484842540284,43.398360216140276,46.71650850755567,124.5942719483378,Healthy
6.088804896375499,123.12477709166492,136.351681700256,112.05740886551449,37.23315783470593,81.38308554384744,128.4093391647651,Fungal_Disease
8.92055159518249,57.40333014384402,45.856617931389,67.81154118797211,36.8788623777765,38.63084090639802,140.6176813842539,Healthy
7.339599994018135,67.47928848260139,129.24014428036008,80.34078835477102,12.853365582500519,58.261765186077795,258.4049973295886,Healthy
7.173356366269707,9.864494873374161,37.70996854526918,20.633657463628797,18.139898937566592,65.23196143877377,65.45006106045038,Healthy
4.829774476478925,38.94010966284752,138.47042516631865,45.44068698811144,43.67915827982647,68.30868499503002,30.876952053681826,Heat_Stress
8.40963879152322,45.43093088365263,93.83691615586284,57.41255565656141,27.52369761819167,94.85804387030389,185.34253884633242,Fungal_Disease
6.137448439603076,132.31714282428416,64.89160725019713,113.14979627231041,23.925030638303962,72.91944163314541,52.15034249341415,Healthy
4.811167028912397,39.573430475762265,85.87465992890469,107.82233323206135,39.39792860014198,82.90390528618418,22.479625756385925,Fungal_Disease
4.063037599878795,64.52162293775127,38.15436366562895,31.216846470275392,13.056914493988051,66.55026783133067,127.99476617131604,Healthy
6.798778418191913,93.98261929899917,38.38434005160533,86.26507142498109,24.592970569487075,86.68642550895706,65.89392925744228,Healthy
6.636998110613382,22.705672137102834,15.897636138089137,34.08389008807966,23.149527104772925,41.093089045581024,108.36498566039509,Healthy
7.596768111845793,68.10193419986243,15.967041678755827,138.35460179663434,22.24479854606375,36.79021373350314,77.91332403073724,Healthy
8.45129026508901,103.39546552662706,48.674043805647585,133.2973429383219,20.76922852785756,94.10560390063758,27.790938817024724,Healthy
4.397032923215147,121.35972982378924,106.79976690549204,78.85706087288686,17.352623487652732,75.47847010859027,168.10416087726048,Healthy
7.657482451701812,87.67629845273974,85.11596346374274,97.84636006518001,16.051878104668276,73.72204616465768,8.105525411845704,Healthy
4.937059720487911,93.6674921443727,14.361838446342913,112.20025350921031,32.414214092188594,57.38361909027599,289.91260439831984,Healthy
8.29088526578582,17.679686161839655,119.31311349662754,100.93977880628654,42.17881944230375,50.13578074348084,102.39915652048988,Healthy
8.09531756930828,132.4087096144886,84.1914677786093,97.97601675153892,27.80980758374585,64.4552955582911,208.54725314694113,Healthy
6.703968774927722,18.560370847827528,134.51978074986917,134.19756111293393,20.42910933213255,29.64530795373337,243.10886176423497,Healthy
7.551213993116558,108.45421120545176,93.82596543756905,83.50385488301966,15.570606920277921,56.37700488664862,83.73143866186655,Healthy
5.571750565918742,37.07428504896463,24.52448091858534,89.0823740546678,39.0550177768408,56.42941635723847,224.62161273302047,Healthy
6.355839494664073,130.7030401181752,66.32967072309512,118.89762506134537,44.00222197656248,63.06692103554121,249.72625662741288,Healthy
8.108184488552359,100.79433551172714,90.78966365660858,93.78472150017696,22.220439051374814,70.77484914937618,72.39517014348405,Healthy
6.296325985866069,105.53391981697166,3.957058146996877,102.61056708245316,20.183264894324513,96.58546927882897,297.7484030688218,Bacterial_Disease
5.788991326627209,30.668284228383666,2.0874369816731053,32.78361606752994,31.052253354122946,72.17353016734054,6.206604852626807,Healthy
6.471062236251499,62.025596728922515,18.116420083799508,51.97736937610993,37.1365143333699,90.69801215627292,65.10014407066232,Fungal_Disease
8.141246262186092,86.4938472425001,35.23302090636591,20.62218839966502,25.939098124238253,64.50430891753311,234.00622688309787,Healthy
5.676040236854364,107.79630654892414,60.136877292894575,70.80716192687277,32.05256024513322,70.15423061019918,58.23930751672586,Healthy
4.868807965678719,14.55431262773454,68.24166632637038,63.801836095234485,35.079217380815216,25.586956248765567,209.47795899186195,Nutrient_Deficiency
7.560070101653904,134.73114430363398,19.32386525130555,139.60279399912395,43.620730074966275,30.661097830753246,256.6591214948711,Healthy
8.12989106354041,124.63089387763785,94.27482107621631,85.56921139417595,15.77630656820292,66.37363481580317,287.76428179027806,Healthy
4.503187392617667,37.84880266938181,83.45932863751487,110.10227524721927,44.90838728388793,51.65702959664234,142.27425462008085,Healthy
5.199370563779723,115.18643402452648,41.22497383776243,46.76205390607159,23.725482933443008,83.90484158924014,291.3327368946352,Bacterial_Disease
4.7098599488049695,72.56534922557528,1.9123836809408812,116.41634638799151,35.31200499542938,63.45422998993408,123.48668900450357,Healthy
5.739707057910833,64.65290741868262,10.870708149460704,86.11189530827568,30.034503229054902,90.58328311610703,65.43841190231574,Fungal_Disease
6.251754894527063,44.02077481359676,54.83726857151752,97.57892642378138,27.033401595309403,97.7865342769833,154.17655592541757,Fungal_Disease
7.744131684816533,81.33560212842295,21.55640916319575,41.22030891292361,34.432637905605525,31.8108148097188,194.9469732934478,Healthy
7.25573792440837,102.18447647850368,52.75474486071592,76.8093748373808,23.85138475782583,51.58622013245012,137.38899481498314,Healthy
7.104642837392156,57.53060669478616,87.94556463144971,88.76517627790521,14.413849346788224,73.19848201904247,170.09173319003747,Healthy
5.761874733048272,88.09068702116089,76.6132399030997,82.47325461432135,27.11126840924339,44.43910043202798,124.92275631815659,Healthy
8.2072377654238,97.90380896174253,32.36462363923519,128.1271195994393,28.26705547388115,41.36258701771961,157.42858620637494,Healthy
6.356435836990823,99.55705438214002,48.135148776225336,125.75817302895749,17.066575368997874,85.09908485030694,285.7787015839685,Bacterial_Disease
8.895524690075773,7.275253738365235,85.96436778281108,135.93776810276188,42.746677471503,98.43027752469943,149.9493457608996,Fungal_Disease
7.170710691478684,120.36469279590936,120.51970392608283,93.43992084097852,17.961647632620195,81.90426649979851,75.95388984277808,Healthy
4.631323707822514,64.1554640671067,105.44988142344282,136.06797821759585,24.32296579294342,61.894129824329084,227.6239864537712,Healthy
7.38088781037717,36.73825143747002,77.4760037566781,116.54692000446724,15.422539039565315,55.400898555625176,101.2753373344648,Healthy
5.625520077158495,33.847031047155426,50.72101976430807,37.9164996475943,28.752882616543044,63.17181764242919,244.86215124641723,Healthy
7.431635983430487,67.62197579815306,51.10717885585276,59.84099373718159,20.76731628350314,57.027176175018866,17.052596695165544,Healthy
4.348205740812029,124.1564155256543,123.11842343701545,33.37494190646137,27.12453819916294,60.231044542853446,99.6533931326074,Healthy
4.874407185879797,52.96866143557057,5.494100645676497,0.5876025162791287,17.861592076037066,36.27624404233821,28.307972478191836,Mineral_Deficiency
8.278686294528931,104.96160454969606,138.31757021883652,26.326825440567205,11.882129478205051,92.29935594474621,25.595347273749436,Healthy
5.135897785117574,13.554622338210605,93.01255751921872,0.5684820801625934,37.272932787878936,80.36280012186145,197.51686775173118,Fungal_Disease
8.1852056262147,66.64793830114864,95.35927787013468,100.7773845890686,32.43801993858804,74.4781938154576,115.60044040608223,Healthy
5.3963804422720525,138.836059654983,5.319697222663901,59.57480168096794,21.92587744988545,95.99399767795785,261.44368259553374,Bacterial_Disease
7.214409550293539,107.86129239092718,84.77409848477811,43.76046179090016,11.662297863881278,42.75154655302704,154.92154136205875,Healthy
7.470752867549155,29.47398838168582,67.86892841266258,106.6409247533263,40.295127194399235,26.492752871489138,88.60296635168481,Healthy
6.563273765725265,70.2018063177075,14.80904696516938,116.5481484467503,15.942825172748776,86.09109282842654,216.26666638865842,Bacterial_Disease
5.526553383483656,32.70746691079932,38.90908150771027,136.5419354109832,42.57597763984998,99.87335709194039,187.2050374757099,Fungal_Disease
5.063221881855481,57.3385298167513,124.64402386991118,89.88190185453377,26.750838250858546,66.27459504161595,239.87838624876102,Healthy
4.165946772812131,109.21176332289507,76.99837822123341,64.61405419560724,21.91353484679693,24.70475103301455,193.0764829025655,Healthy
5.519732006203619,107.97147414065651,57.878320524347224,42.737002225041024,35.96158169118374,82.4374432123953,50.104025129676074,Fungal_Disease
7.265813952656415,31.934052906333918,10.175501817713533,31.12454928999168,40.6893792126315,25.899923907667322,201.0930113001198,Healthy
8.691524092242414,129.1112645416804,99.97701383632278,29.80963306756417,22.974974727599875,63.2011189007425,117.4647592847431,Healthy
8.35602241131526,82.95954558707575,98.39911527544456,57.28651246077183,24.257031325956554,42.20259793684217,138.94290907727043,Healthy
7.830323882676513,53.18940073468203,85.9661049761589,138.85008974031018,25.160537677151908,93.20214244739164,276.4693727212034,Fungal_Disease
7.9422367162664935,70.27098130932049,71.43677047089089,0.11951764123645736,42.28130715175342,56.1064970607588,107.9892138893241,Healthy
7.324924517379976,84.70997548128412,60.729816309032174,27.608825612340112,34.239739703001646,91.87706787828427,183.58774289725162,Fungal_Disease
5.301434287830015,78.38467445840996,83.05795301831893,26.375017536500337,18.667614096597944,43.926486820365405,109.04452002367186,Healthy
8.535975153529149,68.09670497506495,32.67536324197694,100.39672797452093,16.47498941256928,50.9890067057081,28.41824560733752,Healthy
7.35366155952917,70.69059257251601,131.77626898487068,49.34786186372865,18.062868219868562,95.76953505976644,136.05760261449015,Healthy
6.8022031549022,24.697667459904064,82.43123408523213,64.01651264285489,19.22473612149311,36.105156074530825,179.11845133789558,Healthy
4.554947346067405,113.78260660265511,43.56694220961272,20.807378265786696,18.056422196690054,66.28009213209161,122.25098761127961,Healthy
6.235277719032127,75.84644479174216,62.955179123922015,56.69958544277268,33.04772565173386,51.08082628480891,117.19985540345532,Healthy
6.301791356009631,18.351180638658434,112.79587044276492,14.447973666817047,14.057672873012722,81.93335080549818,246.1135541683191,Bacterial_Disease
8.32281804761335,107.2619942215889,22.62624850224164,74.62606030440163,23.557547139778624,30.34370969370859,8.905551686841061,Healthy
6.733241100938942,130.5421569728291,40.99698714443646,13.711371153599831,31.876875053962827,54.97719752037348,88.67561902203599,Healthy
5.902002744852048,132.6229658931747,95.13112318311777,110.67117336424188,20.180099088002578,75.91461014762105,243.52717961316347,Bacterial_Disease
8.884001642553297,51.66248253756419,44.168488907511346,79.32424045566853,12.284603464558032,52.561298800492786,276.15904458334916,Healthy
4.553602966631578,18.972362298505566,110.95023546060524,101.35550232829236,12.86383729960889,24.682539142030137,123.68987575224848,Nutrient_Deficiency
6.112742141559723,72.57594772862912,18.263488204830516,58.592294131375745,14.408837170664022,76.40898090682751,266.6382729588229,Bacterial_Disease
4.210123375857027,15.765292108890897,106.77606386364519,53.408781053911824,39.25450587038543,60.255866214798644,59.67903663750981,Nutrient_Deficiency
7.699520603834651,130.7582385917664,9.569240079079274,13.749244466840905,33.02522269617394,20.90469493440804,66.42812035805179,Mineral_Deficiency
8.590382760995753,25.70114782972044,1.7629657734492699,73.33978498599517,12.258284388417568,69.01247161826984,253.85741297544104,Healthy
5.400186647752447,35.38722039316297,125.7512926365027,72.03030307999288,23.687410770299696,93.59048180230292,270.97732240218545,Bacterial_Disease
8.291708383995605,56.92911376389586,81.3874903705218,65.53428622294474,19.7504810496473,28.882075856935117,66.84173038880024,Healthy
5.461091152309489,53.64302559827761,49.25576559215361,103.67257105554289,30.23140390700801,67.25369880073352,17.79725699058333,Healthy
8.553850808219575,111.25280493570446,32.56324917493906,116.55061600452963,28.298208238530968,78.29351054101042,27.097241116586325,Healthy
7.769809517983919,63.884354877134726,86.36400965651426,105.11055449279114,26.839340817940023,25.661893611224436,78.41425061290897,Healthy
8.024533884207193,23.907556400467165,71.26030569514334,20.141203992958136,21.007932963041462,21.809236653134903,228.43472314403846,Healthy
4.090032778002272,37.40938536805037,138.82368857419792,87.08833129949512,14.822992021539676,57.13566933159578,152.99754833888485,Healthy
8.814051785370129,71.27587392625308,137.65023813152442,11.245234796534673,35.98317340054233,83.2949349787491,136.6766526728309,Fungal_Disease
7.633354960351617,20.643548439658886,88.90343925982535,97.2471202416667,40.794986909492906,32.85755280794626,175.2419793498003,Healthy
5.523755476930667,85.63179459044197,62.00187085482467,53.457473518557734,43.045281823148606,86.93098177719384,267.06693403865586,Fungal_Disease
8.146973324294235,79.20462291716042,68.75973567885269,18.549853877280125,12.051663971475316,72.52618043388769,27.129113869697274,Healthy
5.40760599207465,100.05832429351608,95.54706927316067,120.6871199766579,35.8968049056109,46.57386302307885,208.41723829097438,Healthy
8.36376919783064,131.27864615311148,14.220436192953391,85.96116746545123,35.427621079243686,61.26606387939596,278.0372536966215,Healthy
4.562901952059685,127.71563855416179,45.969290333500545,49.66149551265385,43.14883649509562,97.24599837813908,64.00501252752,Fungal_Disease
7.518429887303979,132.45058652963638,10.53811374050454,4.301805151069935,18.85201080742179,37.314957650587104,251.33169478855032,Mineral_Deficiency
6.703492383224551,34.26018358331813,10.270506332368738,75.22343626050547,35.976266340330476,59.96283181952322,209.40741322785067,Healthy
4.482672350977204,18.419142929509647,27.417493865192725,129.25162298807257,11.91192010682696,69.95892448860965,4.340560821943407,Nutrient_Deficiency
5.2094691412941945,42.31873806950279,67.93545564305177,83.4931765783312,32.09360022665667,31.041168438053298,69.48350410863846,Healthy
4.062020181386574,125.31192418728405,109.8684049627905,136.03108464672903,22.27967384182629,23.48176708986477,181.75342826876425,Healthy
6.34383982732253,136.08748644728834,67.96942476322215,19.103156557864192,36.91183038416163,21.0767962345177,150.7201018473635,Healthy
5.506326303800002,120.30549314986665,46.96672547852177,79.56271464327716,40.21565002523877,45.9754285280013,158.38087575805977,Healthy
6.9917874214887945,15.402480957856104,11.529418647146139,111.73750672090013,22.768736477613068,25.91578355878923,69.5791273820468,Healthy
5.486189038543086,132.63991972837104,77.04137324563814,73.57570235760026,28.39551324447552,84.30159620328917,202.501041212588,Fungal_Disease
5.499595557534923,59.270123829110034,37.97760210764474,12.749289838246163,14.109142182725996,99.78556217293968,79.92551128103307,Healthy
7.715965993658017,1.303440706729515,86.09078490840064,81.60404021661049,24.59174378282168,24.904305738757124,116.83048994353616,Healthy
4.240714179891767,61.935123704747106,136.80628347853857,85.64330681794604,22.628013764070925,54.618102074675164,110.67477476402287,Healthy
8.514474975959937,6.449683754565463,15.584005006857023,102.01929478654935,16.40932109245812,22.058569838605983,201.60750663596957,Healthy
8.261319371955906,76.14290896255646,29.69755582107159,106.56961212316635,41.30675186683715,30.71927126058106,27.075828504965216,Heat_Stress
7.339023416132033,47.397563841187186,66.23323533391246,107.908176349485,15.183074331405608,45.833804872853925,61.662570312055564,Healthy
6.966107850536922,66.28089070316683,135.60593414843012,92.88221510945525,32.25087751355655,51.49585704461199,60.14912120552035,Healthy
8.461512490698262,85.84385050403638,108.05336867779938,30.21356609861214,41.15499252179607,95.18263571429121,32.52740223471303,Fungal_Disease
4.926650897643572,121.63215341449484,125.75208704279622,56.59300581752711,41.9189002952129,51.66694470055167,62.27849365093772,Healthy
4.394845810954143,92.66622070607,46.720078786611005,108.65819616601581,37.7633894944199,59.70221272459217,182.1180803770063,Healthy
5.1975508495476905,60.7668415869453,138.88538632900324,133.47977767611386,16.16493968559618,39.64666946190931,219.65045126225644,Healthy
7.9728913935009516,114.71989951385112,14.396594248982035,11.05257507712708,38.61009932248544,20.01001110052604,198.0910340907368,Mineral_Deficiency
4.173351333632416,126.7814992602385,7.416206846454116,74.97513489160727,19.67976843454686,91.94675653865082,142.5564413942647,Healthy
6.914034175417449,16.76639530050761,119.78436778756394,43.7531179854029,42.283930960137816,26.537180562904386,15.730371328819093,Heat_Stress
8.97718758095655,74.47061685739081,129.81708182897808,31.55514520435617,34.818033849834734,97.13990728289832,287.7021032060325,Fungal_Disease
8.278480469187697,39.83167436394218,12.681950056454244,70.8134956927601,37.484364635311024,30.46752832802082,50.42293825124759,Healthy
6.607228445217947,6.588567702772636,15.87983974441781,84.85250767791514,12.976135872567802,68.39027846003522,200.52641112170124,Healthy
4.318204546433211,93.59653731595795,4.644382085808334,1.3681123987273747,30.396778970524053,99.95284702853095,273.8671846446333,Fungal_Disease
8.156867571928549,120.78790884429158,14.631058769981372,109.22892010816673,38.73997444145379,31.077167685574068,209.33312879429658,Healthy
6.9948925408860525,22.806371626835166,29.318774352039323,114.78349837632267,40.15566234703748,53.91544679518594,65.41489205668508,Healthy
4.574664985297834,113.73791206734607,135.81072664740014,135.1715154395106,11.002109665677454,82.43389351771812,94.73888962920691,Healthy
4.469286424116781,119.47540269517184,93.50043111355527,25.290122651457295,42.870573139429176,22.575211987997463,9.061760103328552,Heat_Stress
8.548134097182961,128.0076619733077,108.99742357259589,83.23735873053272,11.51685566558679,75.18262009120356,183.82747225263404,Healthy
7.346001314690392,37.139912472047335,108.6595165168131,59.72755228669523,31.508153788619744,26.42986703126396,183.89789426446998,Healthy
8.146433996583777,126.5534291265845,74.91032496909004,46.875899217749094,34.26856346653592,38.92161138185811,217.6501744129138,Healthy
8.394894501411336,44.89278566310051,111.6484568798224,79.18868320125065,13.757085190876843,32.80609299946883,3.2988867826864054,Healthy
6.858861760241611,77.3273218837704,83.41305453459574,109.53363305129703,11.680415296321744,92.5869145317549,245.35238664733998,Bacterial_Disease
6.587231758775206,7.071045916519498,44.036453664470066,3.2273896823294157,37.47192540577552,34.436537342534464,221.61328722009245,Healthy
6.152137051604951,6.143352371624104,78.5554152275761,135.71601575926616,23.46347186791019,23.234727641212576,42.265982857226646,Healthy
5.584732938955597,100.85224978250841,74.69120205883189,113.3834219987995,13.748938036029328,67.01005427582098,104.28798278069358,Healthy
6.172979804293559,62.22719691689075,115.28342752630489,105.16151851038099,36.69337357356747,47.694474032776164,191.55746787126503,Healthy
7.869398278650782,35.88093255169046,137.44181043343227,106.4542335052705,39.72070745502672,52.45649765130931,148.73906248209835,Healthy
7.009617155075658,26.657889443487427,57.54595915893027,54.46849934661136,30.55851667655826,29.525019589003758,34.52827917037873,Healthy
8.46261644977423,93.79348872029053,106.87469498179036,105.22687711827392,15.643288295212596,79.85875931465556,26.203612540976973,Healthy
6.216900071895939,0.05621616354758219,13.966820565338695,54.147829204414066,10.532786502202178,68.12429197148144,234.43688973242746,Healthy
7.03544789359377,112.8247636875596,108.7563917227604,125.81895614047103,34.52808684556803,49.137363579862395,46.790135405342944,Healthy
7.156537765459944,11.094944858190035,51.9983676790525,24.811133662905753,29.25488861888609,33.725995501050875,51.62780217913308,Healthy
6.958485811531627,26.808546087136722,5.514622804556133,40.928639390121205,32.77789996020278,67.47613913364484,249.2769376070273,Healthy
7.5131688654275814,54.073095341872545,50.85446499870481,77.18725597787065,38.461463456985854,82.28778236059019,183.6418903689651,Fungal_Disease
5.187167341874032,67.8802235602545,85.48998512903027,44.68954502421815,25.197972194754023,44.99178270937559,181.41468244619173,Healthy
6.561818887728953,49.69931621395185,16.69502347540532,59.39321434133828,14.358041409176714,22.068830683087768,143.803731409002,Healthy
4.521124014041739,44.899703097801144,129.36482894023564,68.93917651580325,42.89941498867893,37.14751878023872,170.69850432068728,Healthy
5.922556638224063,134.9482416902464,10.8741378581974,119.88946883389121,29.084174453640006,74.59182551142634,180.5309071115433,Healthy
6.438335343106322,89.8211553740752,130.20094077664328,73.24691550521699,31.535294168098908,99.12771019655382,290.3478704530741,Fungal_Disease
7.261121297727362,3.280613751434349,98.9992525109961,50.74437880603847,42.66940003431129,21.07009915270212,66.89199224027378,Healthy
8.752655262931018,60.22462718220385,46.159704557988505,34.68306296491621,42.6054279708592,44.492284970568065,64.36872591013773,Healthy
7.003255332741779,122.50121796415583,54.70504867927305,57.21463703090761,30.023311235486076,24.961669635907107,17.165546311594703,Healthy
7.717969580882799,42.20386609749352,103.71331106258418,72.20305461801179,20.416399865249915,45.307943021042576,197.4596396427967,Healthy
6.531330297476014,13.237888268414352,84.20595412336903,104.45608000845309,44.898977190445876,52.4731474501937,164.71265424667857,Healthy
7.170520156881657,106.1738680225885,94.03000900369233,16.946828664127413,33.82859814837376,93.6689673557004,33.37176115399193,Fungal_Disease
4.354661080668867,84.84193647105138,54.4830463118872,31.02528635348112,24.29528369122198,26.4448639523983,109.36168053545617,Healthy
5.271957904209235,79.84375109571054,68.29388745306386,53.15156222161425,29.59428809987564,82.1707242452616,53.59896159936115,Fungal_Disease
5.8092654660256935,7.500718345037109,138.5814477653051,50.455776716732046,24.554191759381037,51.64275168503707,99.44452212025845,Healthy
6.362466775032567,19.669861371372427,29.94920186996048,54.84473226472964,41.09068033038266,84.90102797335422,285.379250818383,Fungal_Disease
4.228243727511918,87.15691546983592,58.4998661130984,111.09297704964544,26.887478120301115,61.072174826049704,204.9956516641587,Healthy
4.700120487766588,29.095337804237012,40.85524626035542,45.38161641470424,38.82349315934365,23.142563107472807,2.2707302385425843,Nutrient_Deficiency
5.384071538956529,70.56981116477941,107.11561146157898,70.26574525637305,39.406170423805136,95.6964707771871,75.7524221352371,Fungal_Disease
8.857663454505253,76.28343604411509,106.9617675932009,87.34698460010551,38.851631820733694,26.61872507476175,3.1084641233337096,Heat_Stress
5.656735035515254,39.691006637931515,40.94236453963542,32.50499702570472,35.276601436648605,67.81468020270049,214.46054963060422,Healthy
6.4102052905604125,132.779521775809,11.394644328617607,100.61735420065544,39.92072008826536,90.21342103468126,140.8265406166435,Fungal_Disease
4.9804885636919645,117.94497495698052,1.6005747341085663,76.59558476335934,23.553035286803922,26.38158382001551,298.20560754431676,Healthy
7.0539003553788415,101.1322910685918,59.84307465394797,62.54936282439293,14.013212214968613,64.31147107328103,220.07497830679748,Healthy
5.403416077579871,10.919141297317271,57.44726320700792,113.36976374336393,39.48589715303801,85.94319004195617,155.37388281236457,Fungal_Disease
5.034962892192134,14.858202703262721,138.37458300958082,34.089336285925484,27.435894549057085,98.90597669166367,241.41162846244055,Fungal_Disease
6.582863142229895,68.98938842109379,65.77229059767515,123.64463588600525,14.458161138474786,77.94619206512169,211.44109537022283,Bacterial_Disease
4.027528995802104,22.499868886737996,35.898571740558886,78.54682295133853,14.035938276370278,42.26675003706349,73.13285329079613,Nutrient_Deficiency
4.0383201632461265,136.95716489412638,124.77212174440544,85.28448311315215,15.573483790346245,75.96562638763275,159.07748244825495,Healthy
5.095344045509289,22.192832763837323,68.74951295150099,122.508254983652,36.28406408834871,76.46134154461114,166.79961745022126,Nutrient_Deficiency
4.183606812504106,68.24549696495636,83.8845889294809,114.46157629890703,34.87998357131984,75.9972809683694,135.36950958234104,Healthy
4.540128770653457,50.97694795781076,13.393619459949775,84.21868963506604,17.133653806470914,88.34083496744846,53.75778685660859,Healthy
5.694303246693758,89.51409900357372,53.608297026168366,105.44627853874438,39.64231963384283,26.990405001559274,67.0107154973661,Healthy
8.012928397899064,18.06509724451949,132.19131442633014,60.66472863260556,19.84531784348857,28.673587633234668,84.31422028678848,Healthy
6.860243216846504,60.244299925934726,82.53075378455956,76.63288548996448,37.75449541602316,71.24936993804465,3.0765448134491225,Healthy
6.563338629782082,38.45870459300011,48.230259719944634,8.68981913919156,27.10820677072297,96.31048768785503,275.0831676508528,Fungal_Disease
5.467444116040609,124.28521345403632,87.59340528842303,12.580108520006556,35.60420388884981,57.26709111353968,205.82879747504367,Healthy
8.658768597164082,5.681999698857312,127.45755254093626,116.11955658608649,23.348568207574804,96.845016130054,206.88519473534126,Bacterial_Disease
5.985075206185958,127.9218491609043,38.35868406616261,8.354031795549533,22.14992089831716,95.04682076129231,171.69918414273639,Healthy
4.435463833978858,116.61917939742006,70.71634058589441,23.71587758856502,39.44758596357663,92.23277905874556,206.79324244831776,Fungal_Disease
7.085332580589006,41.65990030171416,134.21669154764575,111.41657225306182,11.235578907992437,92.78807798912682,294.55876496209095,Bacterial_Disease
4.5691919673830075,110.50069165479465,24.13546006178337,0.16043308795588018,44.115793154012756,91.86550346623888,115.54810129034799,Fungal_Disease
5.72611571400846,4.369898447424658,100.75294958353962,39.536606038421006,32.68628453928807,85.59115068313457,213.75767606296913,Fungal_Disease
6.537059693589044,135.3611770410751,86.02734114841753,81.76541209572704,25.136918586980475,75.59831668842642,107.85870131325846,Healthy
8.37111262342588,73.72329196257051,95.15451835968888,83.36299040570152,31.981908590264883,21.95265428740866,256.2866396240478,Healthy
6.467732901700593,42.459343649162335,49.17074829345975,108.8014071521263,14.295933126064398,30.5802873724842,257.4085820670105,Healthy
7.511293830158321,50.76164976325479,43.94311228772709,70.82967562890386,27.991835935274167,30.738564362517373,270.6799276270455,Healthy
8.964084194995351,9.29674948446963,95.78935388237187,71.31626173433585,44.47834331689292,21.883222742367188,1.6389972725635027,Heat_Stress
4.657445599489908,138.5089319658855,30.176059914636348,101.54348057569806,18.23443032463474,29.336141473890933,89.45743349882845,Healthy
5.373657627597598,5.500872321096944,58.75166428026071,69.8074248572797,35.27973346627223,93.5797146853685,40.17730536047882,Fungal_Disease
5.972880377988232,91.68699724070026,26.34445044740852,85.18875211890635,25.223998154109523,73.10434295286288,136.19585936704703,Healthy
6.109140892694157,61.98302987890416,1.162677757266164,125.68836955570714,32.836035197078374,44.965841463633794,148.63489280378934,Healthy
6.055105376327729,132.8482705464201,135.80803040532973,56.203141065732076,17.17105300421214,83.4688009789344,76.77121284889665,Healthy
8.538055012782774,34.43996364295133,60.438417011898665,53.91750992869111,26.466274391616082,59.06955895638808,217.03394761352112,Healthy
7.5701632223342825,74.49215535132159,135.70894601877555,0.4968588610679836,44.30324498507463,31.370162953270125,80.9309151566908,Healthy
7.039526070453519,67.52986920158541,19.645292767495654,85.87967661297247,16.835050285560335,90.76016649811942,256.1674125850076,Bacterial_Disease
5.546863589313911,98.4013021670142,82.23134912404805,4.168067036998478,32.2755759747065,47.0929556989178,53.297810442536054,Healthy
8.118951921106474,9.521432473338871,28.136364590773542,70.58078856196428,30.145921206837837,75.90873844239154,110.17058842958508,Healthy
8.775302557424945,27.13047820326968,110.61037777485846,112.59273046451173,29.776805520164118,43.24753283996859,186.6713275272915,Healthy
8.105991412751132,30.039074812998976,109.71841842653653,76.98894987275284,31.5293151378066,60.005700053904,181.60052113897598,Healthy
4.007825525957364,103.34110567783655,15.765000865503652,37.74906313033464,27.578329079087982,85.30021692243324,23.40873360154305,Fungal_Disease
7.182006850917035,26.47941748574361,127.68902340269449,110.06357900291198,10.59257625901803,32.54218771394942,253.87758365728448,Healthy
4.255676907210503,80.28884694473673,27.248150608451446,37.76038057155544,41.50338840120912,98.18011161914227,179.41948002893255,Fungal_Disease
5.2880361016686095,30.13413487013352,85.81682782251045,102.62444933242583,38.94425896194108,25.617273828858096,260.9578646121505,Healthy
4.297623501738858,120.62749301175698,137.98870681227856,85.43618372663238,16.095868832239248,62.72071277924033,260.2906734683606,Healthy
7.018977264746939,131.9059636285494,123.53551486729093,23.79948154472017,24.464561208260417,93.28204154815583,163.7756071125093,Healthy
7.432949567463034,72.58901649191367,133.91894999856365,126.718742478186,36.96921432427488,95.65551079060202,273.23443719343135,Fungal_Disease
4.5724381903295255,49.32324378928496,47.96382797053672,28.0901156140074,44.302181038554956,38.56871703038208,254.52233964403678,Healthy
5.919194415224897,32.76808850244988,14.78058991072487,138.54219037969378,43.28979662546252,31.51879849718469,287.4368833685313,Healthy
6.28118254477771,6.969340213226127,26.368562260523014,1.023468411691708,41.4775719886661,77.95224002543128,255.1495195678219,Bacterial_Disease
5.845265108804583,37.59001066764935,70.06928531072593,36.88767280000643,15.543086405469888,23.35788546209897,246.36115530034485,Healthy
4.605125002425965,91.59300919234451,111.0521549582651,27.98044161838784,42.00662871031517,58.819117522425145,140.80814420307345,Healthy
6.094738950937377,74.70637038328952,21.02151018574253,1.959077423864768,40.74557195328778,83.70841814345455,63.60931811337832,Fungal_Disease
7.755890239042091,132.16577895932983,92.36241451650599,102.53150602062418,23.193246890823634,64.82037796134671,273.2126199226458,Healthy
4.355038322666277,55.478816748838085,45.30086456553166,97.07961229394347,23.808290808769172,35.041061261920404,216.7647559338227,Healthy
4.400900070409517,97.14086792597523,47.76829013490149,110.92913500969027,26.096812268430625,58.963543957597054,84.52435925955608,Healthy
5.773856459179921,68.505184646517,92.66848222210969,35.93779650503913,32.966147083824595,93.70197731591144,102.29871682669275,Fungal_Disease
8.708628558094626,71.76067022938963,65.37991873465083,62.20692339161579,19.12924655940555,69.37703824354215,205.82355355716618,Healthy
7.342863233614571,37.48840404457645,113.68466102363915,92.27589302701665,10.803195030398063,77.71925020552159,143.34519250610126,Healthy
7.393349783362824,63.693108757879955,21.828591352795787,61.567590544340106,14.94303336090348,46.901110373001195,24.444768553910478,Healthy
5.809599954189325,65.90989958177902,110.59275776738538,97.62560784450821,25.40405676518708,35.07870201340942,42.4343837236971,Healthy
6.968303956042692,98.92995304485075,8.992934728038922,88.7562771816619,19.870089929917064,40.45137839196829,223.69460505369335,Healthy
4.050655920138717,131.68959988605593,27.1675432343847,16.050692423104707,36.75807963626462,62.654207500823595,98.57085854454925,Healthy
7.180480232047711,46.1049788475506,91.86096003044315,109.34603695077553,13.734152469224497,42.4176122888563,152.29482852061176,Healthy
8.566434737881183,5.908065601381782,119.68959191154997,100.89469027295256,42.11128289441813,63.35718299408809,229.98644347605773,Healthy
7.062867341724096,69.48131757008956,35.375147883508866,91.81681426643675,41.33645129803689,76.62335419009415,225.35267811181575,Bacterial_Disease
8.368492967331726,76.2245865008836,45.80682481604781,21.713104877940324,41.80648859266508,78.75167009362411,50.10450806618216,Healthy
7.619865277330469,23.581677158468136,75.1969047601436,37.51950283135091,35.886349951116436,33.17479517288747,29.51815931971059,Healthy
4.602792082018452,106.46504487864934,29.620192908502325,55.04478442226406,13.744999001925976,80.03446790670905,177.345687889527,Healthy
8.512266536429209,137.89007518180884,113.5618766222508,39.19014703190208,25.33481499793484,73.81505116738873,222.48986217937187,Bacterial_Disease
4.332219221778875,132.40846038118454,108.30913030080652,31.893440694658402,14.599188013191231,20.960410669496532,44.71197659862312,Healthy
6.669837362738819,27.594845435311306,20.340839675209427,112.7500738226486,44.569471746637895,24.709774007180066,111.58658619818243,Healthy
4.710685618967288,122.5508535861065,64.9361624543285,89.35251449042833,21.656344818953563,71.69996014883043,261.0833987902922,Bacterial_Disease
4.0585330536545206,98.62910909763586,108.47588733164699,79.16609841703504,30.486568966152173,50.69631196509677,283.2669424680963,Healthy
6.110171300638195,63.53851893296762,47.22613435447807,31.63337951945554,37.27875689854776,31.68831996605327,136.22092828490528,Healthy
5.475203538270781,75.68553920546206,88.63495518048244,128.53071871760977,42.22156294789759,23.55172473357066,23.854780209249903,Heat_Stress
6.430002468988015,118.94402449754413,7.029837004060182,26.765625473624276,36.4441704044476,32.75186725379447,77.3089368607132,Healthy
6.885999433672754,67.21889154937224,85.21642647410452,111.2931305954548,33.60763225681831,96.60111714572933,69.89097609465989,Fungal_Disease
4.218695361544737,52.24903167471776,21.37141720008498,135.33417333874104,26.309362371335297,78.20525132567758,71.68911616231709,Healthy
4.615016475618728,69.054649023638,116.28166551602318,101.79298209139304,31.18900468126834,62.216433674743506,148.164511613775,Healthy
6.793211982252127,81.07817256490688,49.762924901266985,139.00022852584817,13.295733309849044,95.32324000436734,174.96769550747135,Healthy
5.715836765863291,26.47087152896884,39.4175407819474,91.14715637691253,40.93728896864419,69.52883501452831,36.7528766039806,Heat_Stress
7.64586743774724,126.12708223737869,117.7244567396079,30.444448104545298,29.03220580939599,78.05161506245338,266.80680195850033,Bacterial_Disease
7.261458242959698,94.38617283614593,7.020163230053429,28.534729120311585,11.404726765222994,42.61214548046976,185.99214698433445,Healthy
8.228021814949534,88.65764842724845,55.52523190680827,45.43899979576669,42.19657439809641,67.11854748713566,179.1755190804016,Healthy
7.462464133346127,13.92947166528934,51.80049568050439,0.9982028309408486,27.125569084290404,31.47817954382722,296.18369951528524,Healthy
6.149655386950741,84.58435134416285,39.87205239493712,95.43778581159684,40.40061995463506,52.35865161582203,188.44319324793761,Healthy
7.364833111972162,16.934492713388927,127.64560648020678,37.61348984789586,39.99107839718749,22.65922599892881,278.6877447903555,Healthy
5.376905871277093,11.017674527355867,105.12997509234111,114.1256525209854,38.55130556099902,37.33024700661444,85.87709170793752,Nutrient_Deficiency
5.531567493891063,73.82352538993506,8.949242986871429,50.28417107830204,12.149105675337463,25.989490353813977,72.03884710394927,Healthy
7.944925799603967,56.3899747665093,100.05624292089358,67.19390908486378,18.64733258984731,51.02230556057851,154.95560604733595,Healthy
6.232097582007911,82.43343782187125,73.82187863803115,135.1964483184517,40.64417553629008,87.44281317107921,152.58268429099982,Fungal_Disease
7.991901702591763,12.491103528013403,126.1215052162211,33.904097226618795,41.46468696182328,50.234728507604245,67.94509484516907,Healthy
8.112111868341392,60.33762879861618,43.81238642877018,100.97557364016353,26.03241018290821,86.53117007957147,209.8966970699843,Fungal_Disease
8.28781168830642,24.470140106322116,80.38267994534161,105.7164905027584,25.401451367897078,72.519865006311,8.890145771007985,Healthy
8.583176179206037,138.19401202937632,70.10573846373805,30.939742053308922,16.129922186015243,60.762355730466226,207.1891417648358,Healthy
6.154926102566481,78.56102974092441,68.5385268718648,70.13955712570738,43.894377604190296,38.95133546090644,137.15336583699005,Healthy
5.5943340916056945,96.24116053172142,63.854755932409766,49.02826954381557,17.45984663756651,93.77248742753218,206.7022532535237,Bacterial_Disease
6.910993732970569,45.55855929556509,28.788126574519378,108.06687407601248,16.682787452276795,24.33606470736266,143.12418919245567,Healthy
5.8558621171881375,13.26344806910818,105.79938914893499,87.14766466406523,33.1255139552211,75.11304141590523,293.2001348654085,Bacterial_Disease
7.005370834001165,136.62192078969514,63.187044583500416,66.63762768047658,18.49955060501567,69.69919142474951,100.40548533093533,Healthy
7.527929313219123,40.07626495364565,134.1922785003648,109.11085710668056,42.857006385503645,55.283321780522144,294.7718811007165,Healthy
7.4420250924606846,59.33314592430039,36.51317980698868,32.92177980117838,10.381744836122818,39.22567642340843,19.49218274369261,Healthy
5.872764435100606,90.9809490383605,95.58413754778576,105.50706328181028,10.201364181315546,54.45567494762135,205.12823242726697,Healthy
4.834301008493764,3.45762167605558,131.7003911494752,121.1524036929954,27.670688050245985,89.82181804427366,136.26576203547364,Fungal_Disease
6.152646692311038,113.43627827242017,92.88416522225296,123.00702355306015,27.08218609697152,86.94128882039634,246.64128765891007,Fungal_Disease
4.712970720409544,75.12094660400685,121.97820706643525,109.71430302274453,15.717740766531866,95.31049999816234,236.88482091509943,Bacterial_Disease
8.450485175919042,38.9504061896351,115.84733436598086,57.12198337975762,27.308184703959956,44.62345653001984,240.0630548627812,Healthy
5.729387303689287,8.625117940945694,50.41648016846054,137.45312318049577,24.408138680949527,50.968332669509834,28.421579790755914,Healthy
4.772298736116619,22.7497781664218,84.01735159152952,53.14311013514158,41.1615333869829,21.498092212789068,246.7097099583884,Nutrient_Deficiency
4.1272387995287545,125.30474023948116,21.876587573589784,89.4075558743396,10.323887207593721,95.43599957760065,64.21204723312827,Healthy
7.2291119314324215,96.04339135102474,74.97362357738393,22.550384929725613,44.16944317615333,46.35120734538151,7.704079157710431,Heat_Stress
7.184511587273716,34.986241029164574,32.25907605400721,137.26284580909498,31.853746750354485,52.33310572263946,65.32161590532341,Healthy
5.703020832906458,9.184107092304135,104.12315409334238,98.55802906105285,15.314520597584647,92.62436891579156,143.78553140994984,Healthy
4.358559444238255,96.68614373412909,73.92817906489745,105.47285633449157,11.636600483390819,62.127874413345054,222.63340797342963,Healthy
6.04814447447616,80.13708163548712,57.57183076843247,9.208738477560246,28.833698049573115,65.29396334043824,65.58974424985611,Healthy
5.556087475316968,56.6327334241529,37.63159346337686,106.87849399089404,18.221155809013705,34.09862705207335,33.902264427081406,Healthy
7.385603198675047,50.90560288660894,139.81778745778016,108.46128009088419,20.540793795044074,59.89280166549236,193.79017650718268,Healthy
7.028896247263452,30.35399863007516,10.039472923890575,94.04818169071218,18.579625769207976,93.45668807270194,295.16941090800526,Bacterial_Disease
5.8229686409877,93.74557591525247,6.098495280138803,40.867345930648106,32.75603097503788,64.69744704863407,180.26109062568543,Healthy
5.089462771274951,135.89352389114188,30.416036069141036,68.55660590252342,29.373513674064675,40.409309171180645,207.31720923702653,Healthy
8.940179830777959,24.60013441715562,135.95014420789477,15.460811983220307,12.729104823263402,22.494469130781027,168.35023312392602,Healthy
6.270008105980574,83.59632680217047,137.09334356479783,66.02218930428137,28.42842866113114,46.90414187632544,234.7045332685512,Healthy
7.441371178901186,59.38590780443667,91.68988286809903,34.13533936405668,37.691641794715494,65.80727312515664,292.7413260628334,Healthy
4.702764837891804,62.53642104425309,123.21493340889667,48.87357810917149,12.84181067871135,23.40906306966641,163.23876882125546,Healthy
6.427948498296989,35.58061921789402,29.954642317711354,22.764057176517806,41.1408641680647,68.7834061832925,125.03715352281776,Healthy
4.137683599347327,115.51888259259867,136.0858931847273,32.20761148456558,30.24073273067052,61.873106169449024,258.102918348038,Healthy
6.52727558955225,67.93578458061376,19.989879019539053,10.719609854816275,43.271856424461085,82.67483753332567,290.91850312799704,Fungal_Disease
8.82008703558851,76.07681930775698,14.157526345432158,128.786191301169,15.184942620283147,22.311053781756947,38.754492260870386,Healthy
5.921033564929001,42.666527791625604,15.709615494618205,74.25749631655647,44.774774977366036,82.467787585499,173.45128964216337,Fungal_Disease
4.194980062874558,25.453185193372963,80.23790925815905,55.54387597678355,32.54955030893869,61.670163660648555,237.73799776379923,Nutrient_Deficiency
4.1547789545967175,12.027454348394869,109.33641610052733,74.90408978762974,29.8622969818372,49.64234662237692,160.00182154691723,Nutrient_Deficiency
5.939933799734347,99.97667972948823,51.333404902448635,87.96105198741738,28.034786843922987,97.23063810870593,122.75909045788461,Fungal_Disease
4.80012468231597,27.472799436299788,136.9054382900577,129.06303107170888,10.827903058440945,32.80956377888424,196.56894634062618,Nutrient_Deficiency
4.116760481640929,96.61054958643169,60.81881933656612,25.017013320083866,42.887371704235235,63.306009527288516,81.0384283540045,Healthy
7.7810680697508845,54.65270244657354,21.06279710825028,41.37734980893046,32.53980654989694,45.67851788739827,104.74012288151083,Healthy
6.2926150444094535,58.20847213855121,65.23534474605914,136.61050708817606,13.206926957475194,62.19891030362686,297.6829976644034,Healthy
5.446223859863273,65.68484945298803,95.06520315914157,51.96701813079342,10.733325960308372,64.18203620643297,190.9396003123486,Healthy
8.500415915082403,51.47919113785605,116.51160927061301,3.1586311060258687,11.777427373286297,27.155859873987662,261.8781894933224,Healthy
4.580694801002628,14.086796811162612,64.227560593923,20.670088969202233,31.328851720128423,72.89081175346797,242.33055391114306,Nutrient_Deficiency
8.779594144776595,43.34845340039841,83.10495564688345,3.6874182447972825,31.49053952131048,70.75851967352095,195.68176631820722,Healthy
5.569833586886764,92.92281049715137,37.42825970223947,138.58923993890198,27.488355212350438,81.55738197075712,252.21872473763196,Fungal_Disease
8.442018361543406,93.20981620564194,90.42831369677197,39.041918858771226,20.736803722853303,27.25267949273368,86.14754863007128,Healthy
7.014714382397308,40.07140301359921,138.0360721530481,129.29598597107164,28.610995606512446,43.780683752295026,191.1349346436895,Healthy
8.133536798707437,64.41436771807632,6.86750016229114,139.4240786063602,28.070563730669026,72.0088479782481,177.18104685719427,Healthy
8.920065816052322,27.082611921671248,124.11429389872349,83.977770960036,10.679544595679797,30.938466073248676,186.72588023800344,Healthy
5.442027189093729,29.45209141417701,78.7195503874532,4.647484109178645,19.88642306146243,74.20785686307538,50.589578144032565,Nutrient_Deficiency
8.805677427037965,3.226592376925037,35.29381233872199,11.422828254169774,11.861486951350232,24.72213686563384,83.17291199942053,Healthy
5.947409474512102,125.54451698708425,133.6845594012961,67.42246771510288,41.50541630066794,46.794524236770215,85.99749563776173,Healthy
5.927559523684612,29.49893311048687,67.66960242824585,56.86408180760804,35.38281069747974,87.73688978660152,180.58384877182897,Fungal_Disease
5.701935521272528,31.854742771104863,46.436635234273986,84.86482280944747,44.86403095675193,81.94330323049282,291.7640641319358,Fungal_Disease
6.707038036737926,39.14420057031845,25.409667957917762,61.43869335959095,20.575994215685075,71.58085721816703,286.2202653546444,Bacterial_Disease
4.770725215892435,17.837130037360062,34.22330943593269,130.7707588980078,40.74700467149186,89.6366733300081,68.15686589690897,Fungal_Disease
6.768557426790056,89.4968036453908,116.59886582280195,74.86356015789156,31.10689937763686,76.74156353377603,91.45357292003176,Healthy
6.70852406205002,10.52001344486212,86.01740130440322,97.1216486047419,25.85938924162617,61.55000841686424,10.818567683750135,Healthy
7.80950906302435,18.78833968568904,127.85438672836425,125.50793816994951,17.790058895102227,98.37740003086293,119.64467695781823,Healthy
8.168249809687929,90.26594172261301,32.475583302090016,20.562062616649033,35.843725785014996,75.58848638314556,250.40223650410908,Bacterial_Disease
6.20220675156212,47.55248686740198,16.95940033884621,32.162851576594,41.6449262116505,68.10937414504025,274.725521695842,Healthy
5.511666246757469,99.11269573816647,0.8522543365826007,15.024612466362107,18.235793932637975,52.709644876285175,70.94894387038309,Mineral_Deficiency
5.296674486585473,78.03946425381989,71.10068526623913,19.54937589218772,16.13866172407644,92.19299988632403,79.73834204665177,Healthy
4.97311918352436,35.84296422861183,139.76297025347833,71.76175537079264,34.367767025170345,43.656727648399425,66.2549449526261,Healthy
4.288237910995124,91.11591306850593,97.29513763460946,44.96509625544496,44.19406069539317,20.737567536872213,105.03107027237361,Healthy
5.712239894173567,16.27831524100329,43.175242875120446,59.244197533745684,36.248428538642735,35.73924179458879,241.4278195771634,Healthy
5.351238460653916,75.09745363120426,122.76020162366405,137.54857645116866,19.960325866667713,28.761399355388733,194.05724096533805,Healthy
8.832086929332037,61.20073470630485,109.44111723831436,21.938608691432734,24.698439845172498,45.51950193384577,235.78227535911,Healthy
6.7885441312502195,37.50230159444171,2.1581232507154957,75.71368991173058,23.45111724104301,86.0702941966764,174.90933190059187,Healthy
5.736385195152538,84.56069968353002,114.36046727574315,13.841961707511135,39.82332563164659,72.1223748292006,77.31992341774404,Healthy
6.90233800496848,121.98670292763956,42.07374601338944,44.589483856943005,36.99797726052783,33.518447138697,68.39825406376325,Healthy
4.695983506728478,139.84665796683075,20.954285041704154,73.85362931444381,30.614140216653205,83.10573768738708,2.7002117591249375,Fungal_Disease
6.220218746011015,85.08678762407943,31.68631756319044,132.5284444351473,19.623568863891613,60.33758928795222,234.29464106222173,Healthy
7.131171607105319,56.65882240608382,65.60117261251946,54.77195097968762,42.82959847027197,61.017169929463755,254.13636784941534,Healthy
6.444489158962257,31.528994030268226,59.481509789521546,9.086937470053776,32.86603286692013,48.96897447846986,230.48477988852488,Healthy
6.008894003271621,35.993452515315646,40.44422191239175,54.34260271444437,43.96668262546238,89.16930918576188,22.32061731854722,Fungal_Disease
8.96924194449849,67.12369694096719,24.110565108984577,20.40376462235688,30.304096156471076,45.46618430846341,228.6664881509598,Healthy
8.401573810744635,51.41887817929929,106.7123105499037,32.19854586080234,38.74174654272649,27.531180853575094,13.730235945080793,Heat_Stress
7.117029790797201,127.93403316749219,138.6153697228884,86.53268724309866,38.45868827880844,44.2183195177556,31.677919711917347,Heat_Stress
6.846886805911414,51.561365471799334,108.89082125875666,9.439341268515435,21.806507189175722,77.22828370143085,132.14261187980017,Healthy
7.103302399122921,52.282242760360965,41.43117547401577,65.06132587500524,43.740725303502984,72.6065509442663,142.844102677452,Healthy
5.006560539112166,53.694831740756776,34.273254597698674,85.32462204150701,10.76795136591474,35.041372284286226,244.8355909856089,Healthy
5.975688716321593,117.12682945147213,30.473222649231353,59.060174931449566,36.9048818068595,28.942743928395362,203.85806761227317,Healthy
4.197297664454497,91.11036491856626,19.137310428465078,2.6776890873222503,43.79449800174154,72.8692606721397,45.996053589364884,Heat_Stress
6.377730187434134,85.98363904464497,77.18627695692217,137.97270996640117,21.861787114930298,74.11014685239297,67.8440349686404,Healthy
6.715122919788316,46.780023133740706,84.75605207346818,51.396207427674945,32.68387057268402,49.291970976845654,85.70255647760602,Healthy
5.138748680516048,114.50658475654151,98.77037249283921,109.00080617065737,29.67781374454737,87.42411068232639,37.1017912364575,Fungal_Disease
8.820144235827568,5.370940589798159,95.22987193071351,45.59050890624345,36.65275583867833,98.25641630399335,86.2934659077692,Fungal_Disease
8.54727305468621,121.91160412733583,40.926663579673544,66.50234597907864,40.316227257576834,36.451617875951634,218.57944666191992,Healthy
7.61071617727953,71.78498597115015,46.24354075555851,54.384909965539514,31.10655992548418,66.16549725648227,72.4204410321849,Healthy
6.666933143826813,55.75503288087779,95.4120349619273,47.955492131345075,38.55666052335099,20.42770632031513,250.60789411811595,Healthy
8.349845798238425,69.60341930047599,48.92266970970797,3.059192809089024,20.929995156123933,77.04435168210298,140.85509853756236,Healthy
4.653261719117315,93.43817427473635,29.767246546703824,50.40293129963049,18.00054705466859,53.142569085065425,96.88072837331664,Healthy
7.952548971374425,1.7871597125056304,52.40706151754354,124.5285986559342,25.073369133649408,35.46153815225318,123.72543136466192,Healthy
4.6241040698342415,122.01725990415468,38.09178206091687,96.65506740311571,33.720780985327416,80.1777537411501,212.84902217804742,Fungal_Disease
7.971053312747027,62.543533543595,12.363780970600892,20.359200273361576,16.553643212855327,84.85190380448645,155.03781097379706,Healthy
5.378837841256785,48.01531275801095,116.2194463187315,82.76170064718349,33.812326725316204,28.893320094074983,2.183599192517416,Healthy
8.385452905090945,19.354379188767993,119.43559448198509,124.91232039284202,23.793277700022355,23.27966094704272,276.6971539755225,Healthy
8.72021046912699,61.525152410181896,30.765042023363126,98.00476573507976,37.84513458624212,46.72627533352938,19.798800900555513,Healthy
4.743979847025578,69.48518797981303,9.068107933528244,20.81581492993754,11.289253598615616,70.07923726088285,281.58640464431573,Bacterial_Disease
6.313378025326967,56.51053722908689,103.43584122916513,121.49654954282954,33.37939232402881,83.47356217509065,8.4458470860164,Fungal_Disease
8.904936890813426,95.01241313576558,29.614007620877917,42.216161860441154,32.74378178274887,63.684999730436616,231.29380048723453,Healthy
6.4170371798657335,58.925514026291644,55.080968521160436,63.57066020372785,42.932741664386,66.45990210455845,160.40241245498646,Healthy
8.317737612572726,134.59846089852027,8.978935313233656,73.65998635648049,34.96786437474247,83.98865774023129,151.71785418123181,Fungal_Disease
6.943657610656599,83.89885249530286,31.677741866180924,119.07092461294734,37.87056637481484,62.30746993750075,21.83355076320136,Healthy
5.876649539598009,113.04691099126725,111.00631896614901,130.42504932067254,41.66068555486089,68.89235921810405,71.62350310137488,Healthy
5.428917777629351,15.30982643532704,112.61550256812826,130.15140289067784,33.62681714021957,61.29738719812474,233.2641951195576,Nutrient_Deficiency
5.016115455430437,55.6207810124268,28.991875484279458,1.1135853789956895,20.15537722359911,90.43665866941632,267.3779489767482,Bacterial_Disease
7.808990956888486,47.15867820260138,47.027938314936534,129.06438798196402,40.44208298542327,38.84132948680711,158.73560431589385,Healthy
5.93270253411514,79.72753433912285,18.7933786731241,7.614175240220127,36.16523418165913,41.11948676324075,106.00301890877861,Mineral_Deficiency
6.5563773110037555,120.55589280859958,10.384168239889133,37.20831195444095,24.85531614003127,30.23691692814606,17.98296241926325,Healthy
6.461627400005909,10.967350486680933,138.90404002277734,72.0982996618966,34.868521042748675,85.55734011955374,204.65355781990212,Fungal_Disease
6.886395146165656,10.16047172625951,91.78315317427749,67.18959646061516,40.36911070133997,52.942183244988584,83.5339832058848,Healthy
8.32788572812276,119.04447914206385,75.89351128776462,84.65937114423488,44.147824598694505,47.83151527049951,16.50411449764404,Heat_Stress
8.903696717917146,29.799012045370038,107.16979005674193,67.12247202318082,43.33230263856694,98.5078973669725,199.75551872958664,Fungal_Disease
6.037921042869085,93.62545562297392,117.61080235628138,130.8125951496589,21.386473936744952,94.14426931518284,145.7159380601275,Healthy
8.137594610531515,76.00293853051272,112.94006752626186,33.67683875004218,24.759279980136363,97.7590145699809,3.5886449105171803,Healthy
7.822638973273588,116.60510328421212,2.315522900582725,38.36345716538802,13.833781174207994,31.383919740695426,33.277211731904124,Healthy
6.8676447572778665,17.512447377096493,26.153105746669787,128.90331099702786,18.66405004563161,91.3001450518533,209.76057877378324,Bacterial_Disease
8.780235718059666,18.169615201165577,91.68674229649635,10.743531924335873,40.88474229704326,46.29676795099612,19.10139991973656,Heat_Stress
5.002372577642014,77.95457043896306,52.606308692554805,85.33851506667338,22.629747419777566,21.012541616949,259.78891945289706,Healthy
4.546321051548107,132.49301147017192,137.54757114855497,95.44303328918551,31.719343050820836,51.3038668786455,93.39788322597981,Healthy
8.26980983477711,58.099686171905596,93.15667096935556,70.77584128016352,33.308796640746166,60.73570825104477,26.599941130927384,Healthy
6.195749083168741,45.77189403565729,133.9168472220889,97.1924630352392,37.36402463001592,28.65763388539243,227.92721345041963,Healthy
8.234844271035302,84.93650524770402,28.202507430411135,24.185650441675378,16.398001058597085,63.0142093499405,157.32817033590712,Healthy
8.465451025977075,130.26280407630435,120.95398393610323,119.36851258801558,20.668459711505243,85.55708673413852,91.99200971378929,Healthy
4.312287968095357,117.16989659824732,44.98932281413155,19.60359652578398,25.69177195103632,50.21207606713552,121.82950250078038,Healthy
8.417323814930304,139.36770550265078,138.53907315329295,56.113742204204954,22.769437143339573,48.211584522744175,6.423718681447765,Healthy
6.241595276847111,3.1596016483327927,22.076414090240622,10.536064183148813,44.40168315008914,47.104833618454194,198.8095612618287,Healthy
6.552162445021161,15.800140259786712,72.28757463736572,76.32955103443602,39.222928112479934,93.84755567069536,109.73210668903336,Fungal_Disease
7.132962555466051,85.32548687132709,110.99823473719707,93.76441303958948,26.78903641171701,23.900647903215926,214.2112709184389,Healthy
8.631913033650434,114.88070150673896,60.569947284565025,131.77102891334067,40.77440191302638,55.60609135943643,188.45134378576415,Healthy
4.0955804721488205,39.934207922947316,65.53176842627053,103.50706742544013,22.167853165415387,41.16795633197735,195.37625577292138,Healthy
6.3842173415890855,33.48955232479062,138.08981137080374,75.75440830358116,37.50399133615926,91.50456203099954,237.8678133013297,Fungal_Disease
7.4386102121528035,110.17661191336812,59.543141042161466,130.56638240384672,17.828645933725877,27.684181086704314,189.3474235128753,Healthy
7.613534788491142,7.8934595394524205,84.5700940838689,66.98115732572272,37.031271582922805,52.915421334432864,125.61777877256773,Healthy
7.46266215768554,51.71357066156192,7.635552494521098,78.56879143384171,25.975869111850493,52.54529216248685,116.97826852039069,Healthy
4.672175647040609,70.81329116292616,117.9094112294364,83.45379387381341,13.762476234728481,91.07155340376181,35.87463202945674,Healthy
5.496977941858406,78.44881440904528,90.74352685713609,57.397161624119356,19.56418590944538,37.239475603277555,233.83302394687254,Healthy
5.793577627085067,102.00612195098877,56.5628144007939,117.38757667921539,24.07961184082476,71.5916328241289,228.33253252638653,Bacterial_Disease
8.022186038397525,49.67840128029215,2.263735593632765,25.924631438308275,36.2252519082553,30.752490151023125,73.88951012565703,Healthy
5.393799362072765,85.77580825444501,82.83363488309054,77.67790665202511,12.55439501558328,96.31805712644342,258.8045738094434,Bacterial_Disease
5.053524819336015,81.9525591907339,1.772095987782707,101.11265586620716,33.08414482824239,67.44119674178287,176.70097733718848,Healthy
8.78724009519048,76.66625409152459,0.16850594726250723,126.55666406272081,35.06047743264953,70.10053842565362,143.6060527183702,Healthy
4.044316425567344,89.6676610399097,86.25379870090966,123.74857550079898,32.8872479474013,54.70187213283778,5.248890487648761,Healthy
8.989104278409892,36.322883949530684,26.462389426837596,71.22364052021987,36.623437335864445,47.38261701330578,114.82235575929488,Healthy
7.3841064942869785,11.850825501848057,26.864256960533343,90.04260316286783,16.23590156079934,37.0141143595901,192.2012304706989,Healthy
8.142346497245585,16.69803408556408,91.45801921658412,55.19328305810214,30.548617427206306,68.31902030658071,26.92435130651504,Healthy
5.473096981730966,31.44153357154615,7.517606311512399,65.54488680322804,42.940073152135795,96.36493962785904,137.87019266626447,Fungal_Disease
4.0715763883353,70.02771097318994,43.87677860643789,126.87721096022693,31.37744944315882,48.783276327392244,298.03078540847883,Healthy
7.68934759280765,117.66198507644282,20.92046629988267,130.29855904694637,31.396772143353356,90.65255109296433,214.96159116272025,Fungal_Disease
8.17072298500338,98.18106789237378,81.22469177151474,125.35796812938275,35.775387473964415,31.902105027779974,164.0612662504813,Healthy
7.702380659767596,110.46568458828659,92.64712166183541,19.371920653909353,21.662148124405068,94.89008167054406,159.909865481723,Healthy
4.714251436504193,49.13658734965279,100.95901950386609,119.01176298628907,34.51665654625392,48.03890271184613,13.129524677458326,Healthy
7.767139611284845,56.651523830797025,35.73237036859916,132.77092234300724,42.06818416596253,50.37817692746765,287.1943312223808,Healthy
7.844613910538205,55.11546403868579,12.49496522912176,50.574957240304656,10.381341555887005,57.02738056274626,278.4532980855129,Healthy
7.292702578350275,26.862245816630214,11.015711971865695,72.6104805190337,40.45395643881029,77.45954159581201,204.72141320263395,Bacterial_Disease
7.830579663977931,8.570332140100083,59.66121678310133,109.07333581381943,17.65164159406007,77.57227469512281,29.70349490446499,Healthy
8.22960719838866,82.72825299581174,132.4182172687801,78.69093925919083,25.95731457951313,58.36708677757322,62.35016902483146,Healthy
7.068020571187292,138.49033567888205,30.482064794583444,139.08769303887493,39.83217303334233,61.85223194511487,55.17286076267557,Healthy
4.443023569848395,23.356158693036797,35.94382418781691,63.799871121955974,38.83692446098202,22.400839021931294,155.87354553036565,Nutrient_Deficiency
6.438139048336055,6.535874785898326,14.12443229482025,99.95197956903287,41.217461734411955,44.34373612466605,62.34116235059567,Healthy
4.388246673358025,109.13443545535061,84.77983834515024,110.96275962751619,42.914587742138416,47.68136593844876,208.74016846325947,Healthy
6.037715155162154,35.36204093586139,95.18220235260448,69.17405820618153,25.650493487011552,64.69818149806075,163.56896579081672,Healthy
6.035532445628138,116.15013274940998,90.0103691425064,119.97773279959262,32.972733378035244,64.66398138970436,5.297453112796646,Healthy
4.330049220701208,98.55113338483216,120.55823402626937,76.4616427690075,23.666745418413733,76.79198381822985,223.21717111069546,Bacterial_Disease
5.744102669847397,132.39429518711265,68.09961690365004,57.6311115522284,22.275085112225803,77.36218369744647,56.64862099618455,Healthy
4.554990493956574,57.24981300593408,18.82398570738902,15.095314339272583,25.10583937091843,38.81685793696664,247.46553590420308,Mineral_Deficiency
8.041176050046111,92.67577752308878,40.51671829861777,55.07790068905938,36.00766471739366,81.61497208838598,106.5136311368937,Fungal_Disease
8.738440129822354,65.07966931385789,92.74019627898925,102.75110366265979,27.55042614995435,21.568285443702564,101.58590399449093,Healthy
4.361582376289693,88.2824176231961,85.83707632381838,128.98009763521503,38.49208860569197,77.29295076853764,3.545200733463161,Heat_Stress
8.775576036458506,62.94384684108323,74.34043816401474,35.23511654044344,36.08264670186546,28.16488828155385,296.31869487690517,Healthy
6.612882996683726,26.408514499370476,95.61501861641621,49.732972426270365,10.716746139353976,78.37185667369752,183.60130175155913,Healthy
5.49782838976937,71.10563824047333,89.23471905226191,21.55453917461967,32.05833549871566,62.16944724547234,126.8190498557972,Healthy
4.384310376380817,74.00178820124192,123.38548452509323,96.70120519205564,25.279989315800687,54.98036005464737,28.986421338401712,Healthy
6.503121340352089,113.48453875642255,82.04229284696153,134.42638020138955,25.982014620289956,75.25331118091432,209.74441924530504,Bacterial_Disease
7.972577722453743,102.97289881110137,109.00419021807791,89.73331077874457,38.64305688544631,22.90966669977862,84.81914099758166,Healthy
7.535432386333491,92.93082735180218,34.8190018353055,86.39071420087168,29.166279512963687,37.87762605404627,296.4842455126587,Healthy
4.251130057319869,15.874193377360156,94.94556184246952,77.48859027006075,40.99676382106315,69.31521139741233,285.16420774479695,Nutrient_Deficiency
4.364509176839517,100.88628069292011,126.3071765735746,12.383803695975113,34.94819573370916,87.77723253046544,220.58900364083658,Fungal_Disease
6.014366413163185,70.04272188963206,54.002525905976654,102.13053570011371,29.34940030674185,50.48861095560936,291.3215790848907,Healthy
5.476452470239717,125.17393505486228,109.07458622741052,84.28693609690912,36.40882916528863,40.700917810684565,31.690158736128847,Healthy
5.161921615280239,128.78193077827598,101.47050216736095,92.60674763988018,11.342216782389256,61.498914863119545,83.97460816096356,Healthy
5.405022494543568,7.721922684249964,8.333667562055147,125.83355302383902,10.94792791898727,69.78522019094731,75.97298663735373,Nutrient_Deficiency
8.017413716484423,114.88981844962703,81.41116334737012,109.75451018854251,12.917226442229822,53.60824251245972,21.603797537790747,Healthy
8.64614026815927,5.277634659173886,18.226508888112335,109.32813530163365,25.314786380149993,90.13685461278041,291.66797939143675,Fungal_Disease
6.025513472637832,51.40374759730317,135.42468411228276,129.80572764310867,18.24075509694301,61.875096708801074,17.992225994068157,Healthy
8.530555010662486,75.92199658695108,113.59705037809186,138.59089320481993,44.44914530455246,22.8658870056468,257.0066711982989,Healthy
5.60747850623941,20.73411180779784,15.361332174596816,81.37958247454834,28.980154865397843,37.84431637649523,230.44842737305177,Healthy
6.3821849317189585,104.48393375967075,17.04527967067498,15.243426244363205,33.184551112840545,56.051762473425164,112.76012624143785,Mineral_Deficiency
5.130144989079999,1.1696585840994,83.22633968776665,64.2781870885611,19.758704768634384,75.81804152135467,5.642208788939696,Nutrient_Deficiency
7.20238021087922,23.603866780765156,48.284484384245665,110.26416050463021,21.262891800566308,37.58017950340711,1.8287714945608546,Healthy
8.894905575874045,81.3115561794866,4.886820270235299,3.8815454666588867,21.741166994940457,98.10059517739369,61.19815220817697,Mineral_Deficiency
7.017465480216893,100.01425868522094,75.82981109662744,7.964241369860869,34.45574968026052,45.48466065504668,148.16297401013793,Healthy
5.789070420567745,128.33003437714825,54.29831395601857,9.402089533594985,26.579717269125798,62.59841654884707,137.3729934555454,Healthy
7.239087229952641,98.76953127084734,14.150708932043973,102.34500616596351,28.118927838552604,21.517310778483292,175.58777296947824,Healthy
4.614603392326938,94.04909783568124,112.26885491583758,70.1633279988441,30.720104375577087,90.79125771446435,231.58779289822863,Fungal_Disease
8.443295401326994,55.207760489093005,128.11074713903284,51.6457120928831,36.9084079683376,83.10677228201467,113.20638445806172,Fungal_Disease
6.515419753899182,0.17981957375219793,105.9231507619782,14.786386336643037,13.162941197936735,35.636640343647414,48.10910865279522,Healthy
6.246748710198211,16.82229622298707,115.13912340227883,102.51363502882448,37.19058692765876,94.65893529918743,240.01467504852718,Fungal_Disease
6.929323942267596,74.83763626584548,30.30867941725643,44.942773477125954,29.713227410631294,45.26718110379237,99.80720439936324,Healthy
7.123919313947012,94.51818401821876,36.90021312860414,37.145369809053406,33.418340569934,75.37490307040937,86.06456933800521,Healthy
4.358879031132565,58.44275974550475,29.193855641886284,91.32468821749713,21.46431176942667,85.51810544132799,229.2936115287706,Bacterial_Disease
7.413086106117012,102.29506161397462,107.10888039117896,78.26152496355785,24.32853928857572,79.27315689897446,280.24183142494337,Bacterial_Disease
5.209658401577648,73.06072134650503,132.7083910508296,50.73748985386223,18.09080368788721,93.4066227223873,274.4883846032271,Bacterial_Disease
7.569763162532949,10.384667383203709,100.35720894274637,89.80824591278234,44.27549990960918,89.14198082725667,41.232727757153576,Fungal_Disease
8.112673971920984,26.882275135512835,123.40534708313784,37.97101285377654,27.395104037861085,99.5689211273288,150.94744604078988,Fungal_Disease
8.019792537762601,117.59975125415201,89.41787328364416,111.27623662460576,44.862692052880924,34.60891300609164,27.861085118452024,Heat_Stress
6.762504837039446,101.48778452742152,54.27238607823187,32.10465304307155,27.14250923214432,44.380944098136005,288.29278767191994,Healthy
6.600849461553755,125.2666781817493,59.60662609024273,22.23727735348219,17.691294253442358,70.8980693945304,64.56836576305182,Healthy
4.714379806697059,16.45801487693112,10.545000503436677,109.54151732984249,27.760833885789985,78.6437748713267,59.22887242973241,Nutrient_Deficiency
7.876730752015678,138.63115484611035,4.4040073344436514,99.10488429771064,11.385845012967723,62.768404364456735,266.66570190194386,Healthy
5.357046902233572,29.316939952990705,97.36658458647084,25.56945659825178,41.66694304976829,25.914269190929193,290.3551665365895,Nutrient_Deficiency
6.483477114089733,1.6491826801298815,61.38004488156529,16.274405376591318,38.64925879180544,87.32761814403057,209.289677788577,Fungal_Disease
5.421370464637583,139.63921146749757,77.31010952764812,117.3758723881369,35.403718224299965,96.86994848170175,36.30151010976746,Fungal_Disease
4.669141814998466,39.35034396231584,78.07257466713828,108.72378750753633,31.3439350404861,52.44134750611158,145.75668316220214,Healthy
7.147788484458683,93.52272335175839,38.8326138666622,45.816032317952995,30.29419817846271,37.984998535907685,244.98152821848112,Healthy
4.271660174114519,24.73552398468273,66.6249515161287,92.14763714987134,44.8854874927812,21.545100396967,171.74315511247354,Nutrient_Deficiency
7.743226170631,81.23199450787985,65.90643103347831,17.382426116693512,19.729910190697826,38.98392288748682,39.7784564185004,Healthy
5.5879339763055835,126.5648981036383,54.37981097189998,70.98667226667494,37.288952787795225,75.99350198707378,51.56632485096835,Healthy
4.000673465022427,44.8253634399814,114.89455367614987,2.6222408884587822,30.349166957478012,92.92715101381843,259.24250275044153,Fungal_Disease
6.555645696186149,93.83555664621029,63.162960516263425,54.82426332901776,44.15581903156098,27.481045314541266,158.10874910624503,Healthy
4.234259542638016,26.306502431778313,84.5102334308383,10.477995005996712,38.97311141543884,64.2607349729544,211.75103213001373,Nutrient_Deficiency
5.3808477891044975,87.47135582062154,125.37281685331565,66.52060522196355,44.94837895463574,75.64249988094659,111.91875786991943,Healthy
7.534882437278581,47.10304925445142,121.27270720024914,59.03543055940521,30.591374806185623,42.11046568850149,159.74567487565247,Healthy
4.31344810810933,29.569156202313234,124.65910852908311,62.21390372932784,17.159038514072726,65.59176313362416,293.13094211630755,Nutrient_Deficiency
8.196692461780012,43.84548709850892,37.80069950510195,6.3463822867191695,27.629046249315685,77.21987408046184,98.91091109044142,Healthy
4.019099613292916,25.03774959109191,4.897548363128797,50.62628777945653,34.88888969177011,87.01753945083014,202.43655825248234,Fungal_Disease
5.2341193460095115,126.2682550973036,36.54935198534609,105.90773887398831,37.10261351635558,56.199988065598475,51.75166715856893,Healthy
7.704520280760358,55.60616408439804,39.01902838689921,51.648012269506815,10.017849615558024,79.82857751351685,36.521965578099994,Healthy
5.581350748646534,34.33910269641143,127.31044574149553,100.12407336534129,27.675948097580292,44.142637739187975,235.09203337770893,Healthy
4.509461940330068,62.77709774223061,90.89398259731588,51.727021308722655,18.23321029897263,37.04373974177269,253.23246299614968,Healthy
5.80116959400214,44.87506335290938,11.438554344312026,59.253521808626104,40.621914163917594,34.985099687253395,200.49350860482465,Healthy
5.351966431922627,104.21869553386564,18.95300344155416,78.94489579609726,15.351690541758,48.709818546058095,47.45875126334253,Healthy
8.213559510802774,135.97078766396922,21.794657575876556,133.09547115299154,33.32596873511917,22.87037454310792,72.17638969276157,Healthy
5.566739587925715,61.32471193767056,88.25904474364924,15.240462530531724,19.31217666137237,42.639347013219975,273.3527124285335,Healthy
7.944662358880036,120.54467599611365,102.95796357098043,4.607927612564316,22.47897501249953,72.17782595545826,86.61121463992689,Healthy
8.459360724053674,79.22083029834673,120.35014747915545,85.11400573340632,42.91957412648957,71.83352377281093,245.65815485913527,Bacterial_Disease
6.169087097882648,22.012993113192685,131.68911711287404,132.8735924499797,18.41568438928278,25.8843045193193,85.78118667312047,Healthy
8.54971571927196,96.68718389138782,28.238638034101847,138.5612385576601,13.325096663802572,42.99324936644961,281.83877079703035,Healthy
5.886590269815964,71.88082959761482,43.368147861366865,67.78299463488025,12.424971550547903,65.56461317423373,274.3358738511009,Healthy
8.82039208245054,91.08491325529448,33.64520330427629,65.53142695191379,27.661528853481176,45.484171000248224,12.978952088636387,Healthy
4.446447622627865,124.5562377600331,50.22661944525928,90.29492790432747,32.45990187995008,53.43904193510988,231.12419606022257,Healthy
7.435096332516213,61.66083989184645,128.05311503932492,77.78886600869578,21.455277524981053,77.02486056926112,50.83852807032212,Healthy
6.469070202284644,126.16486725042978,80.51575937151061,88.77232806597654,34.15909096275783,20.741346356530403,64.58148777191445,Healthy
5.938244027278236,105.09366199943169,103.34686562542987,122.35991957530518,12.136180150063323,42.11148352707444,137.95356369944273,Healthy
7.163559393743005,68.40468962291787,68.61669305774947,104.4828637282653,40.006712572300685,31.389779502801332,172.895444924835,Healthy
7.519285458171656,84.45109899211491,4.040107867057435,69.56283483615138,38.57985234087332,30.208734621159337,97.73991569114759,Healthy
4.021816348251545,45.5813585526616,8.987368039694006,64.66102426002374,44.492369498722994,96.72321731577976,172.61500966626275,Fungal_Disease
4.834765443735994,137.7036219634284,75.30922437750401,89.54424479183625,42.77767433156459,50.12482652499342,51.19751140234098,Healthy
7.565230253171594,93.42916282705544,100.6304648748036,63.79887981884165,22.466900737162483,62.16708679277119,6.701296314311122,Healthy
7.331927067891033,6.138559349528185,30.14627385402241,64.08910917718958,23.9746384405452,78.7057509655706,171.36731650852894,Healthy
8.830237525643387,45.727066804721225,101.06734035892256,2.2828262501106744,36.10876966173908,23.795797988804015,155.22457798869564,Healthy
7.805188951253915,87.26402072626804,113.49320828769174,24.36897923702318,14.692897018424413,39.28181108461587,206.89618922277748,Healthy
8.75386353865669,7.886658891893572,57.66564697069557,68.39190959940542,20.99051485856922,86.571822987497,194.94661859034736,Healthy
7.512702507674035,3.3437867846799874,104.49869259817469,115.17148426705168,14.14893279414769,88.95924905423048,269.24591407018664,Bacterial_Disease
5.490261043197216,63.00339353389236,56.56419304598438,39.02178094179738,25.9210257175491,49.836073651264165,137.84058604846376,Healthy
4.526824611254282,46.576625156973805,94.9690881237028,73.17008063836086,29.32014979598612,49.98892797214146,2.5108424078826075,Healthy
7.909119316724678,61.361805124643226,106.95958690473603,48.2946918662925,17.390616448696335,80.55175016871056,189.19580447905622,Healthy
7.220746107379579,36.777063383200726,138.86972656313552,14.672558535542464,10.932109041993675,43.60561813998953,202.53972888096553,Healthy
4.240930061966481,23.060484572017327,48.35553268890345,134.1617876299821,35.17745411126831,29.367526491199847,156.44849681879091,Nutrient_Deficiency
5.800252329504891,96.48006997724728,57.54570928044561,119.65434183504225,10.700180754915898,40.60283601924667,206.7914610723647,Healthy
8.78399907742143,72.03995627749207,23.186808317423985,10.988939425366897,44.06909131249247,50.98757853086199,97.07514397084582,Healthy
6.502005728551006,28.021589574911356,28.570228176252964,100.77021674555985,17.75625398598384,24.176376767607863,44.64249095732376,Healthy
6.163645680098523,44.742519676399766,97.07530036377288,48.661186610050024,33.23650322407019,58.294420336013985,199.36609918692199,Healthy
6.2884980257964695,82.85310707286563,128.38638262162664,139.27897298865096,25.21631041839962,79.20060102182228,73.5559287646586,Healthy
5.044413620025819,10.1121087581469,55.244693232573674,42.33579277605688,12.088585111798752,61.099611558436926,136.89477278526147,Nutrient_Deficiency
5.843535854323976,20.643421297265135,25.178222556975772,33.42338235076399,26.52642623220636,25.751627241160556,147.4868191834946,Healthy
5.849066279935883,10.254384575034617,39.91392991361917,79.50467676275673,28.086622200387986,55.21197050767668,143.15986514051653,Healthy
4.261775100937362,113.72442657997664,63.70723867313941,116.91766286804858,39.9139122832504,76.71236864342661,179.53474310398676,Healthy
7.837838142589591,105.3372926496813,40.69104611115157,26.95264205477172,35.632217437676424,24.647732319215194,8.836112677757658,Healthy
6.082522159519395,105.463810463096,32.701071637061276,99.31638776070638,12.775586616368523,24.78777517815108,296.9047484790264,Healthy
8.110899434082116,100.28554808664393,103.03782842599114,8.596921639757035,17.320693920129276,49.64811225447861,214.8931421815714,Healthy
8.251740005599476,93.71395931378169,1.098288973687247,128.65086403546962,20.916068947523172,35.59711712989673,127.61633453962881,Healthy
5.05997027349329,66.7788681529445,75.49227382710764,11.35048826062183,14.07426902626868,94.78246330467363,57.399009087073296,Healthy
7.286767410850643,89.91894289099609,111.12735298416554,127.99239268818275,25.99146748200717,66.50748829917946,24.05319673300689,Healthy
6.361409020814909,5.3706176703164505,37.271960084445546,68.7130149233784,44.450821680188746,42.98603195247169,201.65712618783655,Healthy
8.400783689607426,87.00501917194984,84.46081148568243,62.73275579142878,28.011447693321657,76.38213832919607,95.08668448756748,Healthy
5.078703395882271,108.9028787751628,93.64601478660649,136.2629911300527,35.96587589131093,49.99432410874631,68.8435374749604,Healthy
7.389066001550221,70.05017045381463,91.7034574967126,138.65378487775067,33.90282291947712,30.5692515503208,113.98631613370003,Healthy
7.038760611263613,50.05186597981317,62.418948787820476,91.02493763454167,39.74690022822483,38.97857838748643,177.87692634231303,Healthy
5.476507387859164,38.83974287213708,48.52091830260909,17.796700859986792,17.550322166296333,71.41978275675005,201.51156500520037,Bacterial_Disease
4.6830045182558635,89.99228702269154,117.02937022389389,70.86381199172835,36.38391915925599,24.150088479759333,193.55102080635905,Healthy
7.258198802386383,96.99216780818722,106.182433979981,74.08283413379274,40.847433410701235,41.8151232038451,258.9796750475921,Healthy
7.692987290661653,121.93546398075596,44.975724277947755,72.02249993894335,16.002843804308498,36.66491821137397,65.62722932103458,Healthy
5.57813671881675,47.9267715445387,14.422687221908852,79.72885739280136,22.13807769258013,36.09080885412256,191.02384895914065,Healthy
7.224163020111569,107.76812303398198,10.053056362365687,2.6214599312146936,43.95356175160465,74.6209929580777,30.334312855828227,Heat_Stress
5.975654538057516,78.58981538650731,13.198636905851046,99.57181940587034,37.32757460929274,86.06535334034916,164.38040696975335,Fungal_Disease
7.566034416413089,123.59710869493108,81.601710566886,99.73520227341832,19.89067913881363,77.2693286451407,175.18752074690138,Healthy
4.996076374470266,73.8936951613869,7.232704616058556,16.16576852490431,29.737961937557042,71.65822526404098,64.8711896802521,Mineral_Deficiency
8.451075013180873,72.46817597571541,47.169762494965376,79.8335219424121,24.15141429973176,93.31614174542912,117.50793899737106,Healthy
5.437047982327899,80.90279140172727,105.4479582679921,79.57056554100845,27.148781171449546,24.67139043394375,248.15786687514074,Healthy
5.8389299387807645,104.90414971994082,41.20874331215293,95.54305882665602,22.430816698674796,33.39864687809926,44.522716125889026,Healthy
4.290459760401749,135.05666703598453,106.86313080521818,11.955676898911351,19.77658564856192,53.152548453642574,130.35185928475207,Healthy
4.557561061606382,10.298869590207191,104.36538534898774,87.71046301725349,33.61670644869966,49.79613148030942,279.8199213634356,Nutrient_Deficiency
6.579309513561641,7.480844334742402,34.41579856865028,39.30527310448777,37.248963528014116,53.444128237041795,151.23267830988027,Healthy
5.337963383639858,131.2570472370274,102.03510521298436,70.98041866946407,40.58849929615707,36.51639240341648,217.5401135499861,Healthy
8.177401128710972,74.18258757254885,104.68872935809411,108.26529737857074,15.436548856136582,31.960265246418267,248.05981186666529,Healthy
4.073466943274769,86.08642203937106,55.64354959338376,98.79043109082187,38.79994332758342,60.735459796634245,61.13231245364773,Healthy
5.895470243359681,67.53930422326204,29.458867723812553,16.646422474919074,18.918028856697223,94.24420192550349,65.46517065987972,Healthy
5.686727733845464,13.112043365046429,72.97791296486167,82.76587019625026,24.956773646851772,51.35755698799336,227.57743682951505,Healthy
4.096638154588005,107.53251297861331,128.9956623200275,135.6763143317034,41.55052900472363,23.468257129562247,225.99202145292028,Healthy
4.621841995002551,104.61145031240217,89.54634254048868,21.947721226900317,25.907626034391072,76.49338743116196,18.05499619188572,Healthy
6.068213374593176,43.63846500899368,24.20914966781657,119.40699228155809,16.897223691551066,43.28839244217399,96.74947220848931,Healthy
6.464322922237233,42.873494331976055,95.58596946269279,98.35673127752877,15.595402933299123,39.60760058439136,119.55974757253139,Healthy
6.021448736274346,117.29779332677259,59.80842381945684,108.36046380736636,26.554431832824683,45.940640055836965,248.7121210413461,Healthy
6.65468839206047,10.130016083785726,82.81403162975222,39.474165799970365,36.69353483917939,77.9052419126301,126.55867662892123,Healthy
6.9756583745284075,123.35472076991921,102.7689649032351,40.30445011317794,44.90218003910054,85.50555094962432,277.7786671209731,Fungal_Disease
4.049619105639178,35.93263658542802,72.09262921202227,126.84272380870834,37.55930199508157,67.04448538711709,298.98233314219203,Healthy
6.32047579726752,83.01786468576915,113.95775644026321,50.37648449295821,40.695418562999876,45.798300297564126,234.21784970830487,Healthy
8.817496204437942,131.03918506024888,101.10178110432788,8.822154696993467,36.17413263272108,44.838258649382254,199.91600687017723,Healthy
6.5951614006477435,94.9371502151305,86.11026760259149,84.083538501123,41.34022852646371,29.94466799243704,117.56914979613683,Healthy
7.387711337294766,58.02017374538512,21.110994216529207,17.47447366585797,12.670274015986964,94.66408385881556,20.111833815610012,Healthy
5.559319289584416,96.53478924675812,117.03287552761957,111.52347379710714,42.547605964357594,71.05115191750556,171.94162691883918,Healthy
7.869956890763813,48.157149084291824,131.02678194477426,89.84450195014803,23.874215380397963,22.157969588469122,108.51147166319728,Healthy
7.864607409380575,38.81617828888606,19.175117333301273,122.46171073096914,42.25649781481556,72.98936761493445,105.26942274970307,Healthy
6.606480238270695,139.53565891085515,68.35375812068028,109.87721496956894,12.650649311081645,55.772273935480634,206.3127758128307,Healthy
8.880069116396069,105.11063236517028,36.24442387587063,15.69591076734746,35.03350349923976,97.80463704375356,139.0918075789907,Fungal_Disease
4.627751073813267,90.26079683345446,105.63326303957905,53.34989470081912,35.74910620345716,85.52550598451256,225.628153431435,Fungal_Disease
4.084738324447905,49.74055005070463,101.028149040658,108.43843498804222,44.891881125422046,33.705260306623856,119.45196680561374,Healthy
7.85079105878548,6.882516081706742,19.723916879855818,58.4278062572856,36.90993447414348,77.60888950998931,45.259015645968795,Healthy
8.035777686824412,4.347962644921786,122.7838179766292,136.13116786919696,23.390079703546235,58.84528030682107,138.40425785707396,Healthy
4.601036145602881,77.58537576283183,25.33622895692032,103.0036629850829,29.50369930664909,34.963613093594255,285.303754297609,Healthy
5.327914164793031,106.68458094546715,111.61626359073504,2.1699883366449435,22.829282835830657,75.89919258639593,240.45738873496748,Bacterial_Disease
4.087761816833145,75.23308666213971,63.97725034792068,123.1979968185171,16.860652585670035,63.79100629553963,61.72477652201002,Healthy
5.466543053902823,117.70991007147603,45.95812109814118,14.112669881598062,18.697581462579574,22.42991030172564,117.3901504934828,Healthy
7.8657093695933575,4.679714633051029,22.153496774389893,19.67332138521202,17.77036869960123,71.72703604230607,278.3376285661613,Bacterial_Disease
6.589802638562895,51.34529069963161,23.465995860528114,102.82893608554713,29.208536555712453,70.79896718899525,37.10971761796995,Healthy
5.740477965841441,33.189854764384926,92.66467765812604,121.09559832026723,41.71562220861627,31.52681288411701,76.18507255948079,Healthy
5.858696474531651,62.61821554199708,77.06025431259687,75.08894790593784,41.94543191309392,47.91901815973543,78.66679376156891,Healthy
4.006768128577341,10.132695047177148,17.09195903117258,40.466962612409084,11.916732213403893,66.8719176600832,171.27986269859505,Nutrient_Deficiency
5.499002637826179,133.57842981995014,15.777700461365527,49.184176335444576,12.796479033316274,31.10264112853839,123.21999591339683,Healthy
7.232293708189652,31.25575614971053,10.123480468190804,48.00450614344784,18.579167001032022,88.21787022678052,23.961202198889964,Healthy
8.870972219081786,129.12308856770187,104.12742863229617,45.73493453333171,18.92708083643162,22.198883703016303,188.75443637312569,Healthy
8.235304134919497,59.62504170513545,99.66349193210048,34.00735405503097,13.321121133373788,28.226993197548396,29.723359356045066,Healthy
4.117974823227645,137.97337865573053,8.18033871964052,85.24139324809262,23.596216941070416,29.288553588390727,181.92447959372345,Healthy
8.492803023374197,77.56817368442951,78.43781058357621,126.05674459910941,30.570388744195053,62.24857007800441,152.10251406780773,Healthy
7.915992066493129,130.31660098461305,11.854661733976586,42.99153783166776,30.23567702098123,69.60912097349002,148.10059821759378,Healthy
7.901880617854902,0.7488584171911983,126.52440788525183,26.137201644597692,29.020038844050745,52.29926372011892,20.248873589768944,Healthy
6.289978795017857,104.75343286532602,126.99643868521854,117.40087329199947,21.853517371062402,43.093346213453295,191.76613406506075,Healthy
5.990026464772514,126.42709143435216,97.75261857383822,103.84966632455846,34.725948986080326,84.74539005004459,129.39607757679923,Fungal_Disease
5.514578644165963,19.56087937705357,129.666449001523,130.31718441838746,38.926937934337495,25.462878698113613,123.33183668570597,Healthy
4.328474294771829,13.45761924250121,113.60342425791667,23.172762984687346,22.119599326709295,42.42334889062334,178.935418925561,Nutrient_Deficiency
5.141176817468495,59.44016500603378,115.99540062978691,20.195183976322816,12.99373757548117,23.12924630431766,181.8744179839642,Healthy
5.233018174890123,130.71504685861092,79.75909907979066,75.80011520269954,20.371558788214976,21.11121079730144,4.509988728596559,Healthy
6.420385348551008,75.93411842666143,42.848287750264625,86.02071167691334,14.807902910121596,48.2703909545761,37.567770360961994,Healthy
7.73722203298347,73.84390492104251,30.49187611629902,67.22428186034253,26.35755545295133,35.58589299559456,70.95546625341619,Healthy
6.369049141989733,19.757656561905062,45.80800308545008,83.85532908534256,15.457730296062739,41.4692683870597,203.39320000379374,Healthy
4.289222247235803,0.11053155305063012,87.98936021246868,25.25316764250999,26.199566518029204,85.67577259639745,173.02233810888222,Fungal_Disease
8.788949004941019,113.41961270436457,24.17191501653585,67.14592558297167,17.735101231362673,33.03840769993771,227.28873971542612,Healthy
8.713621595470562,12.260438818073352,36.209633129225026,92.1329585315535,35.8555886911841,82.41866937214408,222.1823416631571,Fungal_Disease
7.925947715742042,88.73897462294536,65.52852079136503,60.57890289481852,10.964888429254597,74.00404985170908,255.95486076184523,Bacterial_Disease
8.956639507821103,128.0463036321268,32.62701379344618,95.1226270143237,29.416120634117394,46.115642011266615,113.04445838172418,Healthy
6.7224116640013145,29.21126784218034,82.41011376024863,63.16677927753754,15.932089622201984,63.72449161410302,103.51915985499083,Healthy
8.81384175126603,93.13819707316752,129.2446439838862,46.70394131791882,10.034715256436947,55.5548487819631,249.30462091603897,Healthy
4.378025203083753,11.017800739051324,104.7325111984377,42.50470659219293,40.42200308226825,30.27162523981323,71.28046016015536,Nutrient_Deficiency
5.828403741306857,84.52572013726582,93.29972598084782,57.52628825840232,33.50347257349237,92.57482573873405,138.3517121020821,Fungal_Disease
5.1269063400338295,22.950440933448384,81.58100663772903,3.232547175508116,13.46299877176832,65.56943740686081,58.297695606674914,Nutrient_Deficiency
4.97916542067135,103.03349847212492,68.31270729598909,93.59351938245592,33.242532868934944,90.4192036636364,274.15222264176407,Fungal_Disease
4.704014744463381,42.172381271147145,26.11894034885236,118.31478973723667,31.407656645815948,85.90612094506322,122.34090392898761,Fungal_Disease
7.112068207829983,64.87474123265048,125.25946375976118,49.6477932220366,26.567484046512117,26.38207402475386,63.7460694692485,Healthy
7.906609278736525,83.92027588386703,34.795040281797085,6.444639059840598,24.67403344489649,36.58165328147619,207.6040171706736,Healthy
6.891491997101803,23.97827749327354,12.783242860942504,138.14858363397806,41.04744170205072,31.620889149986464,73.39340346314358,Healthy
4.734813547941048,103.82929460646693,105.00212509201732,36.91775576314937,18.580180696410796,86.46236262295349,283.05108095106704,Bacterial_Disease
8.055618849667354,42.369647689154036,24.586174806363296,17.72695703670822,23.940851995468414,88.99573011641618,110.28510444282344,Healthy
7.179773535818643,92.7320603877855,52.065439935764644,51.76535111622391,21.519039451318953,62.23772078466928,199.3922136305511,Healthy
5.9408285306349775,22.15962709791231,3.959889960737162,103.39798568869793,36.99203601628218,28.334245800640552,103.57347934722402,Healthy
7.3706514776803145,96.33647228888904,19.18951195566273,41.1483235646792,42.07628571813888,30.849329483441295,242.17367489804212,Healthy
5.299524896214164,17.946330193464643,24.24850830638769,80.4584485487283,39.742359455908066,85.08390499506139,269.07682230683275,Fungal_Disease
5.725961042471052,59.549909477797705,7.6174178850249135,58.17839922119991,37.9196375604919,94.33521092234642,236.37550782443586,Fungal_Disease
8.58742921565995,34.60885032344275,91.93197392719833,16.48695891872659,44.5376480949529,35.95805480885254,254.54970561825598,Healthy
5.452522528357102,104.77253491994556,117.18109141243642,46.24018174889543,34.40005926436348,20.891006117773845,30.564248381290792,Healthy
6.349941340789683,36.68490063096244,52.264156891231735,101.48187079996933,36.28688269247368,46.47623241206223,277.21940310991994,Healthy
8.450705686980074,123.44042289535548,122.4407067405481,85.68054562640239,44.39808888967566,22.439951171830508,187.2902186625841,Healthy
7.538606751337637,124.8548295969258,29.86852043841771,16.768973183698538,10.244677488971092,86.23799328624304,260.7652596498599,Bacterial_Disease
4.311016130823514,27.501784131190018,45.554659298573526,22.8651373600032,32.191693175272775,59.32098057810013,205.33102925562463,Nutrient_Deficiency
4.736515221394852,85.93843230108139,21.103179024363573,89.70267030304237,35.86400361836513,71.34886230104159,60.55430056311312,Healthy
4.039207953859584,12.280469840795005,86.8782873586598,113.87815800492163,42.12394688150182,52.91879009092337,182.86653049370295,Nutrient_Deficiency
7.154608951145817,54.815193944228085,58.78174272184296,48.9264294341437,40.934550646451996,47.64060376099855,27.283871916942292,Heat_Stress
6.238367127052092,99.86504213017811,85.85966855786582,83.34350525808303,39.4686238431828,37.77603304608679,208.7169090654476,Healthy
4.671374254511377,92.31925455898828,106.6344867551857,23.89010242529474,43.102694517959634,81.64260376305165,122.70034232417181,Fungal_Disease
8.789670605283852,87.45809371692512,76.39842224461279,43.592687166745336,28.808271576979763,75.64380675324234,45.51995193006269,Healthy
6.6482986197280995,39.5557209127421,87.8682496862503,2.837828794227364,10.242203345468937,48.858318759686895,293.7689447605242,Healthy
5.209466470564446,52.92349292081628,130.9350440152066,107.55863269193316,10.386903954395333,45.689290743934635,270.3253272632043,Healthy
6.503017855773538,14.412460258040065,41.869003345238035,56.14137476821535,29.062366946625033,20.099430291894322,268.0631140209761,Healthy
7.398101663675539,100.66319486070414,50.28295140875344,114.25758031155354,25.234528360237945,25.084170403637795,236.64609190567586,Healthy
4.381196089867823,70.5444315507783,100.47847063930716,99.17221944318169,25.793576867790698,69.86044199141078,207.59433754305527,Healthy
5.37351907523946,99.22718852839165,85.58277238775415,116.02419720198677,24.014165802351293,61.16858481883693,196.52384408767355,Healthy
8.034827454419968,34.852093471562185,24.994606635560075,39.992213741603585,42.12040331819325,54.7842563588018,31.82815131115658,Heat_Stress
6.2983243520133065,45.42135200890927,52.66062340146863,25.915222259898336,22.570962290942646,86.20017926413267,270.1698705955362,Bacterial_Disease
6.732885710161474,46.79014721641605,65.49732183746009,136.06679557123388,39.96794296170791,60.31185635222773,264.3385188913831,Healthy
6.164080011047346,3.603937364610268,58.71457731557451,100.42589018572173,41.600267782707434,50.759486512585596,224.35578795745602,Healthy
4.219499713215026,47.746702196287295,24.95847316508571,116.76591750973385,27.48256194996342,32.9005078019988,278.19448772253673,Healthy
4.82874889910078,112.4626402925247,129.4202128497967,1.8386723193907217,25.642831307778092,85.65504065716954,165.9250354193976,Fungal_Disease
6.2277081937094545,125.6217894049634,106.72462663715662,49.62462684142412,36.635721147540636,66.09986000969502,134.2927004152666,Healthy
5.045927327039639,72.55056418902984,67.38981649509931,103.99433668082644,34.77900276739588,27.39679727382058,290.3842206498836,Healthy
4.249895143298394,63.77023733069083,95.20854396295712,10.917596618597665,21.498729080867207,71.91187183976606,139.23935633929682,Healthy
8.218248320259118,4.315446617911835,125.61957409897306,79.42759013965099,13.58918440736263,54.005659639072796,192.3973323201473,Healthy
8.90596264582058,123.08860726195357,19.06437993061997,60.07018744370045,19.269834006386812,84.91089788703967,111.9186440575317,Healthy
7.965714369983697,1.8214298796221806,35.05222709897688,2.4663109997550214,14.585997703430463,93.5131677596797,190.89786780591837,Healthy
8.268924608523335,132.26501122942966,75.9781746159303,33.03658079672319,20.3156296521842,68.03726505409968,216.02969868770631,Healthy
5.2098856515852265,68.49027481633269,111.8614519893302,39.87087846933999,19.163754795327968,78.52902554506932,187.3966575865651,Healthy
8.803134877565999,47.87082910046173,5.075685361813833,15.660392488485144,32.31989983603497,24.527267808173256,154.3688823648593,Mineral_Deficiency
4.984628522267142,129.3905808779724,137.76254102749047,88.41516736397246,43.40736099591729,64.82043640009258,90.03323928756986,Healthy
8.757149051809161,3.414739035413543,63.6869244035356,33.935702675264466,34.00103063156693,80.42719826843792,193.153702840867,Fungal_Disease
8.974096469829755,81.3994852816722,50.29235968704122,38.86672994671437,42.432729282259935,59.740971958248295,272.5286685784088,Healthy
7.5586140287302435,76.85055342990727,40.98142129756806,125.75340374802063,37.44462905129552,67.48400716034698,2.0737773509002078,Healthy
8.90571865895911,30.70485616959349,24.40993907112203,65.39723297703952,35.47571677249106,91.91585484648354,40.17870822890711,Fungal_Disease
6.847698897835518,60.04424038902948,110.82034725020391,54.89794057569813,24.49216790746695,35.84796576249595,35.93194754995671,Healthy
5.297708915880452,91.31696083212783,133.75798306445353,101.34194536406041,21.3678076002179,27.85972060415295,276.9615908678562,Healthy
6.184979428328104,101.79836756346985,57.91026567835575,127.34593156360769,39.619708036552176,75.25148905116008,198.82430668878442,Healthy
6.9678046768939295,0.10036021892116942,133.33889726548387,3.505087073242137,41.688763152515186,85.82791244179552,285.5364319410452,Fungal_Disease
4.365407810135075,131.15948021274215,115.33166616090479,62.753438517755505,25.815887277782622,88.03921508660508,174.84398196372848,Fungal_Disease
7.11171632308623,23.033552134993734,67.34715784668455,85.50938985091261,10.317208436532555,71.33155976729762,138.51986914777612,Healthy
8.905889183811473,32.70126079113029,94.36366507765858,44.59883373763854,37.73858706172646,86.65707345366427,237.70287354430874,Fungal_Disease
4.9505382489186385,36.88628239713875,60.89778508386481,108.13708109725384,19.977409416530207,76.05313645786322,48.282680242567366,Healthy
7.962975581441917,5.294819117284943,78.22127714975734,136.00678983783834,10.346075275592225,26.99015327254326,114.40143489519642,Healthy
8.539493968898096,17.22729730264549,8.126487182590534,132.07983127503965,38.174599564164275,80.96348063079904,139.88227216026712,Fungal_Disease
8.718507964101104,138.0889892121827,97.47688654207464,37.237555513191865,28.109496608591435,34.34877516402637,89.53751835363546,Healthy
8.800678022027236,44.130343232820046,7.395450227779139,31.68735898124804,33.98237612184642,38.928747407277825,111.38568372254353,Healthy
6.60729819360736,16.142152647466908,114.39189256875093,134.04867434297094,42.01414374005671,51.57205015989319,23.431556077325478,Heat_Stress
8.886539539957518,14.978776564447266,115.49257012447805,64.20798824040523,28.941084054833688,45.16536530610695,59.39507683486739,Healthy
7.786551035672194,100.72439547379606,33.190820257870044,29.161681231856843,27.611792540263803,45.73213906423297,100.64901609927851,Healthy
4.808357181184809,119.63961296456972,45.312789345012035,98.97957490825854,20.173174247189223,33.54076193632366,238.7671299699403,Healthy
6.38450053233985,35.97332193118578,67.38345299816106,39.81884534653082,20.68178420539834,43.50968376876355,54.74920645285917,Healthy
7.5916558768600195,2.927331726932896,83.53280697054741,37.414576509947324,37.87897231103761,21.573007198070542,103.9921121952674,Healthy
5.236701579095417,31.232602582349813,40.229512643879545,123.09486603088986,25.716023595507796,57.83287573506608,19.476086459080555,Healthy
7.203075917744437,7.912196711546027,82.9480966484695,22.74708147276648,15.723417301284213,81.48727670158453,167.1313034479818,Healthy
7.3330023952330965,14.47529112820581,41.69019025210184,9.015012505273095,13.308506740017346,88.97978953798717,183.37526644227833,Healthy
4.81349871904283,60.411136778669935,7.768700949948495,37.68610162403621,26.552204090162277,85.63428471675508,259.65493903865007,Fungal_Disease
6.8254265622637815,32.18857192062856,0.3538569764672528,84.97235779734854,26.273425826620567,53.31661751960905,245.7347995505892,Healthy
7.858134554893039,72.23242299355928,14.161148108580004,17.23229947645788,32.87103973718886,78.4341184931085,85.61338640516415,Mineral_Deficiency
6.49447832267971,35.489125456006654,110.91509802296255,66.02325411875113,26.487361721079925,43.031261927616995,41.08610675695792,Healthy
4.060515583880537,131.67522215441267,134.6003837336672,87.82719545954477,15.021649644697515,24.444997817409437,46.82495466312112,Healthy
4.045192345396461,126.83215550967704,59.7752678993707,118.82317896304436,27.773100967947975,74.07772203130133,290.68918291213333,Bacterial_Disease
5.785146719850061,79.35285470146525,71.77575348299199,32.18174276831561,41.73762913601088,71.90369317891248,201.9677442022072,Bacterial_Disease
8.63097034215891,49.61935887823407,20.558743670279657,114.42848527359052,15.580449406707434,84.13035163703005,12.771236340971793,Healthy
5.143383898018044,53.36056348486298,77.14438937522198,32.8868765583734,34.141412434221216,69.28849653623038,41.03377651352837,Healthy
7.171818444358435,57.659319640229576,20.251686280976756,94.74731577354967,30.78507427379343,32.551329997913314,145.74001953028673,Healthy
5.110379353466603,101.86110509889217,85.57000636783621,60.29430000754372,36.200500434913096,88.25299136401586,62.34864128793593,Fungal_Disease
5.608349948297743,63.22945937263731,130.65621346131954,16.055373933013822,15.271009569965747,70.18022304149606,241.09769550000567,Bacterial_Disease
8.24021044800742,119.94219251082563,27.397795502425545,99.99688479505882,42.95618679170981,84.60877592280032,171.96513527080947,Fungal_Disease
7.644307211349735,132.17327003025105,107.03892052799428,30.48676659686249,31.733824971850552,81.92856963008326,183.78966233678952,Fungal_Disease
4.476996386566054,47.03246147305074,3.290339194565366,24.727279643442806,39.647489819189786,43.82915897800707,138.84766441476356,Healthy
6.143510104932168,78.49722739259522,52.56961378502694,50.165210002513646,18.631236728808247,25.96423798816419,76.81883262789465,Healthy
4.145848818226322,13.30791515655902,15.504791096271266,91.46063426632769,35.87945112892866,34.12035272716679,176.82108396076396,Nutrient_Deficiency
6.404450733015045,28.065666687290257,49.34656182339792,32.75950703068789,37.33607465168716,27.428986745060058,215.09101384821955,Healthy
7.31217005850534,57.885207339422415,24.295168749443693,25.712615429464,23.910234533547648,39.47299456641091,111.28442328905007,Healthy
4.592513117990758,28.86838022624904,52.26269861720424,1.3935075998710067,23.438370850919775,56.76258184207944,151.4830891853506,Nutrient_Deficiency
5.444424694545829,122.71846871042045,58.45319285505425,66.0300335942413,33.02286927590122,92.54484839850262,251.90519114160998,Fungal_Disease
5.989183127510785,22.16007584827373,42.082757189328575,60.01037970412558,13.269268861607559,89.76150047365077,44.60452854673809,Healthy
8.597655123280248,63.792515017432876,91.92707292623808,32.74148410923268,35.74684525761281,77.48798520765824,163.5673257822301,Healthy
8.96627507711482,84.7978936643826,128.63928717624736,7.511302961356705,11.501036594379382,21.928988763826077,104.52379854876844,Healthy
4.22455649497808,96.86094714251821,56.083352374738126,60.09582244341717,16.67066053922891,47.31113610564428,210.83842746516913,Healthy
7.80503961747696,53.629711761710944,26.928041906503,110.34871555002837,33.245031503447855,74.58787411876158,5.643072948718397,Healthy
5.858620332011716,121.67386962146199,37.90118614743767,100.13949838580479,13.441328348218734,30.322311747125468,201.14198994095662,Healthy
5.9622909311474,79.56468115090958,119.56011528949165,120.51128458042383,44.01447320168765,84.0870280012727,30.869320204856223,Fungal_Disease
7.771324866735114,61.53108926265725,80.0295612578207,1.3415762798417874,40.393867331166526,93.1658943990075,19.4303258980974,Fungal_Disease
8.592132160727044,9.413688767285127,63.70154452297402,135.2987043526438,31.920581634235777,48.328355731026036,217.38699028758387,Healthy
8.754642972512743,65.0565255823231,20.94914101124974,47.79771536784277,38.66701094842725,76.46744494910666,192.10264587122205,Healthy
6.885612930191604,114.90301771420224,62.96182316532947,138.65569145287506,41.065301700634876,31.856330613497068,268.48077926779763,Healthy
5.785605796502514,86.03574255098417,38.98888047003413,35.36672448424845,19.081647735013647,75.26531592904216,155.89648674019355,Healthy
7.937745429293896,116.50274352207657,132.04283789946888,66.01509426095427,39.729405578226185,21.71643298296346,159.00732765815013,Healthy
5.255006916311501,69.16163388390278,123.76981531820238,49.54987472054251,16.817782427316065,32.061720544888075,212.10535067296516,Healthy
6.820370144167589,16.584638713227456,11.746355855947721,49.80650009920237,24.466979245208538,76.7905157286936,97.01927290597536,Healthy
5.792892307624366,1.9095784170233499,72.331488496574,117.91949382475022,29.539087093700978,76.94801783010449,11.073736626579766,Healthy
7.28315536853938,42.45073654060277,31.50816837205409,104.49865156322743,34.98618370759114,71.29301646761417,69.01374771571736,Healthy
5.201994564467535,97.71866600969095,57.50879253340068,138.90120093220673,11.05494612028848,58.18912195073626,71.40402356890998,Healthy
4.957964728674129,110.63638655183712,122.7587197552039,85.89205558045175,20.167829447236613,73.99264729375561,100.69765508345816,Healthy
8.591195433377186,41.405396846846116,73.85203278439627,64.85592461523038,31.29816843736366,81.90406386310306,283.0388199121389,Fungal_Disease
4.509018414747684,69.3915489236546,46.790141071906376,12.610340812564758,22.507903770219155,97.3185327229395,241.45283959894437,Bacterial_Disease
6.529789538674658,58.95664662077143,29.10436957469959,139.51859873193996,37.12587694703227,91.0912825238884,280.7868735615576,Fungal_Disease
5.104263914815045,57.4731898091999,112.0454803169085,77.2142914105196,32.80782564027507,83.56273620528997,299.5828770339001,Fungal_Disease
4.1946498166283375,32.38881984802107,87.4325221510086,98.06684575661986,18.20405088033075,75.58060133714983,130.13370122611335,Healthy
4.180094091457132,19.091954704124174,65.52916445967237,56.943934206783595,15.107514285731657,65.93244363458938,68.12199500409139,Nutrient_Deficiency
4.876108860529136,27.536398152369838,30.447809540816927,76.68019914509303,32.016644775546766,29.6487058681533,168.00124837657472,Nutrient_Deficiency
8.333851772530002,7.746534202868453,46.79449238199838,131.9608824650042,25.76635646966652,33.244547367871434,264.34032418443564,Healthy
5.4123937198851335,27.738303855300785,134.3780797433926,23.298721310424384,15.91349643854615,85.62236485367195,139.71955830437346,Nutrient_Deficiency
8.752295852876479,1.2881256675531239,72.8125912648168,40.93216180623564,21.423097186143206,84.26503297657764,151.61979077167607,Healthy
6.908111464945968,87.81617608903696,56.09789937405541,21.288361888924527,20.606636191150532,69.15671407786904,40.331731778348015,Healthy
6.183070948843831,44.2925570342756,72.99908592876534,110.91022653266846,13.784619031878128,55.107210617292274,126.13664777032831,Healthy
6.900444173347273,136.2402595997672,109.05839082594521,8.68633645905614,29.14181567428298,22.08261198588845,116.09844294257344,Healthy
6.583491926131339,27.1203871086817,47.61525111040163,11.428430979187363,36.727702186939396,46.17415540228351,105.50655085963488,Healthy
7.793881268786626,48.415999843343144,25.01885693056524,41.78917579023162,30.141341109854547,53.651172605225426,266.18960097725994,Healthy
5.412480329864262,50.09776220981465,81.89105656746669,71.98634532894158,38.920197772807335,58.86530289387365,17.790429963699882,Heat_Stress
5.765251958001512,1.1832094487444755,93.12857448734941,56.878472078342114,14.464899152540095,94.34596788489674,291.6441548692041,Bacterial_Disease
8.470471512666254,117.48911342552425,99.78052041419694,6.274283493913018,25.246415023777836,28.696751984011428,2.474047581940808,Healthy
8.732282565752028,4.479224420205461,123.47826270725815,134.04881810193322,31.32952862803347,61.509353582381635,283.67820418494273,Healthy
8.462791137432372,131.62517686209378,51.96437689647583,133.4017328501317,33.660054632966755,49.43378375666238,164.41425085156305,Healthy
6.097239969786568,124.89040915310689,10.549685472044851,39.10988525370638,34.35252072481995,99.20784953728413,210.73357332003474,Fungal_Disease
7.901827515034409,74.97306825203489,134.1688017083319,102.41358613760141,35.51378994842584,88.94912130263242,56.13985490853697,Fungal_Disease
6.381678666505494,76.10338048758089,60.90166984124652,81.00055759365132,32.80004342686058,55.10286833911367,196.2634617049821,Healthy
6.487699260730511,91.52890921386188,87.25605135423838,33.24673730078737,13.297983112930368,99.97564874838083,264.5873005583198,Bacterial_Disease
5.02340054528642,54.18700167088418,93.28274523796092,36.70401724382616,34.33569871608037,61.12505971771971,41.84404195009548,Healthy
6.9556515162925825,90.61111967569977,76.51191921816849,68.76144440346306,35.367392987103564,33.36942372731205,38.12448368198699,Healthy
4.93067948876674,6.267574416388162,28.736054163077814,58.69317180963042,44.77179770167695,64.46997534613716,91.19337274484182,Nutrient_Deficiency
5.657823495335969,7.5666678289617195,105.7200270162598,40.772105952377,34.26768528453941,38.096461264291726,48.51776774261944,Healthy
8.275151008099677,64.01225874673621,112.52527640257142,113.05162348272084,34.03906385130421,70.90502720610016,33.19375442800413,Healthy
5.035379046054276,76.94712215484489,77.41658204244158,67.40480846923388,28.018465156369018,94.99521399071405,203.4957107955875,Fungal_Disease
4.355791425867164,124.29446964701467,68.39856248187782,91.6787287344779,40.37730180047899,82.89588614680225,64.14798417374725,Fungal_Disease
4.345037963064081,14.652488747105476,15.951345637917944,26.498290023502566,44.88921666864054,41.853095233524414,200.10446982059585,Nutrient_Deficiency
8.70392260251554,115.1707098071445,11.753232609969738,74.69107275230814,37.266570456910124,43.74868999728057,258.5787681347449,Healthy
6.534602189809173,29.406627220889742,47.53907837889402,44.51664692252701,31.437513225023295,25.54305624722496,195.60743742390017,Healthy
6.0470603590850915,55.17171079140446,43.51846177243505,73.69790545528295,12.763418942604886,42.86942685170219,35.810120974620276,Healthy
8.054392905039592,44.324340875837805,133.51190313485796,109.31561667752995,35.43586961053696,27.409983974225376,172.0732722142335,Healthy
8.17912963955258,56.021738201155856,109.70718394208016,107.64784941277664,34.79965490036827,59.955897546051425,118.08860526346525,Healthy
5.660955165578023,21.069369730161977,92.38940133626839,49.59089492479863,37.14488517333011,76.66776635986061,103.01128101674843,Healthy
7.468090287368976,70.4998104164977,72.47073246246471,97.19879639114947,14.359438593982127,80.09449291993268,95.55944058894966,Healthy
7.855614079259433,112.22996257639142,23.431454301731186,131.78059305519878,32.88063750441502,24.762338579854326,278.82966714589367,Healthy
7.273253434329773,61.81476145304557,136.98393410579973,87.5937061894869,20.350336673308615,47.19647185905616,222.75223700331833,Healthy
4.757975374000496,68.68590062574788,52.505697753629406,20.7774172735692,36.60949351909918,43.053741323794696,40.1546368740885,Healthy
8.379415417585285,118.827461939384,14.969584342614272,95.15920809907333,18.41308839110132,28.344025838986767,142.80164391973912,Healthy
6.695472763680043,98.84813604932431,69.13184540020445,14.686614088903585,33.93925368871437,48.997704874560455,95.46692257617588,Healthy
5.412362131850019,68.66361719276986,122.35972162583165,122.0954572310238,20.32475314443929,43.94560873113889,293.38149376378743,Healthy
6.1261409271884695,36.07739074648515,124.22074024882612,72.33246941227164,10.31480024861009,70.75993834714214,293.4086918859509,Bacterial_Disease
4.187855451994537,123.88974455829533,1.5352282479026158,53.91970308362113,32.16752691905834,90.66421309869703,95.86034229991049,Fungal_Disease
4.639334006112088,80.78285623667817,124.08140426519596,7.980923250956932,13.964417910562283,56.38733766985727,105.63393484363641,Healthy
7.827733752579304,30.960665415497076,38.00779044998019,53.309722842895354,33.07520154758749,79.73321382134549,179.82426214096367,Healthy
4.00005817377683,37.67676536932145,5.45613095557923,126.44893350821052,42.39633069249281,31.680829368853942,143.79210429825002,Healthy
6.082829142411461,112.43863245107443,118.6906378508024,2.937619480082445,43.92360769738816,91.59731029150917,63.930261647532426,Fungal_Disease
6.612550905427942,6.180378692243764,120.94134583834916,66.45074208945269,18.25730805646644,32.20757905720738,198.12365009658342,Healthy
4.273172100004862,138.8929061840348,83.472351177929,130.36213275548712,38.32386296777292,35.368094447951144,100.23859316257153,Healthy
8.865390814861664,18.24923516007085,80.42072602149017,55.27773996710295,22.374364690535412,28.51710428701412,196.1149494996503,Healthy
5.13062665624836,111.44959355557124,113.83683816699872,59.94459624470105,41.515997546179385,44.774360121642914,115.10445669833992,Healthy
5.520993598181405,55.268544348035604,110.08333737943917,80.99840772787678,37.562134902028085,64.19283573724209,210.06296815688148,Healthy
5.519712561275137,68.91026566024536,124.61476628197858,64.81122670080569,12.587260082601727,99.03952891250614,200.33984126689515,Bacterial_Disease
5.152083310586749,123.2910808450409,77.38464266353849,23.604236773257337,24.249794785704704,83.46944277260351,152.64382677630022,Healthy
4.007369110431557,57.80756654248985,135.47059298259322,2.5977754697804567,21.80612391033859,50.43486423135856,211.42199721324926,Healthy
7.646723970439981,75.24912551425282,139.46055633066737,85.37363211701823,37.48133572531469,66.06768463228563,138.28970286960458,Healthy
8.834227498996427,6.901952737283792,16.31624539980856,128.9129221810937,24.35999987286057,69.86464247513662,34.84148989503687,Healthy
5.121467416425225,0.3286463414434415,118.9361263375771,14.89097862380319,33.960593917857935,85.81817769978777,54.63187600120639,Fungal_Disease
7.315235959017112,34.271982220241625,69.97511608480247,29.533380695385475,31.085233945665415,78.91614283358405,73.79794024968386,Healthy
7.709481634793575,95.28163300862742,54.2592873619765,51.83212801549629,44.147355168417185,65.54329015769123,18.968678467708976,Heat_Stress
8.242126895452623,16.977085070279138,85.8301233835801,113.22391206295676,42.822473488056524,73.53464216317253,213.41436618920102,Bacterial_Disease
6.113145985068046,15.92667423263692,7.835178016680984,37.696444305936865,24.969483015855154,79.67340887703197,110.2170680494855,Healthy
5.514654528202146,57.53448512502646,70.90455662739119,123.48761659902759,35.32523740744023,30.651524730672346,28.05698889809919,Healthy
5.6264756701151555,90.69718540515171,121.92467980373334,7.694102451009297,39.03110328934276,36.036436904430396,245.9874362176741,Healthy
7.5631066654925645,99.69007891471027,29.884612259455633,131.73392697625087,41.46100138517508,75.08674311260134,205.09628533907247,Bacterial_Disease
8.08389733252818,24.98309437377247,59.69458526771952,78.50459090232708,12.38469923217693,88.03404495901057,135.66727113831027,Healthy
4.908069838783013,11.142340632085943,131.52732428008255,92.22887498827863,20.572757974572387,52.74098261598142,74.22760052782027,Nutrient_Deficiency
5.854705040788826,131.6555847523762,59.99893729279762,51.476533155089435,21.208051433898262,98.39122579769648,45.52376813785403,Healthy
8.50970098374575,36.49329355869424,50.17146852653576,109.47919997154844,25.20560829269575,37.28573861386983,137.5122575265186,Healthy
8.033467598473695,119.46850966522133,61.67513073727295,23.31927501181685,15.924266275039665,53.33594256347511,265.5737229031687,Healthy
8.92429201381238,120.88880306479456,72.72338731245789,6.847655538988184,27.367205798250282,50.28184347706025,56.51859698159099,Healthy
7.771241298410404,108.15316284675622,88.47878817840564,55.372372035058,33.21250145544596,94.42367525811433,170.59776869744638,Fungal_Disease
5.965976005139611,23.636704931359812,112.09699212834235,119.51739995734553,27.40773720758512,42.83028140580316,288.5057985666768,Healthy
6.9531891699731885,115.05220429558804,63.29430880700399,105.68975712927725,33.30275833191655,57.66326224337725,191.13497242938388,Healthy
7.305071271236601,107.69507829382214,114.44733091261965,72.40183586845411,12.325457113626511,34.978707169226354,131.9894190467605,Healthy
4.392279081585619,83.54121861487039,74.72089258929128,80.09928460314948,40.65955660975936,61.701299084995505,214.91189188167255,Healthy
6.722484795519326,47.20828492365339,47.387271451516874,18.18499568182576,42.8674217235374,88.59233355708729,247.37337570561195,Fungal_Disease
7.546604142363048,36.751204597316175,92.11311593671799,117.6954112064615,31.6267598441527,44.32315695124514,177.15488936605263,Healthy
4.836606520005302,17.064489691250255,100.48111566408879,110.17435561498758,40.84868495229139,84.86336577302626,261.54970769789776,Fungal_Disease
7.903158587127786,71.365989366122,78.12685658812825,91.90585514417198,14.600610582687436,92.90492657405008,154.3775278127213,Healthy
6.918863902570558,81.93652257137852,7.926096238861278,65.26674508605139,37.91071220267086,25.83663117716509,249.008700661877,Healthy
8.761108928487973,50.30745867221021,23.783602522515487,135.02429755913175,14.17018677154079,80.51396290554008,285.6057721217086,Bacterial_Disease
4.212111491034459,66.5502694753216,39.941680924631946,123.06447606270595,24.280358102413786,40.427474892039264,150.37304010705512,Healthy
5.326630687777335,50.89202403169734,39.56758483320903,90.22026909204659,21.333648709539627,34.026213002930334,181.50051467559757,Healthy
7.00776939649912,89.74084802489817,94.27891203456188,52.05213968042031,30.4957138827159,68.08979136200288,182.84026288495048,Healthy
5.482799561029654,126.17628909151887,2.5688126343085615,86.52311901541174,20.553008733383674,76.44820929829598,234.43045907948718,Bacterial_Disease
7.572120820356211,22.94883668657228,105.79544878693278,80.56172971429315,32.305977038349646,51.5808788588171,246.88975205322683,Healthy
7.795026412609655,53.39723338643728,37.147946472970645,55.19387829688829,22.858555120318524,23.133896566575245,8.168794861818219,Healthy
4.512579820332372,19.721604553120585,43.40305847025434,42.934356036330655,40.127663336066256,92.69636193574345,220.00786922711634,Fungal_Disease
6.569272321033838,87.49212785709648,73.9073759121494,56.98151091322514,32.1859344076864,78.4597533477996,235.1445733890713,Bacterial_Disease
6.5444527779552795,102.0418713284034,30.229584131454054,80.3475968446757,17.535440406250615,41.733344534641176,210.12883183747107,Healthy
5.846403851077706,130.46778256364382,123.82598390057386,59.93887825955322,21.764529770983046,59.74910845957919,214.10869779692882,Healthy
8.66462431284836,39.042069676535085,11.951629105719139,36.90042834819374,39.659731066932956,22.22342319736624,12.420857755280835,Heat_Stress
8.137531599366106,133.0295688211602,62.21353072214908,106.53486448651321,23.526791249561047,47.142622544475344,132.6115985846718,Healthy
7.486046909548184,8.856774054894473,118.9191177236846,74.4054494340378,28.752967294797582,61.80281884680946,245.4538949165222,Healthy
7.571633178674988,84.42194087104234,86.218145218973,9.474522851583995,32.712967758331644,61.37788920930001,280.2021423885311,Healthy
6.308580719065596,7.998580708066196,40.926132217968686,51.56431078765757,22.173337735507086,36.65479024068329,68.84037617158043,Healthy
8.60497260548288,125.12838628667228,58.9064290887045,123.8878840096791,20.28925207653239,82.13978929471126,173.7584821058385,Healthy
7.472977136266427,74.17326798980757,98.93721324795204,105.73311436799327,26.633921591281002,43.90897268213148,241.2990718651751,Healthy
7.644905308279082,93.70876910679145,136.2565040709459,45.25454975216099,17.52083402324762,66.43280185423781,225.72229285775572,Healthy
8.308454518936726,116.42034962746335,125.0394205731207,131.34564128623128,19.94737054216722,41.721778043037986,185.66703509402373,Healthy
5.370357946710955,21.043487147755627,47.94059317353275,10.724407170149421,12.172746941121263,54.01342983894161,5.607356478600067,Nutrient_Deficiency
8.035354519333515,5.402818671338738,139.74770310030004,134.57285854490644,20.63895965898519,36.601170020018415,217.16575203346977,Healthy
4.9762030147824605,123.0433604277993,0.49065289434815806,34.39871294785459,21.224643267724925,70.64062340256307,231.9727509836445,Bacterial_Disease
5.7267097612244395,44.090651844250544,3.8681658131781127,1.273185242338697,43.66416082019619,54.046748811308056,216.8548519876905,Mineral_Deficiency
5.678052271349213,18.057047109803136,115.33767212396714,60.73312511256575,30.640508891305803,21.289384359021142,229.742748446987,Healthy
8.892627341945703,65.58457319219211,27.92477615662728,50.255860156181214,37.558384889553196,22.253199521341287,129.2744678036581,Healthy
8.282686118739635,83.76285059744264,8.50769757547372,75.47246072895113,11.588203847311286,57.690745477713776,298.1256437776173,Healthy
7.505849307951299,4.335884479151417,33.20073025311031,111.54820047977836,13.728784276293018,34.65806935242835,231.23607476179768,Healthy
7.6352838080769505,38.48539215599228,59.654021557320426,117.94031230106259,38.50879363019073,66.80336385157939,173.60400158399565,Healthy
6.810363972012856,4.591982398765442,102.27927786067667,56.172199945636855,31.82423422961725,52.655342541761705,280.25738092398717,Healthy
8.735453335542596,58.84695448736986,87.40697371716877,60.17840411888903,16.6843710689071,72.35358684317782,272.45950183740547,Bacterial_Disease
6.481293764411808,125.3140040692742,33.26697045845886,20.744882246126316,24.16783920516084,96.19161392511613,244.37011960027948,Bacterial_Disease
5.902588549349472,137.5713376090997,70.45786273408181,6.656665243362889,28.853537499356797,62.29889078362029,169.1084756951299,Healthy
4.815176684657955,89.18665749050786,129.66997475579961,89.77009863290345,39.52634401981046,82.99028828720796,158.13030574401404,Fungal_Disease
7.93102826130529,22.629277129842855,114.10108877772608,9.02126757737692,12.114419709307297,80.24327970527497,98.61237959235622,Healthy
7.672219660377957,126.81891459990281,45.246569876451076,102.73621671900383,30.885280127857683,93.74328834590922,75.26339373118451,Fungal_Disease
5.921775192620674,72.27469524800847,137.5170385897975,75.47262030311465,35.096257255533935,37.12142937904049,153.70785509252596,Healthy
4.125967069796147,21.524903694408533,99.20685606091834,27.801616951651674,44.22621502686608,86.18615766279527,173.33452851359215,Fungal_Disease
8.194986638590054,129.0417337232326,8.74290979334945,75.53321209177095,38.250602740226455,92.44163028037494,73.35792943765367,Fungal_Disease
4.0570899172703685,106.04566710123441,4.922499860409415,25.61968032429384,19.66795597478457,51.42103847580621,276.7803730960436,Healthy
7.518498898145255,102.43873818124122,23.577112861404196,61.42320905145768,34.83527178573928,45.10529556791745,167.18219902029557,Healthy
8.851285548630285,99.28529853121665,101.89982152702055,111.93844427391204,36.7147259724442,96.16287277426302,157.95159761464396,Fungal_Disease
6.188306640741017,28.047574953501925,25.723449617939906,64.66870107748925,35.54074249714383,70.21062577110943,130.69151650984207,Healthy
5.174867024979764,29.54093683905365,71.60814768923669,20.817904561656754,38.70504237831545,50.45411881931747,17.42138871505816,Nutrient_Deficiency
7.524355050216909,96.3610197798157,13.056416825316443,101.33601545521232,41.63054916747732,83.34621767453042,264.7204003379548,Fungal_Disease
8.085640710077925,30.761185015455563,128.92406209622732,26.147578277801237,13.44504541462691,44.35791212925721,95.09826793290893,Healthy
6.732151580389236,61.41403755242684,48.15448590169946,103.39698241181532,13.666735018839159,34.11260688558897,192.73810034048833,Healthy
8.835176376280732,109.48025558315179,127.13848791848831,67.10932049021666,37.87399960697261,63.517570863816445,182.23006769101062,Healthy
4.258343608289805,109.75335253369774,132.2825898674762,63.523846273202224,18.83303667825148,65.29696359284827,175.34604761535803,Healthy
6.52397799152264,63.45664815362035,0.8580106239153107,119.20090530004647,12.048949768252728,86.05971858138705,157.71366060347523,Healthy
7.59226973661275,110.90659135853431,64.97892620782248,99.20449340769363,24.043021334321203,56.5621884016344,54.43195002939842,Healthy
8.313202355745895,117.40705146772795,3.4518477989650043,4.607511573691497,38.69569191391273,85.16692316042733,84.18172231438966,Fungal_Disease
4.89627805953895,91.66860517979643,127.21698728240682,41.46440404422433,14.429775833489312,44.90581434786708,157.25642138109004,Healthy
8.000017408818406,31.979619323178824,72.57705626284061,121.9288925189858,33.514469013156365,66.02945617422336,236.8027354790778,Healthy
6.763535378592726,38.36164925397665,10.492161777789555,2.5656635963278096,10.12655516200487,36.677822312057266,129.5966911951256,Mineral_Deficiency
5.982768409949816,44.07776175722295,15.438741958719362,76.33548247667585,13.840810652435747,50.83567607332771,61.17676591383925,Healthy
4.658575142895468,16.35257508275328,53.69126342898347,101.89559368435214,22.279762101897038,88.60317582662809,26.38332744162779,Nutrient_Deficiency
8.326478794544562,38.24234685179232,131.6327870022045,87.05985196784061,12.926079835854491,37.2790554748604,198.90330104820725,Healthy
4.786366040898577,29.332691403754495,97.00728121953132,106.47450829462109,39.606558360298955,84.81915703194142,127.00199118634937,Fungal_Disease
5.548939296045496,63.7460249732043,121.46664126647853,101.59685884806441,40.24246761009141,42.62973262779249,37.61126778679257,Heat_Stress
5.450227659812184,127.1812567021171,51.30393048759715,96.88429732143587,36.44497460848335,22.759177574356293,202.34006399609513,Healthy
8.357070170954271,14.627244345554132,6.049917936999765,115.01558052959129,18.486787098846612,28.7947656045477,62.27361925631195,Healthy
7.36351497104449,100.83750935263538,136.40446920861797,90.39669358293537,28.313647633399295,79.67036362566306,152.70481449110312,Healthy
7.9834069859568615,96.21962061783788,2.4042186927317366,56.33858919597749,16.446598393318,40.96567412017186,91.85639252305813,Healthy
5.252339493962495,13.405587812870072,132.67123143135245,66.06727538804226,19.84474575255888,72.33164737930178,279.50701933020014,Nutrient_Deficiency
7.1243704980349944,129.160136686812,51.61483933888026,100.34146957540308,28.060185226082687,75.93591222057864,68.48641988134968,Healthy
6.858729915718744,79.58610830195474,1.412656703063413,122.68284415335116,35.72548329612792,47.60947715477479,125.97555646260854,Healthy
8.164151883941356,50.921572958995796,96.48201244143115,38.11063211756859,13.31290331377737,57.99351897689122,287.84807904840176,Healthy
8.530435302406303,105.91540168934293,137.27564256438959,47.89075143594991,20.384384416983014,52.30136723646485,95.61755398149462,Healthy
4.060783857386934,36.03116417622877,135.18760119726295,130.30351549073777,42.43174720001728,95.78791970836272,193.37794890330002,Fungal_Disease
7.370099595293963,97.09137718648486,22.53118156833858,80.99165093732236,25.019316122366085,45.59590898812699,95.01811311189756,Healthy
4.259178995598645,5.559569060114611,25.3746928492617,25.054654398900144,42.86043858682601,34.665843377996865,33.2024937351747,Nutrient_Deficiency
6.74429332538678,117.51712526529808,79.17544804675242,92.91731944773359,44.69901895432475,49.24742743004626,188.26416980528785,Healthy
5.438163645218391,62.74391858298459,89.22267569996542,138.70670177551315,28.433093913899558,73.56125660816097,274.80946058560215,Bacterial_Disease
5.533882997610706,89.13700801011184,103.51850791322119,115.28349902585602,20.08154034246977,75.78901522891722,135.76940017022756,Healthy
5.764792517261783,30.973294772935713,25.34705046610065,104.40375911719639,37.677188300040264,93.92458522880055,187.85296280774014,Fungal_Disease
7.106462245248051,94.79031977218271,134.26099214702083,29.12653159727769,15.575875743375523,90.54035879006474,182.66952397698694,Healthy
5.670249828343846,108.11363862505873,89.4234958804933,122.659569855761,18.821640088522468,43.06564163338204,124.52691078836278,Healthy
7.663495252951402,66.24984616381582,118.58656864187768,73.6104380949765,37.470796832474875,56.413059917407715,184.46899162941918,Healthy
6.022636927869349,86.4817693686512,75.60920013978405,124.50060309007378,25.177607365621046,79.78151905467472,77.79542532569165,Healthy
4.341766001549793,63.885629335135796,57.99875866258356,46.175896119483106,17.053827794568335,93.32298244816201,113.41137138091563,Healthy
7.918799212420536,125.17279169609837,136.80560692329942,8.687147368960586,32.789401073331355,46.973201028551344,132.69565690871252,Healthy
5.42879162296353,69.70168527200468,81.49699191477706,66.63663561236446,35.6466651483589,55.55531473415967,259.20260506874416,Healthy
6.163834397996313,117.85321926403465,121.36230159188504,37.777264674502874,14.377493380769918,91.95826163628871,104.49986844997647,Healthy
7.427219416109508,112.1892881578348,133.4609354912806,100.13210056868175,19.694309099122695,48.67870985267381,190.54111443474793,Healthy
5.66228078574356,57.470674988769915,94.54964778121229,133.99491739984452,17.744686438028165,58.44103889533886,64.0211512256696,Healthy
4.282928280733578,32.2118288600465,76.8514149926145,96.73638116121894,23.294912006685824,92.36033129744631,75.77091871617802,Healthy
5.869605235064068,56.851498558367936,0.49151912749108684,124.17075015928849,36.720571345162256,84.17945743918786,194.52866263799328,Fungal_Disease
8.722242913471517,115.67043260853082,5.602749703460839,63.42336190416889,34.979783579601346,39.47447400078423,228.69297820998108,Healthy
7.208671986492791,31.86855501471493,28.119170247156287,108.02970320734224,33.18833686342964,45.98360523295467,138.63515295788446,Healthy
7.357395743336035,73.42108842008491,26.041180459839335,118.02608113403848,10.219994105400692,48.23669819674713,100.52990903332996,Healthy
7.161410768188199,112.85354471450465,35.66623132797835,99.52258786169594,14.975015968313631,93.01907787448478,273.08146677968176,Bacterial_Disease
4.994960694797184,49.48684651797303,42.69084927767251,71.08882004973904,17.815414218572336,99.91469896836313,40.74234451471281,Healthy
6.091669320511401,89.90934918037763,50.40916909710196,87.62125534615153,19.518454611359736,81.9203441724352,216.21427129480412,Bacterial_Disease
7.754698991816591,34.38842036683403,58.87527660964272,98.07097939504324,15.1249289577115,58.74610419948053,207.05122492413088,Healthy
4.506864487765796,15.299122351542389,13.841287383842054,35.43181645099976,24.361044301586137,20.81390544539832,207.07354881833822,Nutrient_Deficiency
5.389263880448562,111.21379151299989,5.930670473389485,113.34109652809786,12.631320475490908,75.7990445278366,280.6261333270573,Bacterial_Disease
5.3815955423292685,13.855607277218954,94.35222287022327,133.04543545541827,36.250776663572324,51.14889315982278,218.45709029423764,Nutrient_Deficiency
6.16009463797253,37.99339531114184,75.22687547803088,65.13350412519104,37.57022755536367,70.63891761828843,90.46955682287523,Healthy
8.901843704710926,119.71531907964162,62.180188310816746,98.14940563538283,30.099334136031434,68.5355170769943,106.02276726969278,Healthy
4.33751273341911,48.50570019101341,88.82159176356933,103.18362681064956,13.139670696468874,58.466564525950986,117.33329195996829,Healthy
6.593504971902975,136.22634893198256,115.87511700849566,92.71465665300724,41.15291093413653,95.55099181810584,9.242602229431817,Fungal_Disease
4.896823410061052,137.16280686834037,59.87700727626864,76.59611516600897,43.79725400478401,21.851707628427334,274.0530946224771,Healthy
8.853382727048722,37.55864286349794,89.7567251072771,123.43071364047348,17.082724611262627,76.97059875780707,22.065781159441165,Healthy
4.566517523637321,5.736951114984663,133.50011133692223,62.84973929764522,34.66239368042519,52.78718946396368,209.93828462924148,Nutrient_Deficiency
6.018005011807956,98.70885978875307,117.5474294206185,8.5544139081245,39.467852072487,77.1032360393289,219.0483014529935,Bacterial_Disease
7.689424924173031,63.13811037076812,59.640113470337326,118.23789259970243,28.89452328899458,74.01757180317055,253.1145151891619,Bacterial_Disease
7.522772140137226,14.10539815434068,90.26035729406402,94.3573781243171,21.31630848343621,20.81904020607963,166.00867667865677,Healthy
6.1136431844696615,99.053194656926,24.789929068231565,118.89620770995052,26.74955502781234,42.8270796139737,217.57932715696106,Healthy
5.732620839763591,4.364487275668971,78.47310588531258,19.3966419422572,27.92940627745582,35.12732164030243,90.81687733978532,Healthy
5.988061892764353,121.8275366689139,137.385960759382,4.305411671360286,24.02229654658098,33.35890823539938,223.675203273837,Healthy
5.321381315793197,19.411354075862523,72.56411612835312,130.81243565355018,42.54448727717972,78.27813472969062,103.02472117856577,Nutrient_Deficiency
5.026664693533999,17.8236630245415,129.86936188662062,20.6819628190804,36.03590888298757,39.16410792744997,270.85154352800885,Nutrient_Deficiency
6.41519848779445,24.594121715601833,57.026888870456496,113.35132648986325,18.44555747892374,57.979009198984066,49.01454232991483,Healthy
5.342668780338037,134.4372901888893,139.83827580584835,115.24939190528902,30.4945015561954,39.759119622854364,94.72719320218606,Healthy
5.437308324486251,97.04371043553844,81.0908049318581,99.21872807686042,34.10412028259086,66.4187058748264,149.6308354665392,Healthy
7.283780317372785,112.19201496490913,5.917659193030838,18.376709553001934,14.90547475957456,77.64590144479743,232.75516714442935,Bacterial_Disease
8.842686658499462,55.66889800258542,82.14567153679432,93.43580743851305,22.544900983305208,46.48597909585412,224.6397315309096,Healthy
7.018186002796876,47.083781850693775,38.44017739514353,124.4721216657612,41.69418985613706,68.24166786296976,63.21506229735105,Healthy
4.3848973353248315,32.82776094964379,4.54738508502526,59.57443027212365,29.85105850648205,85.98838195309912,43.27070898353891,Fungal_Disease
4.3779180692703346,67.29072396373725,114.91946265725286,57.89235961300384,17.59492111211109,27.537942813159333,91.19088128822948,Healthy
8.75711610422783,77.2560226947836,38.602149177305826,62.00016334111867,14.297467934170276,76.8536479233017,145.12624550277076,Healthy
5.486453951536668,88.44847811138575,111.5167975665098,11.518064694668901,28.13794127162072,45.85159555483042,161.70151344772518,Healthy
4.460334930412377,35.996590559817236,40.35046161382137,124.88357966419628,29.169000306020042,29.81199652199554,128.74127728658374,Healthy
6.995222935751908,132.8115713264187,27.2056895423284,121.68560095727145,21.704505797411432,63.6523366091479,198.9270349944021,Healthy
7.11824389145133,23.766189748999018,136.35098037461984,139.7073050506401,32.064560994669144,38.10098554141854,128.2676830791713,Healthy
7.242524100593441,135.1914444672977,50.63034588570274,81.92563980977788,12.403964017678605,85.70894341353261,283.8987029816384,Bacterial_Disease
5.337010139287706,2.0798571510505304,84.19266960204246,105.166829103194,15.079889264314922,23.43167276248609,78.29065439446079,Nutrient_Deficiency
4.075553421072375,67.35759685435839,85.39740899402602,28.374066883022657,29.119583735394073,27.892231701671797,188.21163620102843,Healthy
8.82507684727236,46.671497336318794,78.46628750429025,93.45403455138374,12.163549284555888,61.67969007886535,183.41338159803954,Healthy
5.254465228455512,62.87727795023511,128.05740409297005,90.9625988260347,40.83180677468852,67.11534272615654,84.47241656468522,Healthy
7.380131440262738,79.89304105731047,94.4217499913616,126.16922301782574,14.975122965978088,78.39093316181975,123.50628735420818,Healthy
7.533149349393548,60.98248212177926,56.52262057469022,116.31098119747038,33.58719559295878,40.74085826017551,109.64208583199124,Healthy
7.050037085397428,58.0785590422233,120.73325383339836,131.38530476648683,23.692120460004883,87.34083265706334,51.74971800614679,Healthy
5.564536971068241,102.58127815786291,25.348805876235016,121.63668617822505,23.992571163978695,96.25138718190266,143.1885637894632,Healthy
5.355481268820329,96.02267851210505,76.19314606545845,121.61714528583927,36.77113350139003,59.92314428758909,115.99867590655244,Healthy
6.988341413513515,116.6579794850187,133.0770520721259,8.921265736420558,27.481174696051987,80.84250919758409,53.495208020147814,Fungal_Disease
8.330478168058457,34.99425737352938,87.55566818325778,118.43467337743382,35.39794122753532,61.98786836350342,134.96401362532845,Healthy
8.733668644616978,85.3339913655689,114.37558306648268,85.04697523043654,27.681693006346922,25.55736235297685,126.55319047762174,Healthy
4.529529022018788,81.92726995499955,91.498501576327,53.262223247234566,30.75168694918422,46.08892102740968,39.409703297837915,Healthy
4.7741430629886,51.763293522176426,117.51192089530466,7.9120474143287245,36.62501197543825,26.9989351701612,39.35626257540326,Healthy
8.723681293915398,68.04805586637532,132.2283031783341,94.87432846752654,31.255806002244636,99.11032954040108,194.25221395370923,Fungal_Disease
7.682676141673963,43.92950006280202,38.209041854583155,45.94824507526644,31.546528828607602,38.32207296587018,211.9742414151312,Healthy
8.414969124148865,19.858215666377927,23.75255137594064,65.48867709804486,37.62268569996581,70.8720335532575,282.35412597267145,Bacterial_Disease
5.013163170676716,29.932169492782595,67.75870504655559,95.44198118771881,43.21803855367806,42.74760815559499,26.101407138329947,Nutrient_Deficiency
6.937929355547009,14.771910496168152,98.26073975539022,127.64843658338,23.185065387736785,72.25969722847407,35.358447713476046,Healthy
7.505697972087368,95.62974052661738,31.806775445510254,115.56116818469978,30.199100502908294,36.8321352696386,15.545438540373302,Healthy
7.400559427234863,92.50183503528122,0.5742030602233905,63.083598074503975,13.019560520674096,82.82160527280597,159.668529227079,Healthy
6.04075845433349,133.08489202118218,48.01091621713874,54.28964204249305,22.55813581991034,28.86492822693084,186.82398428856794,Healthy
4.076974458456542,102.15497791061378,135.6403069654904,33.56916343816665,24.421722906128508,91.61203200722242,121.0570355796473,Healthy
6.914630284021316,7.286417425858403,97.29544448481853,52.139745164635556,39.233306088841786,87.23373540326355,239.3706662883398,Fungal_Disease
5.265507695898044,123.79432435005359,56.18556215177135,15.546494220865764,27.96873407439869,74.30458749107085,206.00983080114003,Bacterial_Disease
6.251271230714452,120.77452281240161,26.960653628557647,135.95477117106563,35.58732306544602,25.393170171427826,295.75212628405797,Healthy
8.787905075419086,62.06484490817781,49.85255432566458,80.34844215434104,10.665259000898498,36.685522266314265,41.368494989903596,Healthy
5.995176588212174,82.02082707390902,23.777520662174712,17.892817991329807,26.257243436991047,88.74892765528608,17.494699302750405,Fungal_Disease
8.199008033322134,136.65096654615263,14.882814983813198,49.39284129722681,41.54611828072545,29.75795474420761,82.44111167081634,Healthy
4.942703028746256,74.52261093874327,126.94393216015754,76.58548010689184,17.850986825702478,32.47456770464161,5.715058595053213,Healthy
7.362302490125144,126.74505597265257,139.6710473725663,74.60398912972175,11.103276485748953,63.52026590044166,279.7834283599538,Healthy
8.885034772194718,11.625426093426102,22.976021543410642,4.97047162060853,25.169305679971675,41.9341951739475,91.18549760645263,Healthy
4.509465504364684,26.7472616192156,7.633158242959162,133.1177447920756,34.65511372266584,37.766055995514364,165.72905009143767,Nutrient_Deficiency
4.0415997111359605,61.7056920817845,46.16235500046973,38.552595406492244,25.906222739451433,66.06507454785445,95.42088986362258,Healthy
6.1679139631630715,81.86595316722266,64.63228530659815,2.2658536504647664,26.099240972894304,49.806134116642326,73.74258659664704,Healthy
4.463127415256836,114.27189926079203,28.674974590619627,10.702161253039545,33.44317644334118,31.2447917415735,45.709417192463995,Healthy
7.741921748381157,138.35669612004617,42.19948765179819,81.22728645471678,18.903608289906714,62.788301403637156,96.10977609874067,Healthy
8.572743319242795,54.4392095063763,28.121902996832077,19.28997289451356,36.31614270746921,50.96099226228982,184.62567912239237,Healthy
6.170104863543794,6.638189059611889,108.39647958054317,5.8414709994904594,15.35897358170067,78.76134194190155,291.4863599062583,Bacterial_Disease
5.293558210777205,112.16401046134547,99.76091205461651,53.14770529777959,23.85127118500957,28.220435385647136,167.42761211014482,Healthy
6.172016595033049,84.61330067159314,88.89321220653744,87.1865669276264,32.96028379648213,69.6490595156779,159.81271982970154,Healthy
7.617239089250005,27.796000241548235,54.21049999108867,15.657572677825733,38.99291525305692,54.919466155459816,10.578905431544062,Heat_Stress
4.045270807901855,69.27598392699882,127.26573178399303,43.865896501184174,37.70358749077693,52.48495000419233,252.02970470030783,Healthy
6.947269947423486,103.92343437472141,135.7345558149028,58.48649402743591,35.25899597576942,38.5830150406673,13.45241249927197,Healthy
7.066458424436895,107.85765018961013,24.30950376755768,22.324413690147406,22.568373423773686,22.43408225621689,271.8696822310437,Healthy
7.1884412344796775,69.94657767982667,31.221769797662926,70.85034578533941,14.280651070280335,87.81513554917164,161.60151760701538,Healthy
5.210110399904386,42.73003421804028,73.58834392005176,11.929972166247927,17.589197619254673,46.11280688275407,50.539981570210635,Healthy
7.570263616890633,136.32396148538908,12.77507969951434,6.5125894883096125,40.26918351017697,74.48728317838777,135.5122176019376,Mineral_Deficiency
4.456957431658882,92.870765533909,61.102775835235796,72.77695140171888,40.006597954643084,95.8069919821366,298.4953442049595,Fungal_Disease
4.996351682334004,57.153252708481816,81.45077706887942,34.70557618512259,43.30462983886555,65.19922384657053,91.52485561322791,Healthy
8.387350233272409,39.26485138865134,73.09029995922664,13.352333105723853,12.659602816343956,51.7717522015893,80.8379305645736,Healthy
7.693615753632832,102.3544176204987,46.327201630923646,59.347762248268516,28.788317984710964,41.461885307896296,35.40176851275177,Healthy
4.068727770056726,33.90568238312748,75.94241285080895,128.11970353243527,32.703906571648176,94.72350341179947,179.14270463725165,Fungal_Disease
5.241881301849001,24.03939845631634,134.2321335962387,101.3869425315817,34.873008197339985,74.56614544409143,26.768099704188874,Nutrient_Deficiency
5.072032414965823,74.17674445468984,28.842436600792645,114.18622814858387,32.535213225365055,73.22251146052477,229.80241914122314,Bacterial_Disease
5.354031640184862,40.59823497017986,91.6763901751605,122.0679584262091,36.95039864657987,54.09266601162216,275.7670542991674,Healthy
5.2377988513994325,88.04672028930611,6.07553718184726,136.16788379549865,22.581505170126956,87.60389702939446,279.5613333646498,Bacterial_Disease
4.312631478714229,16.511414482392688,9.298296627400891,106.85452029198423,16.280147024741876,77.09377496075896,32.37487586323133,Nutrient_Deficiency
6.294702582984102,91.69175463942501,77.2559513913019,85.17710907152716,17.160418025265347,42.65466174248129,167.47877920589065,Healthy
7.663667373930826,39.66151391967831,14.691485245912926,51.15962324231461,10.419254131455752,67.96629280200384,29.132956470649983,Healthy
7.033658623587182,0.03401082083178242,3.1285503797600267,25.430053118080252,22.261265523717782,54.41551636810125,171.60484244528917,Healthy
7.364358342990399,17.77104807438469,24.011819670723106,96.1323823576612,13.211041780799205,20.52721302637704,244.49417556287432,Healthy
4.405745892681196,130.70615289691318,79.07888393994043,139.29299805707186,21.252104247656682,84.60987452014379,161.3370486909854,Healthy
8.757453550883936,121.42964947615009,98.46773363265054,65.43021584664866,31.987352700818672,29.82642791357606,261.61614783200434,Healthy
8.192459169215125,32.70526448507316,28.3469989797932,101.31511153299307,41.3067319455387,60.79636048020913,240.5023064548133,Healthy
8.025451592478314,108.97206663636877,93.55632120914443,69.31294299904187,39.386190784668074,46.89809544678525,82.96450498197852,Healthy
8.114919025208838,85.2000230443564,25.546686353892106,60.47067927088673,18.84359741851519,47.3671232960542,189.03068486473248,Healthy
8.663552540663806,135.92665960298172,85.884039728376,57.44278589838812,14.692909976931643,58.18919067310464,2.2236379428394293,Healthy
6.721269830568488,52.30479233476827,57.67435518541184,70.64745561043766,16.757529582885596,99.7618483215796,118.81257477745932,Healthy
5.00141008933813,95.40448575240397,91.53193130670634,51.365392661152505,43.98453281662624,52.67037445051806,71.38805033528855,Healthy
7.083918039262706,8.8950011393486,139.30738534709462,104.8282650550531,29.231606788992178,34.58633838532579,281.13490378304584,Healthy
7.714407468339695,55.474628554296835,131.29437513255868,122.39808372281232,16.38757780502012,69.08850704394952,121.616703516948,Healthy
7.689586966770127,134.93447256634528,0.5994460970545079,123.60394293032579,39.42611541403853,38.9030166431617,196.21932852674416,Healthy
6.607245120834401,75.45732242301688,123.9614270107228,31.87781987961563,23.831693550939423,28.443930937036033,219.59448278208217,Healthy
4.34229359666789,40.303130466878244,9.308711324467314,125.42727942240872,41.472775319115456,24.01393376527433,231.96376160445226,Healthy
5.855564692150639,16.83793483800496,133.4265220623783,47.817172459714705,19.123699439207027,21.830501921574708,220.73255760525865,Healthy
8.603833042316786,98.49396762541426,39.455595073955855,43.30307316794167,23.762761558148267,54.4931718648851,86.74951829632043,Healthy
6.9222445487871305,90.27984608016175,53.48487625757793,101.74584803575303,27.67317169765296,54.13806238987149,205.82030901876664,Healthy
6.691659716278567,52.35141990452845,12.8293487246019,42.65748761208052,41.2415366931161,34.843632006236234,164.70284467868498,Healthy
5.344267571910968,133.1317892612168,15.718186166047342,7.415296785359415,40.40651010617695,82.72152430169675,179.21179943925566,Fungal_Disease
5.842244599582894,3.1083938182990445,101.74367913210475,52.306488123443124,30.102427460635727,30.3416502335903,0.24438519262646174,Healthy
8.476730445765845,42.52133922845561,132.20651300476084,101.00518405016885,17.762142842331173,93.2253754111442,77.47728028585696,Healthy
7.3323152376341785,128.9497280819414,85.50478929360332,45.774178837824714,24.117494010825627,67.0060782114618,279.2051090146967,Healthy
7.936935133761664,44.930961364721654,100.21900217375355,88.1382678393205,44.14715728779269,22.209310088394368,87.02282499171773,Healthy
6.271727115338276,35.31539673972385,106.67576424360149,92.41672219683825,31.27206283570907,97.03781005941732,131.40465667489278,Fungal_Disease
7.15123609728079,74.79085739037463,36.79399843741184,102.72304164168986,37.33842142934688,44.63530076366829,56.00219465872232,Healthy
5.241918043716038,115.3322449888753,6.3321483288300895,125.59826528353109,25.74526433764969,55.99799676622827,41.58076557110692,Healthy
7.5273041514174315,14.440546522970548,0.26218414868360185,60.5590298975804,28.620254641338224,42.741495439564176,62.60069059161153,Healthy
6.138006668516686,132.02289935040307,49.09089961356261,23.30049073274399,25.013393928139042,78.2737038427022,166.0941986600919,Healthy
6.212727574073728,111.31020336536297,33.80499194789025,44.649600160464516,34.60223493216888,58.85441765756309,275.7085954170324,Healthy
7.246611622884409,25.37503577721727,8.72448150688599,60.50341572435803,39.80148548604071,30.589836752200206,97.85975396885709,Healthy
8.681403107344634,99.68111456774278,25.133960949113344,99.94480570593583,27.757724012859725,28.336316188756303,97.02238566239132,Healthy
4.320031733043105,53.894221169258,17.42984575751269,1.8370975786286903,26.8303610522679,78.03003306596598,169.2421760660605,Mineral_Deficiency
8.123716186735038,56.32125493068462,128.08297328643187,44.20995368158305,21.910026348443893,38.96651239450172,107.02281530794058,Healthy
5.461915552060965,109.66061294144129,19.63740988428365,109.17796134270435,16.198384300292933,31.0234699710778,273.1248143951964,Healthy
6.219597272531889,134.7898731173025,75.27078495827509,93.92007846629735,42.87367030062881,59.954207759827426,113.35441279267857,Healthy
4.109566643875045,17.73182219860715,83.03483371570304,102.44359630198473,21.062790153782675,84.22122300290432,147.13267575584013,Nutrient_Deficiency
5.505230389171565,58.88823316303471,76.08852407920872,113.65350772148726,38.02420122509999,42.302619669850436,160.01678519112326,Healthy
6.513156213150652,67.33182513180249,13.867900790238316,109.65300064291472,35.03714574506159,42.11452893606462,234.62033853914136,Healthy
4.280880386737195,52.68365437369967,44.63177064507717,95.50564326138893,37.682116009734514,86.71050082083015,169.17178182446509,Fungal_Disease
6.455478646915826,50.846477320271504,7.177846544841458,61.55261453188268,42.78688466802358,31.826703565502612,71.74653004419723,Healthy
8.635553144292137,7.317613458623516,55.393787973484244,137.70376604294154,31.817976607731403,69.33820734292378,37.196161987910195,Healthy
4.526966090539026,95.97540687876726,26.40385037802288,79.67024738261033,41.42826201837156,96.40107863860683,281.3323640066892,Fungal_Disease
7.822203640377522,61.070018396806354,78.62855465981318,28.38768931163748,15.869406301930278,87.30425196618461,240.4688983917322,Bacterial_Disease
6.048355266879963,27.271132370149747,96.99317513887408,40.99379971466981,31.934940158487567,24.945218702378334,6.8895630866747215,Healthy
7.2758685726216905,114.24469032228957,74.49678042865891,97.09874383586579,37.02964645201144,45.59287012493003,246.45869529706428,Healthy
5.301182989926147,112.3585047412279,60.793137525595405,129.4635391279249,19.507439576046092,31.389957247409306,177.17933817143063,Healthy
4.797461312706791,68.09482793244513,54.22667891993694,25.020818088825653,35.92638304521878,95.93925101497118,155.668270510483,Fungal_Disease
4.802313071356132,41.78309256068648,117.83684753358052,11.528509404410087,37.24668901906829,98.8753252977665,3.6687537070676735,Fungal_Disease
4.352459728215723,89.33298161150333,30.71152910913781,123.41434672588086,39.09157846057557,38.79944164320303,234.25921691532454,Healthy
4.928233524506215,40.34129900883643,102.79056753404164,128.1389170477968,20.950901940857648,73.5759235863002,59.419504272375036,Healthy
7.321096924944841,33.041110245319686,106.04752546361667,38.69310834422593,33.85623065589082,87.33053856376947,218.39436395822372,Fungal_Disease
8.40845305921754,102.27205156368574,58.68800101790283,52.82000141197358,20.648864919341673,38.69442275315812,4.76047420974518,Healthy
8.070628427955809,5.645533560933098,41.622083891589504,92.42631964970018,35.866413562445935,35.0144507456782,238.90609489985584,Healthy
7.425671549372421,13.267585944843155,65.87580804643653,46.19020291794647,26.204078280099928,20.896881859782425,6.911840506512168,Healthy
4.552159317055513,0.9503443633025688,13.04994962497779,122.80221915780741,30.9140531084527,52.95699655532207,70.76787122175571,Nutrient_Deficiency
5.445937231479749,21.41204610655966,6.4302045120725975,15.06101837994078,24.55439935006991,91.95499699157732,80.48346375381404,Nutrient_Deficiency
5.549034376612345,9.658601219464325,15.62444792326485,5.31751093442733,15.66940244254385,92.2383719245079,47.25259143207792,Mineral_Deficiency
5.249784731988106,139.4123314891886,26.200304404711662,29.18806894399053,16.231033536187727,30.219450200721305,144.3174588586107,Healthy
6.575028298548616,40.433395793572544,70.58475484732602,40.05228894869566,12.714911754174707,36.348198442271595,85.10638788501267,Healthy
6.677769074398363,20.897521773694617,118.8791290625571,15.809722780442508,31.63254379025816,52.64378647476269,297.986392718177,Healthy
5.784429875855551,33.73947611942852,32.989926479956175,9.196660107690542,39.702343928357074,82.44996361309616,173.99063800963168,Fungal_Disease
5.76894579368218,131.05758001561884,130.92268150454893,105.78507989025175,10.729288919172832,68.94811868253828,169.94334751627215,Healthy
8.142777989530407,72.82243122341539,133.68710725090048,22.99871922631603,12.318382573092372,61.10797948161731,66.26088903193657,Healthy
7.946464241598428,51.07453348309996,134.24664467832872,127.94910786928256,26.011344730601863,67.35455073780825,122.6068316144734,Healthy
5.538979158403729,122.2748041072907,117.25878285468534,51.51995260273345,35.820225765886626,27.695975504183732,37.193398308000006,Healthy
8.568942219366296,55.29863787686455,50.93550571168088,93.88481336098836,15.519767564918295,58.213091380392555,228.75877567511588,Healthy
8.76407508501253,46.901199794077414,10.175747540367228,31.556296067632033,19.507796184221785,99.36506316313027,99.34777384604307,Healthy
5.6337127101502045,29.019553156962978,79.63462244730928,33.64518758886136,18.12021704486325,27.075691755127025,225.5897500179631,Healthy
5.772124743965274,52.891555347317606,78.21540215121273,80.45928840146054,23.966792653490394,61.53973421079091,111.50879997884263,Healthy
6.528170767109794,44.33580984236964,118.99660739534337,78.49000952043806,17.87495369561499,43.651940932589966,296.6271720344537,Healthy
8.705604062668368,94.82255430173974,139.43874713245472,107.62209192169138,22.340953749066355,63.19306374895672,51.33648667638654,Healthy
8.381597165711558,40.541578653901794,71.14202291842066,106.09386279719723,35.49899095316805,65.90550080269973,0.4571681649993886,Healthy
4.5128398129179494,80.8079644991586,48.328564345569795,93.89628705291256,31.38532369589662,66.19783184955807,178.44766241351573,Healthy
5.963653716357081,9.224903104476178,26.02623961787738,62.87827922508874,12.841359688709252,88.17670282487093,285.8859600263514,Bacterial_Disease
6.7668559487488595,26.78048193751201,0.6719754744319029,124.6896540792864,32.32109831860012,51.179793173892875,194.1162164717938,Healthy
6.5156623627577,57.036738025588825,71.27591694844308,87.16098863098182,26.697701004572473,61.308333013319675,25.71705682445429,Healthy
4.969315339684464,131.17289554721737,77.7726133383634,138.62778866473002,42.70979511474986,20.874271917419883,162.14411473986763,Healthy
8.294083855840773,52.81527800019736,115.49138717443564,114.7117745108102,20.125651098641864,83.16404812638135,272.8460808413182,Bacterial_Disease
7.384703914984187,92.97037696797678,70.64077550499208,6.203373573365671,35.4158246894706,40.759016590068235,1.95182036400382,Healthy
8.189541874259017,35.71221113899574,128.3055688132479,44.88314699124449,35.58012880655995,85.32440192324131,50.07366385133963,Fungal_Disease
8.293821396747362,17.784700636252442,87.93168672000097,80.06260030593324,17.752527335321556,41.251093310425375,244.3684668307849,Healthy
7.741779268328699,8.195124011207017,117.64707335095164,101.0057353020082,41.61282687398276,20.86307970099938,268.17213197324486,Healthy
6.196053006248587,42.757889795985186,20.762242873084595,77.0471096866718,27.191412015036107,32.38650545547574,212.14818626048128,Healthy
7.052733775077122,22.072543751567114,119.74705824232406,110.05825914470545,33.76091784112558,98.85463220577344,297.4680490919462,Fungal_Disease
4.801827030598716,24.361462722257386,94.52013962213877,39.571791386028245,15.10494456092266,45.584099675839084,27.064778875970795,Nutrient_Deficiency
7.368227087374539,106.50630317417301,23.832624541366275,25.74768717259551,19.023137094718923,28.705912161019775,163.70295475096808,Healthy
4.8962662786964035,2.2173299322823903,26.566898140441523,7.548335730567814,30.513749127802797,29.500704290060042,205.49841679427587,Nutrient_Deficiency
7.469747952550784,78.09341760296081,129.710086666191,80.26392424001308,21.16595439306723,44.827417124577906,210.79341611072635,Healthy
5.147990803769844,53.12459328308507,4.510150463052202,96.40393289456934,27.48925214998407,23.011603289341043,238.0453846032548,Healthy
4.5877565007511,70.9169999871966,64.75489206139885,45.66096039671062,23.090181978065125,60.9190870497563,275.28781352981497,Healthy
4.826422450714787,78.7962332100444,43.88654059077422,85.90178587982273,32.41938288254168,37.09927323914562,108.49243368513439,Healthy
4.009960676095352,43.871477224018946,93.11084159977993,7.302012319466094,27.050087697328312,61.54485131174978,12.889017842290752,Healthy
7.593698089267651,41.31524042579994,117.54811425965887,13.90106848155251,10.161347759060886,31.261137495937614,108.73257434428749,Healthy
7.662005245291896,102.6762589068868,50.45293701791974,98.24566811618978,32.73882932808844,54.388578321399386,201.48442901617048,Healthy
6.574666749566298,121.97877833696201,59.766292225197205,51.529758730421825,24.77425449675636,67.83334867209956,64.03682620009306,Healthy
4.806814005276919,26.961428544193904,137.468489830198,93.98676435442079,21.9594419171578,24.95999506704864,242.99188546761312,Nutrient_Deficiency
4.417771687553449,13.666626474920854,109.74831135508839,116.44095683918853,13.295136329912825,51.899944740084685,65.92933731684924,Nutrient_Deficiency
4.095644832186435,125.69141289488363,125.6085783304508,119.36714124665636,17.7129391698272,44.20190567917502,3.019020714052001,Healthy
4.828740884826104,48.98536491063581,61.42671089122816,24.103470365023135,17.832030205329872,39.22878531909072,152.4242322670738,Healthy
8.454277674915733,77.18443469279399,32.77066855777613,68.07998012918851,42.737932479165515,68.36277008675972,217.938471421086,Healthy
5.207684208508409,50.336040232800485,57.660885154103234,102.74974130854811,25.137954116129137,67.08335886123258,104.8966021610502,Healthy
5.771356636086078,17.612327088447184,100.25286849641189,108.35728347736746,11.472304652530951,70.45598453421549,224.66873986103602,Bacterial_Disease
4.526727422406666,82.50643029268193,15.320256677037104,109.85463730204286,14.858583878516232,32.71061363460171,131.52130023630247,Healthy
5.111806523740851,73.51971924774816,37.86567478631124,31.943426813281825,12.766143650651923,42.856739588986215,51.514385192020626,Healthy
6.596122853901026,28.41909828676761,6.529026064622654,26.954874481328268,30.610428657252395,36.7743022396063,27.167518139686475,Healthy
7.038763415478263,63.2616662513189,60.52868336733842,82.60174555831743,16.531752204838934,63.24028839982735,213.17614947220423,Healthy
5.226761570831055,111.57265056219042,115.84240303714586,103.75201168335076,27.44951740986216,56.8852551367693,115.71443628086334,Healthy
4.288660796125586,82.65965443510478,3.452916361721512,44.67953217478706,22.952172200449144,46.423499007420006,273.8321303771311,Healthy
5.955164345636994,13.56842578937928,94.54529375300324,14.658721960739015,38.13567320004698,82.88118470947465,162.0765175721849,Fungal_Disease
5.171016854631671,76.72300961207891,130.54942243192355,100.34449360741085,21.21713730428768,27.517899552670624,104.52972546621078,Healthy
5.09776961614901,98.38336190054216,33.16990061156552,41.95769639320063,26.03929188388829,97.99173510045138,104.69727809691693,Fungal_Disease
8.799314013567276,110.97847680930519,97.10887770187074,23.290781403641056,35.244994200923905,29.3235262252255,39.431359335794745,Healthy
7.08150242962862,88.07646100879735,136.51426615402804,20.681293975598432,25.167292242572376,81.84566500546956,178.136746076747,Fungal_Disease
6.784392215860479,21.372143035709723,134.71892842134486,44.08733665374028,37.76254376046162,49.45841513286655,174.65014062309666,Healthy
6.078875517616609,99.4242573226225,32.89008702408006,82.97492922792436,33.15895246828327,89.22097833054445,239.99810758094804,Fungal_Disease
6.144721667150721,94.8278584514123,14.046347449689618,50.176313417134324,24.368518988135058,25.933595902732964,60.35908874012282,Healthy
6.704525019190404,3.419763611688651,20.759555305428233,2.8926592230804227,27.639367399022696,49.977736815387026,87.23689274274821,Healthy
7.482149035180536,57.644673462634046,98.2849935874999,13.56718085489355,43.852120954476774,46.835472520018904,29.171390728674506,Heat_Stress
7.510730480909147,46.61303457473226,101.60624256345858,40.670454607806676,33.15640237779373,99.45256305804283,88.60266068067202,Fungal_Disease
4.858469538527248,93.71768899551007,94.39311862794786,92.35862750059286,41.674832909031366,98.84391959117005,128.43063472632022,Fungal_Disease
6.500563760383135,30.259013723528902,47.050974283913334,13.792110285594736,16.256547621487254,35.18431669331104,289.20852178619515,Healthy
6.05979047517051,82.72206921639619,23.768771566137097,78.49195949009545,26.913265468580317,70.3957568558671,195.919800862474,Healthy
8.35263483134692,127.84883465398413,81.30655287331544,16.784021915360597,41.80315844457677,62.841553592875215,234.86217893375863,Healthy
7.157094606091882,111.69233210920508,67.71526240610132,29.62614582891341,21.291422150449616,32.3498792992591,97.65296556614706,Healthy
6.662520332079909,129.00408307031427,102.03678059712249,24.106393857806786,43.86824693512473,33.42237648835385,43.353843842428944,Heat_Stress
4.576973210894587,136.9908353705766,61.790411015987004,9.41200897991347,13.39771216657801,99.14013827836438,77.01598257399894,Healthy
7.028189446617057,1.4938177808627873,47.40955725610557,93.98617443412263,41.59349095962629,56.21839948967462,76.94030729979633,Healthy
4.586019528401167,87.18377869284686,41.08700083026201,64.87649663404483,25.582424272305055,30.06410336000588,174.93459848802814,Healthy
5.68603287782876,57.7975156862469,29.605844806964512,116.34748172562735,12.581045779940624,37.18320309914034,102.44133973650861,Healthy
4.714209824071659,120.37962864691704,37.204492666132595,13.844717597524374,40.78325574051306,41.46784537988397,257.2196592999837,Healthy
7.4603682351218445,35.25405828127844,13.27626143817419,20.262610667330115,18.817907434318972,60.873381065489546,296.5633557709494,Healthy
5.031260569180763,137.34412847611065,48.55998153004454,42.904082389063085,10.778754392332882,46.843850360504746,102.98952157903454,Healthy
5.95929686594013,85.91911573612462,5.119773730814147,107.22123817143314,14.75324869492173,56.40094287119368,211.51808210610324,Healthy
8.478373888093893,111.09523631203633,26.097938603285755,42.80623524179783,33.069015966491655,33.31996408810902,197.24597457611063,Healthy
5.021581916994851,11.983937395187565,104.54786224672007,57.17861904981696,44.22340211983682,46.1382952470005,58.33874631968444,Nutrient_Deficiency
6.539025319793896,25.684103866241106,45.565658414727174,42.22449928160304,13.901174885423089,25.625327417420323,275.4025784461902,Healthy
6.09635830583011,106.17651422478845,93.55318237682813,11.231400852144196,26.16818168436667,91.1768218780679,59.832776156520374,Fungal_Disease
4.090620205228649,3.078113085505305,100.36378458361882,131.52070720546624,16.32227928316364,35.90019817348626,221.08713950090964,Nutrient_Deficiency
7.963790567864064,114.36291802512959,81.3659479824959,76.79545888996644,36.07627869355572,80.5520108342991,104.28289268229373,Fungal_Disease
4.345229531572999,1.9528626168676033,134.2176837911558,110.29664634596955,14.132061491663496,47.96414305626768,110.12447010269139,Nutrient_Deficiency
6.371275104884768,91.99663746857827,3.001581327235856,92.16999290594144,18.394461196831134,57.95178551518347,136.63471586668808,Healthy
6.80339147469475,51.11314883245282,103.4113710823399,71.99559906867651,16.8742088677175,43.300883156898145,259.3523934165419,Healthy
7.142132283072935,85.60927938068788,134.23013015165714,12.554955932313216,29.338192312844228,75.71530168858959,42.07558245336364,Healthy
7.443158146539378,97.44439697847592,120.7180421094115,89.98269633784261,40.56144322002213,87.5637135419766,16.370873350426173,Fungal_Disease
5.266361917613575,47.94653068608259,23.504976852701866,21.7518498311565,27.88815704047465,42.90161477916705,120.61224567413443,Healthy
4.049893883292247,15.114742735516977,45.75484287524249,58.01364370987873,12.038520847001493,39.37741149308739,16.675529742626427,Nutrient_Deficiency
7.61721831177456,9.75042148475719,24.143257582705154,88.07584008726025,29.718612570889093,74.51522123711175,206.28026491723216,Bacterial_Disease
6.678282996737893,82.4510431587567,84.18317093405858,109.51206006609728,37.913234976130326,35.61224484541767,228.09752250816396,Healthy
8.180588516036243,72.89174952277561,99.70631747712892,95.90632459920674,14.625466905651296,71.18718124878178,256.41371842597766,Bacterial_Disease
8.106941814503472,103.90814127695855,44.390327710828146,94.01469406764804,12.54489250206071,27.55424637549084,223.15267364507906,Healthy
8.216630838939416,71.3629714005512,75.53092035780136,20.86590928452905,16.573272214514915,69.61097279685498,274.90541810780377,Healthy
6.425473299897701,59.142410604323075,96.7288798099673,48.4579956100223,36.11302129875696,61.07253872083465,224.49033681696665,Healthy
5.668141979184329,55.73220495307232,58.98757432554677,6.007718172427181,30.708814683620055,29.11245724610467,280.82269196352047,Healthy
7.95779101295685,3.702566363673445,119.5621742637643,100.72676504470505,28.92081288866121,71.92829078916799,57.93323826280895,Healthy
6.256470565146275,46.978008237532,108.01699094029439,133.36203738443868,18.731796312111893,55.72457256272607,149.95893986031905,Healthy
4.917210982017172,136.6428220534292,9.053176139079893,36.97545462507061,21.62828083364008,37.36920406536686,298.1791799114726,Healthy
8.274870097807371,122.29778067179242,86.95754187271606,12.277539282723303,43.80597545301698,48.27073245617419,204.4734547628147,Healthy
8.412799383861737,46.112929384790476,32.945577134364946,66.57981074551151,18.421882935528497,59.36816845111437,263.59233539677723,Healthy
6.33154878070085,82.2913567092921,78.05255705341854,119.93775123785963,41.5575898139281,27.32433818115056,9.11813814985657,Heat_Stress
4.378498636548938,118.62154437496915,133.96438196861527,77.27638733804916,30.31860265602078,96.60875865026834,261.5273695705312,Fungal_Disease
5.939130449584656,61.77840714500961,123.06868063731503,6.5488010266158625,14.315376322993673,73.2449724969697,209.3139703716293,Bacterial_Disease
8.017688297313017,2.5141009250211344,56.63229643611844,136.39811367391243,26.35593323542738,28.20279850301568,51.226630196313195,Healthy
8.508870142731144,10.43146465460961,40.811940168209475,116.0109873947641,43.199205107630654,85.82897474627676,7.704286927078973,Fungal_Disease
5.017363712487979,71.45498098881893,32.81680421715626,18.423170787211422,24.64979593480755,45.80439447569163,77.97797343769587,Healthy
4.334868060126357,135.72151259462296,74.55208176591282,129.05168591049124,40.21852976762768,67.7439629370547,274.7320076978311,Healthy
8.386752265664192,97.04933591064149,15.994783456127886,63.096360404726404,18.97500431280977,42.17142732636586,200.43988161008593,Healthy
5.947024694894377,9.928266801399735,76.8985011379548,52.06571868049177,29.982275313013055,78.67247559316857,275.8407312849973,Bacterial_Disease
6.708804821337816,26.51052261086079,0.1867095287108822,64.54746627380635,39.534822037069084,77.84071800000818,133.84523474827782,Healthy
8.840329060253795,107.98524005035901,45.338948304418274,116.8400739619326,42.224095440939344,64.16347654979344,280.9881285705723,Healthy
4.332823639571115,117.80156639387427,30.790803936281378,92.32715496015001,27.003817850295526,39.27404739772625,138.8879446335017,Healthy
7.241590037260478,86.47724206640272,135.9706305945095,8.294783335961855,32.38908357509002,40.29630460097164,61.27641732550034,Healthy
4.370527112874336,90.21924374817432,101.81392473979706,134.06461195626392,10.104304577381583,50.62902373559544,45.4180392553342,Healthy
5.877344642332502,3.96724305367385,48.95147326471328,20.689778686964488,18.862815762968637,31.600973391702823,298.1435439105133,Healthy
8.019072725967234,115.9942363414112,12.998312114286872,104.37951324294914,19.7549236311431,47.012457055273885,100.15879844237126,Healthy
6.167361163778172,110.35852914391614,72.35208325668737,89.05911425993834,13.272255407905078,74.748368099865,48.01590759527631,Healthy
8.985911769514752,36.2649201744686,29.882703385645925,26.25392671251852,19.789325467494184,86.4676224047537,2.5225292672256483,Healthy
6.795296424733011,99.21474079517097,75.10013642577009,23.90249065582695,21.23927115703487,46.60658323946891,85.67086995888673,Healthy
5.605810763179767,30.079644899499733,116.95072958504495,121.84586311865688,43.906811384886765,38.68722066034912,266.7348430807617,Healthy
5.100556629523766,5.646222547211819,86.21095729419396,58.7572892899436,33.401083319629315,86.61140626681075,160.2027962031905,Fungal_Disease
5.752602671430809,28.15911596265282,88.73037873630031,91.6407119843794,24.91017777957205,91.2563221908737,189.7305154574865,Healthy
5.862666368797754,25.00804274560193,75.7442404687936,70.56994053993425,44.58190612434282,52.801721864965145,276.7173311671599,Healthy
4.343568388619805,47.28471954287861,129.81718856839728,101.82949239063433,15.363131208211392,22.15233230797071,153.85197543210876,Healthy
5.847870997133866,58.582929604564136,130.46637581888447,67.09393250550627,26.66179178756696,75.59692967153215,251.4839537557844,Bacterial_Disease
6.321192598696125,71.1954448096791,71.7812481502973,40.23318813577957,32.64717724671673,82.72265889465035,97.14998342290609,Fungal_Disease
7.613688761194023,66.74554257116594,42.80632820009062,50.8736719395095,11.945322206942695,21.441940253155217,293.130558852366,Healthy
7.2836474236080395,37.89444483514051,64.34218082312215,120.27087722304798,35.09496003290916,67.60246826732106,23.64416205373572,Healthy
7.543828276145772,4.083893600370425,26.118107707386194,65.52485700918179,13.495357352269647,67.069500659534,217.4488576539794,Healthy
4.041818409384286,84.71422711320109,89.08820414453251,29.8829065142453,14.909880800988693,50.296632699833125,198.1698860280883,Healthy
5.0883369979026805,55.404276178629615,70.01292700951265,130.84475433081545,15.589132936172943,79.98138606806702,57.50145175524508,Healthy
7.308421441999283,41.81410203425696,14.462066893859184,111.52406390977278,42.51114393294312,54.25432304914885,116.6531996539608,Healthy
6.419946840898736,121.37174599627173,27.67068935674615,7.793260447867878,33.91324407983587,74.14207614330913,93.84873503310193,Healthy
4.0265673783417295,104.54406309174237,67.14847386793376,139.85201467727248,32.93996253860865,61.369384370812156,28.347860499748613,Healthy
8.022473212159111,120.08717677214192,124.26245870064017,97.28973750161433,29.442272376274726,39.877168376227516,175.43640688525235,Healthy
7.864047866451687,69.29759125974454,79.29470088835363,22.43732386568217,20.248209954328598,68.52006904081054,298.10095366954965,Healthy
6.742095814967813,18.330375297748848,95.41490002918592,33.2034753818035,31.731139660977302,78.95267958766733,167.87644231601678,Healthy
4.332316628881361,97.47100105697814,47.46399696414736,96.94236737381657,24.355240196102393,97.91245387496029,163.5779720638086,Healthy
7.832575247662923,28.850329191204533,79.9975950261928,109.16654773907707,15.08956525324152,50.408715744193074,12.094112206364493,Healthy
6.918567938656819,61.77215367284035,62.63317516932944,33.46503204097286,34.13590516147066,25.157803573308087,41.76606700910713,Healthy
7.909799885789796,9.10011045284439,92.2781877672425,35.97563954589791,14.535375877547295,99.03769769770815,153.96572673067828,Healthy
7.7587349619792025,115.54317633921754,7.080579251061452,42.99689728208852,16.673400335741064,69.9045327540429,295.5535692552214,Healthy
8.015010359789185,17.631689746650082,69.06203027345428,83.72257107712915,38.619475914666204,95.71603665286153,262.98232063855767,Fungal_Disease
6.590040332023124,126.43365098690336,41.43896752015537,24.05426496217877,33.10409836438039,28.30616688088955,102.06273641195025,Healthy
4.701622590967575,120.992284316618,45.66590857890729,14.594047843868852,32.08469039747748,47.36270718963661,162.90127626843824,Healthy
7.3557873668984435,65.04158702149445,134.5284404181286,95.0409724719719,24.63709745199534,30.714935909817946,165.810666676241,Healthy
7.102368925259853,104.2115486025587,25.57727377959359,109.07371157104382,23.86981813837799,86.84081236656476,205.60818382865494,Bacterial_Disease
7.711265935995436,86.72231033454146,43.57433536100357,70.13011661831077,34.15919132148904,90.42741931434529,206.33461237174157,Fungal_Disease
4.849405030253677,112.43058992728429,71.38496060232205,50.936579437573954,35.9001938513166,60.104935990001636,236.93774651579213,Healthy
4.974875999501446,60.452714110027685,120.82377274094732,60.48597989370669,27.85746208275087,34.928497412962436,7.491307451904716,Healthy
8.452047586096642,110.013187794209,58.33381164889186,54.37709674207326,43.92442355219842,30.169517523176683,283.1040571912337,Healthy
7.749888992260354,64.74395438912072,104.14113932434395,134.39788715327452,43.44948456216052,67.05312880641654,21.018613796773977,Heat_Stress
8.541142443501615,131.73521029799113,119.89237375007234,107.53258673067963,24.435032150446553,60.51010596682404,142.848033443082,Healthy
7.793576605819603,68.09209411552067,43.40228981505885,29.13221007901544,38.721778899910376,75.5831281894134,275.8737829077128,Bacterial_Disease
6.98577652995151,64.76669807072213,54.985025695419395,53.78648128755721,29.014374455944537,44.4165810095993,146.30064876932394,Healthy
7.270663685139368,109.91006061889178,49.917871316369876,76.16172079083537,27.911456064501106,52.18943960194898,19.09105026993505,Healthy
8.44563961970005,115.02087684651731,116.59981320650895,85.81802068891638,11.923742148252815,21.70888590809259,68.77200594358176,Healthy
6.894033772559703,77.6284760049639,6.208560673504162,65.54574544402739,30.089114866390855,68.81144360604232,173.6000266105268,Healthy
7.161956621641937,25.171693889310557,43.1789524360152,113.41772890167428,41.52022756971076,53.85148170771822,26.35848536969072,Heat_Stress
4.782383580018003,65.48615233406113,95.11719806331818,107.46484272415243,37.304684721828224,93.58117070507583,127.10337930518894,Fungal_Disease
6.369606100580514,135.53015040735497,79.16208993914798,70.72210860794334,37.52110006447417,71.34290381638439,98.72797985742146,Healthy
7.581985559790494,105.41806702548591,61.0805103011172,119.62011414944226,15.597516350171873,51.895559315975504,244.56228834727185,Healthy
5.354713491581827,113.5627645430785,75.5927518109938,105.15253426193402,22.545730649674727,41.08713446986803,33.03958150063476,Healthy
5.011270902622675,4.5955698346936185,27.66184201596456,109.00145882089006,18.162172082758254,92.42279540861111,204.83953504763588,Nutrient_Deficiency
5.569134041122078,65.50032476878239,60.300327025121454,133.89610912067832,21.057034885947257,21.30120592939546,121.97672126277274,Healthy
5.207503139964167,90.52695871205775,70.23841778468886,37.30537176928837,30.28387702228039,46.15299738019138,176.32520414169858,Healthy
5.0745631851819795,116.20457570793046,126.16647707364423,37.47074273135888,22.767433467958675,95.4804467030428,61.65953157616342,Healthy
6.124254214340435,6.898311501588006,36.516922792556684,124.45331579668961,29.624423611249313,72.32264055852593,182.91110542848764,Healthy
8.53919256941767,119.34144398986223,121.49599030309057,108.11169227399512,25.347543689610195,62.617525702663926,202.19331822483383,Healthy
6.535298233693592,76.77613114386764,90.19379611563747,129.71637580098783,20.031544545740466,36.282777433634195,21.06946939832335,Healthy
4.939601904076615,27.62395588064839,2.8477163494641378,8.83822244542343,13.339120197180552,86.66998194035097,247.3032802748811,Nutrient_Deficiency
4.3848583469043705,44.415730302958,101.44838716591511,87.88599081662352,41.21434600706739,36.33592500742209,258.37623386647243,Healthy
7.480780725689626,39.47013724521851,4.977262856867712,20.247967337282642,10.398067810162704,39.8602825217,19.06621670483841,Healthy
5.913993822181939,74.32026480038661,139.63335775393384,70.54560776096156,10.057837084968991,35.34809142974842,180.9562464291857,Healthy
8.109154732926797,7.235995187558455,122.1691362767677,21.804570459482193,38.93792089172411,32.651956845561756,178.2034490916681,Healthy
7.2975538432038505,22.195062189989294,41.62812465560639,17.930991257883097,44.88838291140265,96.26499967830424,3.737523560532996,Fungal_Disease
7.9812072527068425,113.77702607260954,36.03757222753876,1.7035683534846413,35.448598969977965,68.16252769130467,102.7039241867854,Healthy
5.359730197092244,18.564558704553548,53.401751494785245,88.2334337336066,10.534584332200966,71.02697056080751,290.6777348141243,Nutrient_Deficiency
7.46179461230529,32.67547772413778,49.86337514402202,50.263166336612045,17.934157933397966,96.34603725430269,166.63522568062288,Healthy
5.320309923468594,63.47188478458202,52.12729457395335,14.726359883056038,44.01379450916865,38.44600441004501,279.96354082245153,Healthy
8.695342397251459,72.39692433586626,44.55871645672726,45.197288882383376,38.301148826084216,20.473403087815363,202.6933907632152,Healthy
7.181871407666872,106.9054671459822,86.9586769587664,23.652172803221895,29.83799453316489,67.9106919656233,8.517155466982928,Healthy
5.62255900087671,62.62653973326629,22.996912920887354,131.83727641023233,18.290124830412566,60.627588257932686,23.313959414517615,Healthy
5.347559311461363,110.58104694497543,118.43738094244185,44.80068400658874,10.502957207436214,58.212030191863526,216.65368661022688,Healthy
4.954632925358218,86.56848298636405,113.73634776438415,46.75349326051458,10.730151542309315,24.95041689969593,166.3703371107058,Healthy
7.473204794468639,15.833963519335143,66.70764909973786,117.58012047594198,31.41933022355793,56.35478932598276,38.14549937996271,Healthy
5.093578064989637,21.8864013749974,119.38219513899666,90.68580658004059,10.764115672334809,43.004765207255915,184.2188035060849,Nutrient_Deficiency
6.9765163296374455,61.184721562967916,34.600309804241064,99.42402503642019,44.77705496738805,41.965174177945045,243.08620817045886,Healthy
5.323175134626787,55.56451503246554,2.4591637985553727,89.04025255845448,16.418434172280833,37.790526414327424,225.8947290397836,Healthy
7.309844723969343,104.09619774922125,86.68910950417522,132.46747975279916,34.8747576654247,46.60226878036566,73.84873800962009,Healthy
8.074698642702696,81.30319957162926,64.10731697506016,28.98011641812632,15.42709024943447,48.250646011472995,77.45848999681317,Healthy
7.8901262157232654,54.338631340314905,79.40303648142189,138.4654938458114,28.903269738420008,44.7020621089598,290.3513415306341,Healthy
7.8042566546539085,23.90643968305399,125.90751726257642,116.33386485791185,12.821395096317614,98.30021725756072,266.2214406458149,Bacterial_Disease
4.93861202846126,31.75719432556932,135.78958029923209,82.45616244268791,36.83724485866351,94.61848684075898,95.5011943292616,Fungal_Disease
4.441924734922593,80.57014258566826,88.82343956578443,92.73202741547486,30.47223831536904,65.96080796198898,247.21634690070252,Healthy
7.494744142436928,59.28143268597095,106.96778257934137,90.83562271008597,13.015834269049526,98.48438707282479,48.52155891976363,Healthy
5.841736068971756,72.08985124049408,11.733180688202998,8.175471368281546,39.700516622000194,99.29584082553521,59.05233039796932,Fungal_Disease
6.161731132016737,23.894840942312715,22.500181884810786,30.522309794471404,29.145651517184568,48.4751768013842,54.3588161536036,Healthy
4.155745463966955,92.80687532823922,102.64867269341671,134.60592383346489,42.25573085046613,55.615003659179564,26.316232504054547,Heat_Stress
5.297882246375246,119.35542371983539,60.39116389432027,74.8110200403131,42.081818078733946,96.72494215877325,256.4034348484066,Fungal_Disease
4.16838201937232,36.111530950166085,62.4351378566168,52.969504456667686,42.21777263203038,68.69009594389493,173.64206946137259,Healthy
8.395928863006239,68.81199161645571,43.20507542896112,106.6853848744705,12.72248200701638,37.0343266269818,77.68682774818157,Healthy
5.216983416092653,136.57382606292626,85.02989368688414,73.43265197181334,14.23352166140832,75.15045346692003,254.59650981827824,Bacterial_Disease
6.786685847865041,46.65384367710187,25.923106358268363,1.8427880004656627,44.56970334006693,36.459694563687,240.79402781784609,Healthy
4.1948966033056525,83.30648828932657,87.76827910394539,103.0732635401165,27.066028748954707,47.14861949374766,30.28545543832668,Healthy
7.33423695652829,12.62739802803421,24.331839998933557,102.51045840740059,18.337491849020168,38.20481304762812,193.24181212049157,Healthy
5.615136728770469,84.84210034712204,8.935644859359904,23.120819695396413,36.93825709745303,39.59841727470738,216.55008045773118,Healthy
8.48959593478833,12.548448262646508,46.25007641786854,133.93241237938986,19.24998274243687,20.372446525342582,214.74820109578917,Healthy
8.440590944670179,134.2929609453351,32.35964788137868,31.347138415756007,35.45254908065248,90.45670657595615,216.94281235618126,Fungal_Disease
5.626453091808739,100.19277129012359,124.45882939788653,64.0849114335079,39.30500222474164,43.679239622063506,50.83733569471121,Healthy
8.504804478452339,110.3423703389989,7.6934835416077245,16.063034576528054,37.44921820533482,26.909950361823558,94.5259362806308,Mineral_Deficiency
8.980788367493894,98.57461050802915,24.725916960377198,84.45952472308238,19.59167328692774,26.95899245448708,253.25355255133871,Healthy
8.12707832061974,82.5620650507052,76.82074478162693,52.56315680800975,24.056650092773296,64.48146211687617,269.5175250682649,Healthy
8.224356738776144,62.987789351970754,67.3494067186463,49.44428470935877,24.463785113164672,99.43364404271497,83.75666596946108,Healthy
5.245043680545449,120.17227316654873,6.419282572458216,115.77676281093261,27.194552133656515,31.60179738161533,6.9058548533257325,Healthy
6.8835119942887815,133.9569934560288,1.0153399221202264,1.338639799066954,15.85804980390476,27.969742475972758,257.93008414983245,Mineral_Deficiency
4.336279569836839,69.86506420657139,138.32951187456098,111.71254792493914,25.836451764501984,55.064310432167254,113.12755134752479,Healthy
4.474589684108349,130.41490688173667,92.23685805023734,80.00279920473102,27.87740466804179,65.06650030726364,98.83906678798091,Healthy
8.994463060166453,81.66660739839244,51.15685832621796,138.05379188722787,28.609814880336835,43.55042871023524,104.0999039065877,Healthy
5.633196247129555,75.37378616550065,65.86051467285378,82.52205088459486,38.69651504945604,44.201767401109315,124.70892719029246,Healthy
7.740919560244232,63.62758261374994,37.31701686360017,7.753078780714109,28.10670744678233,53.958120147915956,113.47998649647633,Healthy
8.033325265134081,29.30028661421678,48.282329717049365,7.090345702121685,18.077437287978633,45.13164921204848,169.92926974006812,Healthy
8.290116355036146,0.5207525145282865,90.86622541754996,123.64141809205647,33.20950583854655,93.22652668548133,23.682083549457055,Fungal_Disease
8.988141487010783,33.81087175984858,123.59365184143189,117.76998037154743,37.90599504303188,23.35636570325032,291.46205829255456,Healthy
5.207482426284339,71.36124402449913,25.778203231365882,48.42461058148325,21.17800832533916,38.76561278962197,280.9353103416484,Healthy
4.201754134298499,53.19439331636536,117.65061075394462,86.5245477853592,32.58570751561618,84.6842236981937,280.32199398464974,Fungal_Disease
6.05595758997293,62.787931920368734,17.01792813255767,68.54278998778405,15.142829858110442,86.71664997319654,263.78328722457405,Bacterial_Disease
4.650403349144735,137.29075073896695,30.09891130237477,135.4029677190473,21.967420660232243,28.92440631713609,198.09789065451892,Healthy
4.112129445810275,49.03813189370587,5.204540326950438,132.99452612276482,41.822837534237195,97.90107600101733,66.33256882452972,Fungal_Disease
5.802134135707431,63.305611510415105,19.713660693019925,137.73746119570845,41.89578571068998,75.46838799192871,14.845046143911688,Heat_Stress
7.918691255376182,18.692177189394737,128.4224403649671,121.30282928879699,30.136360256007226,41.80744447868765,29.796319434529984,Healthy
6.8309034561253545,6.71408254117827,64.321424526573,127.33722270851418,34.582301130278736,56.48302918515636,97.19775013968167,Healthy
5.56388994605177,108.55733204294924,10.873220648969497,30.419029027399098,39.890539532207946,43.77108956543737,151.16490764873564,Healthy
7.271710027463598,79.895644510077,134.3617573254546,116.34095045856843,43.54936148594194,32.00177998835355,297.9759213554382,Healthy
5.160090901544054,106.4986728461453,123.05892308621101,99.23999584859845,27.14602541014193,43.29424517991321,130.63304753837974,Healthy
4.071907230360425,20.980791844117228,105.65555292153978,134.79011123592983,29.655150781911203,66.40735499916947,157.39382714741305,Nutrient_Deficiency
7.821766932182137,80.05602796557673,130.6861908726581,79.97665598196672,24.54745483267406,86.0775755868375,208.54717415642418,Bacterial_Disease
7.118715424320046,35.509946407792576,30.81811891700698,11.92340333947789,12.519367796975006,49.08232599116617,54.22019113433888,Healthy
7.8115131225048,31.92865436600279,117.09170102141209,83.63584476620142,24.798121535708646,47.83212324382734,279.8481004686767,Healthy
4.194690083438328,1.6136419674179359,96.59876748960286,96.1213299229803,37.6719568784077,57.44005608650581,158.71038175282027,Nutrient_Deficiency
8.18559813915326,18.247701299670066,121.76629493947637,30.844944019739962,38.1709924297035,71.56444799714771,82.87690368053057,Healthy
7.097631000181517,43.29753560995735,111.56761920396816,55.17587369178197,41.23319901076549,80.12930099458474,280.5326959016521,Fungal_Disease
6.816976753563201,16.363026482731467,48.5093088447555,83.79047796723519,11.801334681158918,46.143960383957904,187.63518556768503,Healthy
7.123070240572658,138.02018165753125,108.41579518241578,52.374803224310774,28.450410635322186,66.90819742601111,145.10691937476312,Healthy
8.32216623434182,43.2085707933531,36.74388241788464,52.49268041341295,13.759857077797669,51.14886730247059,174.04677298823225,Healthy
6.934682532794535,18.245352538325943,46.00290282392768,18.632129484191637,17.025976410801018,77.31198802907087,224.490665671568,Bacterial_Disease
6.904751899440897,27.871523795914083,15.10680041121666,131.70454123087325,41.50757758332123,33.17399364136166,46.361401107886,Heat_Stress
8.95339578532883,82.2784519678067,130.91072623726564,105.06921382931351,27.387694045039353,40.55398920410369,259.4491292109676,Healthy
7.78365083534284,8.96609334107039,40.74047087603942,0.17408144125428127,36.54907223138148,54.08483358741998,287.8520430894639,Healthy
6.211469027255676,120.74077821976196,72.88714512400325,107.18585976310312,12.253443707503829,91.15318319370941,170.09989552502236,Healthy
7.536985000164639,134.60995509320063,54.78659710526697,103.57129897210022,24.58892763736982,65.86606314805522,204.68125403927942,Healthy
5.946152358458942,34.54463889343332,134.3899368816902,1.3623344217732192,33.59840982325182,97.23168951851294,257.95004425387225,Fungal_Disease
5.144377312417495,63.01333760272031,46.90688393138754,51.744601665927036,14.669226844737466,28.262214822486705,112.44318942495015,Healthy
6.984259384438797,3.09882314412959,108.99641499917647,84.94467664557429,21.40362576869891,56.81403309207479,297.8495384647195,Healthy
8.640910490569757,89.69943146181102,119.7582616483652,63.38509126012502,12.259173175835913,53.52628240363074,204.1504107920693,Healthy
8.645697600077314,57.949648127362444,60.98490964733523,108.91805662087101,32.79689793043286,68.01649411247747,127.19960950739463,Healthy
5.709526390527452,37.8081852542178,52.944054023410374,59.56416656882076,43.98119406703415,84.95716869660626,203.20139250048814,Fungal_Disease
6.638387331108475,28.957195486325187,104.68441493056791,21.540815723537186,38.94659218999904,87.31584204664482,156.50400975403093,Fungal_Disease
5.058179492849306,91.56323087222646,127.80543724287277,136.698187398336,44.1118090882648,73.61556869644066,33.49247146150955,Heat_Stress
8.978155547494417,58.270384344524025,105.69044263011335,33.88559898864652,39.596167828443875,71.32290913964428,238.75959143079555,Bacterial_Disease
8.90558953933968,25.152300464187682,31.797691182861186,100.47692347578652,39.931853216894254,95.9223633635846,169.31267407587964,Fungal_Disease
7.247544648537237,96.47527140815536,124.36308464127875,20.041883632970073,30.20120183799699,50.694992131073974,238.7536673621666,Healthy
8.022070298387368,79.11011962513712,54.26143344115663,46.06176592975057,28.13883089946235,86.62266513507906,46.47358211023974,Fungal_Disease
7.5755008064185,120.21408769012946,80.6721176489108,61.88386518025933,24.218899324973965,93.72029816738353,161.5071470402327,Healthy
6.965791095197341,16.446625842709008,116.40098670097954,26.912480633788945,38.633321326605795,59.32313954121575,229.98728166387386,Healthy
4.266739984944488,109.99332427222386,26.37526743606891,62.99434069160533,16.37236642973086,78.32820628826403,296.49137027723947,Bacterial_Disease
6.273821712763305,94.29235015441627,109.83141899485744,22.002795218844998,11.967872053846762,50.161588533672486,265.3191829155776,Healthy
7.3739315108370524,16.101531155933696,83.46279170749484,78.26091545802463,43.17628379396363,32.71032113563233,259.3048881181918,Healthy
7.387658069418423,97.2749021820409,125.06782985586516,92.91985535282716,10.132236482121698,66.92031051779402,74.2380414439194,Healthy
5.865613092111918,61.816620443176255,24.075856258096014,8.740799763921508,44.18902626565481,35.71773206796255,251.39538051271424,Healthy
8.708459933290152,132.29786997781804,58.89551318572998,121.95849695150353,35.5098679455818,56.607930464309526,50.78438326288892,Healthy
4.836785161183905,19.825589086505904,116.59803300135724,25.91972390588497,21.497462189423967,89.83034506626666,59.43229936453006,Nutrient_Deficiency
6.501797231077803,89.99667471420332,2.6924384839464244,31.55073954484533,34.42369450802086,26.88145500509444,33.035023123041604,Healthy
7.454419882754114,53.47720636481243,15.708191347189999,92.58897761162882,38.625630501479456,22.434282853171972,257.27895921413614,Healthy
7.485679029459046,133.9540538827229,138.67912978594285,65.62514846081797,18.587671959525256,68.51822779055101,32.476348935395606,Healthy
7.2431947838440776,46.1964853406387,39.25518500264908,69.91538388394919,36.981348914785364,46.48490612759161,41.43344392350301,Healthy
5.376441067259301,134.70602732885203,136.57604712135347,17.941697838838575,38.152936875288404,53.43501655407322,73.76614502471574,Healthy
4.78103284343311,126.20801915410487,25.554417141214348,112.80301506269716,18.72741205438709,52.45684709266652,171.7987227361923,Healthy
7.179701634133554,37.85365294349189,50.55322202102699,86.3875944545894,11.467422403229424,26.929618320765087,264.0540555901209,Healthy
6.996510580697189,112.49584875569988,105.40172223049989,18.953486063323844,17.144279959533417,20.285314614367564,125.46844657667043,Healthy
4.896780051446205,139.38458825249083,92.08897701334499,52.35991138358344,17.022624311128805,91.87385942914115,163.88578475753556,Healthy
7.525695727852817,35.37282030397953,81.35713599006777,113.45739058290422,12.28341589614191,37.42388487229971,49.94681998717589,Healthy
6.275859958668282,61.148803705264754,74.18588461270106,79.5697064381269,35.41025846293186,54.08631934914307,79.78375676933749,Healthy
7.338802958015765,72.82530311934636,118.08166211306363,15.210829078610267,23.299122356044286,97.75406373368628,40.17772874573248,Healthy
8.186835398850754,41.290359012541,32.89279879667498,52.18878641050014,40.95351586088504,86.14100655869218,122.97565346012692,Fungal_Disease
4.848642142884616,2.1370775504441664,61.94592977909258,33.97721578380284,18.82598869828151,28.634468421016173,177.10069760345772,Nutrient_Deficiency
4.095724339984184,30.818094187653735,21.76332090190402,72.44517751152169,25.86312577849746,60.681522529006855,85.20585901003625,Healthy
7.895512931978934,39.47116380784618,83.43182340229862,118.07055804207853,32.3656100124367,78.40632211960128,253.79875667243778,Bacterial_Disease
7.04848712576308,62.1039581845462,35.07621939798482,61.07739887261877,40.71127323851223,75.871422799937,294.3715053019903,Bacterial_Disease
7.498197848110609,23.954346977876263,46.73788900807401,60.66788425156523,28.36173855667812,80.86734819235761,36.0464556943743,Fungal_Disease
8.190774874943212,122.25560993683416,65.97510032729394,126.74912632578517,23.0733619734334,56.59637239104282,5.358016804597243,Healthy
8.014054674122502,98.68755858238706,3.7478819984378986,80.66595775101814,40.34552774652031,34.073834346422565,236.93307221843514,Healthy
8.804600734644124,11.928066858352677,12.871311028917273,79.26675223563696,20.858624864066368,57.18979551354981,57.19280334100346,Healthy
6.679675394260591,91.01294315959039,96.03009089915075,36.66738486255451,12.779829487140177,71.83097993386336,105.9439777982577,Healthy
6.442478163299527,91.51190669678685,60.05579730045101,85.08118469719768,25.5764737628584,68.68736692841344,118.2693654827431,Healthy
6.00943599945365,133.87096431010787,121.07063107998536,80.6274654384355,37.478265727429715,25.641764303088593,274.97981667028336,Healthy
4.768455214221023,0.4229219898625747,97.25408051018792,55.55920584786095,11.077329111373308,25.196194726575342,197.65146472984858,Nutrient_Deficiency
6.863036164410112,34.71054297281301,1.1341318306251424,138.69737922588527,30.505878574635723,97.22062649241695,12.182847090867222,Fungal_Disease
5.385062621629894,129.89080711254417,86.33972630739888,123.46473509273214,30.806241698453263,32.144436403181686,4.44307221424638,Healthy
8.606537561064878,130.4987481557596,13.121481248360299,104.94208061075418,42.49896171995836,43.55699712093775,59.87042925908405,Healthy
6.915954021385488,100.88209871188923,109.3306451706692,75.22838237782007,20.026268600075763,81.41075857249324,95.45158226181341,Healthy
6.964200902540551,107.2068649466556,138.81107635899028,64.68837226524823,19.759281462374368,52.77416606585399,145.3571502259797,Healthy
5.774623304385051,12.807614110150595,74.36783119381161,25.88563533124791,25.416927796888736,34.51718826080261,251.35182369265664,Healthy
4.259946759888537,71.94261686895271,95.58913002717826,42.80324636204732,22.49202155150303,57.378590584782515,94.44532681042784,Healthy
4.158718826864943,32.421618780459916,33.223982525265214,108.35451197524942,35.77210519412644,65.51599766106926,112.96116578149659,Healthy
6.116675720765987,25.370526105906418,61.2636841255311,63.5248535512572,32.46132269960424,56.22132874224605,98.80137900289728,Healthy
4.422826890486189,113.44246187726655,119.85334651309371,123.51773231973019,36.56223632671932,93.51568603776872,2.689600809871684,Fungal_Disease
7.0342347777006955,18.90533913527664,23.43921268447517,20.707559088374026,38.70146269195412,42.77594360796034,286.5604617354359,Healthy
8.404865028198287,65.61122917949393,37.174984785926696,71.16859344190911,42.30433964569517,72.90657285597368,41.69876524094214,Heat_Stress
8.41457408259361,131.40095354204462,62.36071454004423,90.57519576298321,25.08278561246267,28.983577712791817,86.3002434609741,Healthy
7.295227050661162,26.01648777914796,99.71484485816195,72.35878388310964,44.464408631504234,51.38283661312212,38.79099062893254,Heat_Stress
5.056159157364655,136.91907932335283,52.62375367139433,124.4917648218982,17.548128469127846,79.27946012679789,147.1629468470168,Healthy
8.31498415679436,139.20031800654826,129.88251916962054,138.53885945607956,35.0027806681565,37.98535524715724,279.6498344827497,Healthy
8.43046717656604,77.78640165553641,13.223987177620684,16.216852167791764,28.690326105751623,67.18168365235302,30.21021528764588,Mineral_Deficiency
4.983267924764793,23.81998362480211,51.91258765627865,18.19368657076894,38.59152081397092,32.274962336724826,132.26907707654883,Nutrient_Deficiency
7.687130428853386,44.25468431172539,99.25357727997907,18.245375898416953,26.68696822122491,28.216135308909685,6.712453731473533,Healthy
5.432597744635615,59.42899657471492,31.638147192608944,95.36479344987386,37.43785223768509,61.85861991400341,231.26946641584445,Healthy
8.013201561764648,43.30539141015121,91.89783879215422,52.17465336941731,42.55590501266873,74.00087968688229,192.36784306632748,Healthy
8.986189499518014,39.288981182712206,22.990374151828433,102.66405257722684,35.630299314903056,29.069365298758676,209.90959911214506,Healthy
4.1501300266469645,136.11215929029007,7.837239880636093,56.76600620417702,37.163300017641355,93.4221001898332,141.70090826871981,Fungal_Disease
8.48682932895466,21.47107583820439,16.94220034481084,87.8649409864889,12.351140094304965,38.06178101579735,272.28990886692173,Healthy
7.11315266799329,102.66590722036072,130.19786963877885,107.7801207950451,17.17351817812982,29.598024652744,122.86723526178285,Healthy
8.866913095824106,0.05744052148448198,77.24512361153718,76.75022749168889,44.10063091762578,36.21591266801684,154.2255224361231,Healthy
6.325047587632138,83.46557371633276,111.48840856715086,75.53050266300085,34.2615451325588,33.56579652254736,208.5867666811888,Healthy
8.236939652856869,128.23202055356734,46.57163012670717,12.352805539988825,29.65071560588516,27.25397204903592,156.16819232863799,Healthy
4.311970342991386,40.31077317305066,82.97221070396253,57.50944400732087,22.84417306887575,83.8271387822966,56.800694374898384,Healthy
5.6763952503914785,25.973636536080686,69.29329871869882,76.40880145149126,11.553615042242127,59.64302197952888,95.1211854134736,Healthy
4.335082688756049,91.23517128297978,132.40331431632117,64.6773155932974,22.919756778744723,51.081555230294626,27.68834044164158,Healthy
8.876715667395352,99.76419702177505,104.66044904757545,126.10948002637957,27.461950565135158,96.05023415873065,129.78404916518934,Fungal_Disease
8.084869536359184,96.32427265327738,102.27596840952107,126.91428849672852,17.401082828541035,49.68067096518326,182.81762792589842,Healthy
8.262737106229853,44.70436320299237,6.489457720799134,115.06843328242664,16.059787694584138,33.35781808377515,35.5589832807422,Healthy
8.68982615716947,35.30833630230632,76.95375366051675,52.5417305522368,27.79457929751309,41.9234313541277,189.1761364410387,Healthy
4.425517430598926,133.8286319946862,65.37880354625408,100.4218812362548,30.506648246964037,39.117322687087714,267.8616419256328,Healthy
5.927987962566667,129.26193115779012,129.89791732486722,55.34038454974537,18.39712715990837,59.899302365064386,101.31711989565588,Healthy
4.355174445220011,64.02432538499484,36.027878346534514,32.56310385660627,30.558631605967456,43.32040991636592,66.60992886564595,Healthy
5.053965507750143,118.46714126161228,37.776683460753205,48.00637009712343,41.511898735600326,61.284893774908944,267.9018191525709,Healthy
5.146828885188362,63.32528686880144,57.588474843410054,9.935048659974967,26.56106403074738,73.54347399574311,207.58357076926458,Bacterial_Disease
6.345536055237893,59.414462530151454,34.07175987689264,46.448851260650606,40.008655935551346,82.18390285706063,31.618460416966155,Fungal_Disease
5.342810837268213,21.94681266390125,18.08574849322493,64.50391041656403,42.45450055866615,76.81262250137847,122.43358561851974,Nutrient_Deficiency
4.504890534088806,59.696847908876194,120.03807853111212,133.7673252693162,13.233791012798,36.447257316508875,202.22687992636463,Healthy
4.837455445470539,75.23837140397298,78.15871341654822,43.87748207074749,13.353405287987895,29.271977539420302,172.31516249263643,Healthy
4.736377817760455,3.150605840016105,120.59078065391935,126.34349548877289,26.66154640106605,63.396012728100075,185.56413580496192,Nutrient_Deficiency
8.865383989561492,62.1758207245569,116.35886715651743,32.040158615289585,30.583585551119594,35.91294329665161,170.14055219217784,Healthy
7.796462534592368,109.38987057532805,39.48592967055396,26.735645686294916,24.905921256276024,26.79469774172106,239.41840959146708,Healthy
8.83880732634781,95.20644789239778,76.68324220539836,72.6593639005031,21.425776964612606,62.167547438353374,96.12808703909359,Healthy
6.198702432539543,88.92197844095091,11.650478383609864,94.15159170163683,32.434794064415456,46.143534808623635,212.5387043698089,Healthy
5.391842408313283,127.33775998120835,128.1352637643062,6.2065151123194,10.072852932247208,80.4919209550803,297.32383274828527,Bacterial_Disease
7.991465986045934,2.5244813755322015,56.59678010912143,30.949221106610338,43.88256483023098,45.13533044387344,116.9876573343541,Healthy
5.631269590205734,77.98666206691279,55.11466574446299,63.7957133101843,18.122768086580773,98.2973709644651,237.3144943664379,Bacterial_Disease
5.496916868526742,110.22883877735899,42.38575188651345,46.340607037645405,42.098456900405246,80.68185530085665,73.83277114085132,Fungal_Disease
5.162529961039156,75.78695357817742,64.49292425949854,99.76695110876506,13.81551605870771,24.61545771910897,84.5690136852148,Healthy
4.6483948911211765,45.345377361253085,35.246314116362726,71.56248344578435,18.33305137156004,60.70981922850209,280.45916225506295,Healthy
5.28231530508383,19.0750791128769,52.479318191552636,22.45027478454603,18.220579538062513,65.00964009712882,7.781506874606636,Nutrient_Deficiency
5.776598742369439,124.25883005426678,111.99258680188346,125.22515310411268,44.865351647022614,75.62421685452782,65.22820345824879,Healthy
7.369971040728652,65.90673493426442,116.79577050192407,41.00679456767034,10.161019100405955,59.82374376270066,144.87620934360092,Healthy
4.312824211097258,122.93612757799819,42.58554686799226,102.35835525501929,32.387337325622354,58.67548787316586,120.55428651125592,Healthy
5.052534698326715,82.01929714064356,65.66202027739031,109.18820907475738,40.43903033712985,49.43508893420902,188.7509193705094,Healthy
8.045118201458383,94.38689632610011,122.33476867920731,134.8420780358543,33.52957789086579,41.7169107119339,57.816615108114576,Healthy
4.734609617918854,112.59656161298301,7.374266456157599,69.7910453133742,22.695683637593046,95.69601695813876,21.164101310559403,Healthy
5.7132257326126075,92.28177624401881,124.48029467940995,86.21697216502051,43.54082769460272,45.407733570749755,110.80001934142712,Healthy
8.3232946092907,55.72767769505128,30.685808391326436,46.88268108713472,41.27322641061644,25.073705966426452,157.30657264325427,Healthy
4.774626555717213,71.90867375001113,94.99549419001262,94.94510107768932,25.188422208733122,33.38277914347298,168.6005511254734,Healthy
4.41368417809095,112.42637345462317,81.55723749384404,64.87368802128476,30.06649724139072,88.58213088330318,180.44805706274002,Fungal_Disease
6.422689975400054,52.31104149221779,77.41170474649529,61.27133106141912,43.86317157318342,66.93067672987071,164.59859872846647,Healthy
5.512097556392682,54.337003947589594,120.310431465395,119.76545407625477,44.389612667426455,82.30244395016526,73.72559129135628,Fungal_Disease
6.81704182241927,13.39661624812016,14.220100110252577,7.023638089816413,25.74381465012833,84.70252369117554,229.36492079070052,Fungal_Disease
8.019024452417376,128.04182093104467,48.583923545589045,123.47473989646159,39.6572509850081,85.85891513688586,26.33407852181957,Fungal_Disease
4.685742440763716,12.745084092361843,75.35538448826719,119.28977729599796,20.569307943387773,64.0490966195687,59.50616386565489,Nutrient_Deficiency
6.9034954227714245,90.74928484279782,113.58043955244557,70.89127549865047,23.013450552573264,34.16964765592839,221.81340270573423,Healthy
6.52754380194932,57.84722703239168,30.302031677634012,68.62839958878796,15.768765904657918,31.85862017889134,83.91784023157551,Healthy
4.720393930065998,56.78671463576193,112.41017779239867,50.653031524968625,17.32146074718556,65.918753630009,148.04203248282155,Healthy
7.119992427644912,95.13725712017575,55.949387549151005,139.1843308354428,32.99056557907756,49.32114829485411,98.15932225666766,Healthy
5.368202089303859,9.39312256818302,26.44793990071736,15.563706585537771,27.87735663024783,64.64385929966139,152.09436348480097,Nutrient_Deficiency
6.439171592720062,83.11880961320085,106.25810166208757,82.63013298800499,18.0896151218961,59.87822753902918,103.99673998420951,Healthy
4.41136162138531,108.08445003612967,12.725846206436696,95.43542261573839,24.101836572657838,68.17584637580387,298.2623969718151,Healthy
6.297920286068115,115.94978610412319,72.06743237056202,130.80620115037223,23.061421095228862,22.568943258925227,107.243276807444,Healthy
5.532317340214101,23.87425451512854,8.942609740664377,109.22848955994661,44.5576071587367,22.62693445040987,188.11482521929364,Healthy
8.111906055926772,125.63866701094432,49.89849972209026,90.13860839361655,39.874804302398275,77.7276136678807,266.5029652952632,Bacterial_Disease
4.284893634986841,91.8604528586419,84.15075186089497,16.353724353697174,23.57882166843385,35.45017950581759,191.38049830942512,Healthy
6.09303637459165,123.4596721148956,77.85617580820983,52.32269235640543,41.98708026136116,72.1758769753645,169.75717653288257,Healthy
6.2921571206571905,67.93930039542775,56.651758506653316,19.437829956717934,21.99223870698599,63.72607286331636,170.76883642686246,Healthy
7.625030381495594,75.88466831360829,60.0667191560962,123.36978254517192,33.37655294572008,98.54355771236987,148.93821327701565,Fungal_Disease
6.871437875451055,128.66535878401396,31.747737469107314,104.94696177891001,43.83274988387394,86.83247031064498,242.27412042133653,Fungal_Disease
7.336061685970905,125.98733606965405,63.82356237937441,106.0551501516121,23.65976023959933,53.050761706507956,15.12722350841459,Healthy
7.885246428258781,62.742522271660285,133.45567980091678,91.31591248829618,33.79597377867268,69.3130256074532,265.5389723787983,Healthy
8.311014868290943,38.417768428995444,119.06340848973066,70.98609517113935,20.357333387192163,29.383156578037763,175.88766607369283,Healthy
5.569377483612352,55.04386083899698,20.332601670688135,20.995948324889607,19.32093104592911,50.91088343699048,254.66196637672448,Healthy
6.690113526819514,54.287005994164964,4.16931022492893,46.15728413870725,30.09548332510432,78.71101928718994,3.117810763262563,Healthy
8.200540392196,40.161362497591156,130.69340378032828,19.168210946764678,44.27426093116264,69.81372673029229,260.7829211884853,Healthy
8.947255654825282,37.60114460661532,73.74496498330467,101.48783999932805,25.859684705205947,58.75770595018863,36.04125575198006,Healthy
8.447596555218816,120.54881110716072,75.29729524090308,22.432028643080702,42.817293961080324,34.12232832421353,216.36540191771977,Healthy
5.857336313121884,9.780668895852635,109.30051939891312,98.29589702403598,42.00272320856666,84.25167409260357,124.95641786635312,Fungal_Disease
4.975832586093252,94.86556549394318,44.056456341985715,96.91575454342666,18.881691432074817,41.853328352926155,204.32171732937732,Healthy
6.4469626870329435,24.19480720390332,67.46705963704031,64.30262705878044,24.06367924795146,85.63832653295276,188.45692130320927,Healthy
7.708207259180211,48.23082507516885,135.61280784054327,18.932011576527323,32.51558674729641,68.92872502359948,49.01896412017255,Healthy
6.462845353766488,8.616024778877161,94.100816170537,44.07211565876514,28.131605954398708,49.818514235902995,154.38412933426554,Healthy
6.4159043165683425,37.79630915976469,21.52430447941003,44.8130352705772,13.358548545211102,23.24841775679932,83.16914195836222,Healthy
8.191152105409003,107.5789499564139,18.65174471780946,98.05391864006108,44.77943105445054,38.593507547550146,168.13105285440372,Healthy
5.807018895335932,123.90214543661621,28.597066166620756,15.924022717921407,36.3428900423948,91.12567403905311,221.4009849158532,Fungal_Disease
8.298973374058228,31.013801266331388,107.33963441890046,116.06961047025271,25.31929133786491,85.4379475116574,24.377524374551374,Fungal_Disease
6.034024004758618,64.89669749624906,41.35278053768624,106.54102062602796,31.635899238320196,65.98826503472783,154.7287270593076,Healthy
5.6411655283916975,65.8453667112089,2.99443853451117,26.082968544398348,13.065048604318054,57.305797116970155,185.28894622867753,Healthy
6.269949555998495,122.30054280636278,132.18441089079266,100.68301344904452,27.33555787913635,71.77141434640873,88.61023607916415,Healthy
7.812234793374342,106.79186740261275,23.759878295287493,93.59184540549505,42.57913455361207,57.29985022746412,285.90104483880214,Healthy
4.630010139319971,71.83081057152698,1.3381460607296014,104.73691201552968,41.38103353192424,71.54438725753123,156.09084765204884,Healthy
4.982096079360087,93.90460806604827,33.198424333665216,26.449997762817226,21.8083295919101,44.59232797281263,54.75512695377982,Healthy
8.75722412831546,118.62970754731136,32.90403019653871,22.062645101905606,28.59787523374686,87.07977743291801,32.336478539785205,Fungal_Disease
4.877458136906787,1.335453563576292,59.08073511840123,33.10775802918559,34.40842334306764,76.15343147722133,162.49786474960965,Nutrient_Deficiency
6.838636589655273,56.4046043470068,128.85457641000517,51.22203844085659,21.900324341776688,46.39805027421534,112.5715143380787,Healthy
6.896572333309689,127.014043418791,123.08588848907371,111.11309734501216,12.270772633287846,86.45328918587529,57.76412933051539,Healthy
6.4481223102512235,103.6438243181532,63.96523769753991,103.309351247039,27.690457985123164,58.98740246825432,9.209546035732375,Healthy
7.2237262428840925,75.99779240677044,57.52598669885291,129.56322291899463,31.057250753816774,33.97110917899692,169.980024011364,Healthy
5.149133628988092,74.15023378491868,77.70127210647918,8.208138273806163,10.204456004252858,26.21699696028213,179.58007105009858,Healthy
6.763311338883741,48.68781366462129,34.0835616760472,1.6178793419859838,13.345138073848572,75.96845981097763,42.54078035444054,Healthy
5.860866276234486,72.87287470981204,7.305898875290797,97.87943615811187,17.25517252579533,89.20966433664086,180.5214149310913,Healthy
7.308336298145945,91.75364792488345,131.49137906396894,39.10024941118319,22.181830044682695,84.5953590875635,285.59182641227954,Bacterial_Disease
4.706117716865747,58.57082538003103,26.137857882804184,46.771045374734456,28.936792799070314,72.45208241777215,293.4886829969218,Bacterial_Disease
6.8543870841973815,99.98144049490436,27.776102094400294,76.55228362803172,20.284502156588285,31.31000444838144,266.5478809671015,Healthy
4.9263517769166185,120.57251181645401,66.14444603955266,14.337837237751792,19.66643350422763,27.523526078132285,242.12357425072219,Healthy
5.393215315575182,21.655878745880564,68.8258682776463,89.97721831672696,40.42722703345786,47.602369840938024,62.81035101399938,Nutrient_Deficiency
5.093549001617916,63.21658319443942,2.580789358103872,45.52064247236103,15.07677242804992,88.3928712319015,46.93055474877904,Healthy
4.914188899344086,57.12281277991136,20.713663428355897,88.58011740213882,27.34110466103261,96.93890162453313,133.48428068560634,Fungal_Disease
8.128554757803334,96.24507256696194,52.941674598503845,116.76096783027401,43.34886509276476,39.3088683877657,185.88952539556573,Healthy
5.428537838304452,34.98144513611011,95.72229709147547,23.955586667240155,31.875463719061603,80.9676536465376,255.2036052025134,Fungal_Disease
8.635618909322247,89.63512809331867,31.97858395647102,130.32223300803284,35.10219179630535,65.90953735257645,69.58891234104047,Healthy
8.849632626725954,122.84849384240832,59.22202247384677,74.29633974874213,25.09329469867125,22.54458936623542,143.89437015609977,Healthy
6.856302349685487,58.53842397110718,78.02830906030536,129.20988712435556,10.697625849190185,63.433307994635186,194.23207258705378,Healthy
4.715005613328632,127.54219799709081,124.40294924726089,29.08221150824894,32.61456289285219,84.47523223914841,133.67815636032574,Fungal_Disease
5.872741216897906,139.04292345068697,45.649870325797266,84.63877304459326,32.11734984998434,42.08982266752212,136.25810312378528,Healthy
7.98866131674107,14.852886992713291,18.698157220887694,56.54419642530466,13.864967276216658,91.78892991763688,67.53514830848371,Healthy
5.836953643485352,32.62744631788021,68.49811162566515,108.39110676184185,26.175589976862103,38.90083254997095,295.9982714733228,Healthy
4.435086091513944,133.05316520749304,104.54102423576869,84.82725204986149,42.03651306329776,26.117850611524347,142.55798502223303,Healthy
6.78392455464094,134.16587610739415,15.38036598738268,69.23216397416458,17.17796911901913,32.795144755165126,159.82258362164757,Healthy
8.225604257480175,13.67901855414619,59.455688837574456,127.81795690034122,26.13845641219386,86.96022949767347,65.56778738604872,Fungal_Disease
7.979631935717512,2.0997900527991353,2.48991977674768,52.79638898403523,26.138611482018213,53.384473523162264,154.2410154995456,Healthy
4.875615700651766,22.554003255899115,4.698285430615159,30.79722868574541,38.37665138516734,83.75564508973261,76.60486756029202,Fungal_Disease
7.363823072062334,139.44178967351476,67.61347085033319,85.13416615929283,38.86015546153056,62.49864487916761,60.70087541503993,Healthy
5.102521317178235,25.19994632549616,41.74762174113012,87.36398120419392,36.574429688218714,58.44472998355451,82.71667528288033,Nutrient_Deficiency
5.091037672760861,70.35666494108324,118.3150218607577,61.47324702006256,22.79089557158958,84.55305211939722,0.8278945515842961,Healthy
8.370358866525926,118.77848170027154,84.3016028577036,68.12540611651353,12.521292375648203,53.879008936990076,171.04533360050516,Healthy
5.248344763701151,2.8562254963488876,63.55061464401865,134.337478001986,22.231904202840493,84.16261848530947,116.24400165685297,Nutrient_Deficiency
5.316236732590056,84.62845751618433,57.110951947601485,102.57599679555219,33.79269204449689,28.052973197075648,269.6067057581791,Healthy
4.003266953806498,38.783562841747404,69.61436722653886,15.48424520756078,34.59613010711767,70.90486524314052,12.212152083756356,Healthy
8.353345170627588,120.72688830156243,5.661436369772588,29.698209921885535,43.77500733168517,76.20696452415878,12.960090256725032,Heat_Stress
7.962974066045674,39.684560896971085,124.99106989889239,136.58072882097827,25.877443100529796,91.92779169133941,265.76205519377504,Fungal_Disease
7.13664467545339,96.14580083946724,139.76244180275415,101.70517753109438,32.135245402910165,37.94591349729559,37.99339266130237,Healthy
7.751328819694211,94.39074854263556,25.408197480217815,128.10631766025145,28.87168047528861,68.33759040742812,0.6480312372005415,Healthy
4.760242837122459,31.009096840349603,16.853615068446764,42.540604958421085,15.271649603963308,54.66052509513784,53.67415911390413,Healthy
6.291617972937877,4.871887981569016,20.100844882803333,103.86136041212292,26.142086524624762,50.62173244352232,247.16285252928125,Healthy
5.756096936743904,57.29494032995562,92.5437881528114,99.9603791932916,29.0692304141148,28.537084416956596,240.8142248280307,Healthy
4.468882631285083,40.487041275221756,92.60171738310846,41.25659796151251,43.27623621147905,30.738666447595378,102.0396632530353,Healthy
6.43065242607462,113.25688494591921,118.70938271897754,77.11428556309875,22.82886690431346,86.9590769158117,200.40927517795558,Bacterial_Disease
8.603698251713176,112.05098638374834,105.25569437967546,87.83811557784134,44.30346860877922,79.98027458604496,152.17491220074834,Healthy
4.200295595253472,63.983353306967565,62.95655427170756,67.3584535158451,28.980502590842956,50.58729042328804,271.4204969537718,Healthy
5.457304567468969,84.91171154525065,85.79975061914463,115.80501893212178,18.486423515607015,86.27892651117047,16.927042625226697,Healthy
5.037704681028517,84.59633223816952,96.35985385152111,116.60166585171852,16.708253545553273,26.461294785886274,243.95373862098953,Healthy
5.190733268328482,115.80214077986727,71.78310583993152,119.08407676221795,14.95932210410811,69.98191336265349,51.179600828238016,Healthy
8.542172759396877,59.50033797724765,66.59113782322913,112.47929967374279,25.852650470070856,89.45408421714306,117.48626922952779,Fungal_Disease
6.340345271171451,38.56253517067127,90.31364238997145,68.33168680760025,10.767425042612313,87.10913848249996,57.587145430429764,Healthy
6.331497064699094,37.104888539676644,78.04643685659153,53.401361740861006,25.576584916020288,49.82262079534878,210.7843228782417,Healthy
7.802878212276411,75.06691909950858,90.15192274702744,116.39267972001188,44.59416422545812,79.61870824455913,203.49785392597732,Bacterial_Disease
4.772461020024629,62.88074838250976,85.79966835487095,68.62820419787735,33.45373785027933,54.197451641590206,164.36928050970806,Healthy
6.436326770500254,61.616907937891064,100.68751847191166,34.49199580791746,36.59251424201416,87.21105315119596,209.44891104109655,Fungal_Disease
6.149926070605298,12.759227472559012,89.99249122960265,71.02809452511028,14.16518867513919,62.460956012401844,191.86943418140214,Healthy
6.98455345273328,100.60452369662738,72.76394810121742,19.858975068693894,26.55853015215318,81.1885639284033,232.93261670528042,Fungal_Disease
8.997788516252193,29.9231363174675,95.45155357981412,96.82812868383184,20.017808535899988,26.285726583333737,71.82199538716462,Healthy
7.847244470410235,27.57350822922099,62.92747512595993,47.02897942734688,41.29341347961603,67.20207772870903,128.67378448221615,Healthy
5.989328515087136,57.786164838835084,33.833971636164144,36.49223178264361,16.34523652048694,64.0227341975471,45.487958806268615,Healthy
8.137765261370236,31.8889678264922,0.19855081874816438,133.9112244728643,26.05566644978597,68.79813773881281,128.8780692660582,Healthy
4.853541816562401,81.74015742312216,78.39498060041805,108.76333940616307,30.58167014209732,75.65132863324722,210.50752542610238,Bacterial_Disease
4.152318431544801,52.00486750682601,82.69173172520973,110.18973038135043,27.99143820524864,93.44871760273135,207.41734823530547,Fungal_Disease
5.022241862321366,62.84764116299061,136.08685506860002,87.32107569908568,39.058523478964254,82.85456654208248,212.82807098848286,Fungal_Disease
5.702057780571298,75.20370502456404,50.60696677319858,117.4841934714416,18.100860996187414,37.57103931479237,92.63025859330696,Healthy
6.552903787297799,28.49497314745268,55.17865399596364,106.28274736287338,23.208688864829192,86.07170154336768,198.66419213727715,Healthy
7.075645702705999,21.80522720117417,28.251941387906633,83.82831857870632,37.722950380088335,29.76637420920765,110.23989587668144,Healthy
8.55302858607211,123.25906640230467,9.874801333225067,134.55741625924043,28.48249941078817,69.77588685400556,283.347613831515,Healthy
6.549270047752288,60.72131839639894,108.19262900064368,26.823292955819223,24.074108497678505,90.62030465967545,103.00990976410162,Healthy
6.506378223128647,57.693105348555484,34.955349007505504,132.07316065926514,11.030488016069103,28.089764337192314,180.90547021331642,Healthy
4.2512150491149105,4.985701038197807,85.2466805442053,56.20134267984109,36.36848984054633,87.97541226482085,225.0437142576528,Fungal_Disease
4.174557763281119,69.71668236223505,96.28822497636742,73.97585767620812,44.026372728836606,83.88965873841966,271.9222287079024,Fungal_Disease
6.755799809581861,77.58376102554001,65.97313622083068,17.183504736203254,31.71004533209785,60.30203470712566,131.37858103617327,Healthy
6.190893066241722,78.2377219336533,122.68929582380683,75.61504144905072,39.97894272410781,44.71180818363233,108.14553246248039,Healthy
8.195901974901494,98.9843637052038,62.13127773716203,85.56894526014707,28.090651011822416,52.43505824572351,129.0084525949767,Healthy
4.803397923559226,24.847456898741648,39.88720722584711,139.67821585319336,18.108833789817762,97.49265085601694,97.10890546493425,Nutrient_Deficiency
4.124858310585248,35.31123879228664,125.44217321462713,136.5269375500137,10.505473648230092,36.13580449214771,196.1773470201942,Healthy
6.2451938396506295,113.50226513225778,120.6189997949939,135.29562086240023,32.868939365649624,66.36834302639161,279.8150292025752,Healthy
5.187392783761288,132.60388635807516,22.96559259069782,48.77432841428803,27.25880968868856,26.659259830294708,37.821301946810024,Healthy
4.248071866694187,19.03058463142489,3.634542569548933,138.7773098243061,37.37343514806605,37.43144513513378,168.2766194310471,Nutrient_Deficiency
7.622991434238145,69.67093763073055,12.597977888946897,63.76694122331552,34.31388461023566,81.06531104596165,269.2946176080993,Fungal_Disease
4.557964999786237,29.984675383542157,40.116635797534386,119.25707622666607,44.57833288722976,44.207923228842176,30.034363396805265,Nutrient_Deficiency
7.041597500038859,8.410243569697542,136.1163722438395,30.28479566265608,27.860940419421393,98.86128564501877,148.15962322988426,Fungal_Disease
5.405248750834446,45.570467337658954,78.1922614425155,70.81664515192433,24.951117638555328,60.0653634475072,259.56887875813385,Healthy
4.86748025177511,20.116267525789784,52.25664248409763,135.24169345786476,20.035889130375324,61.323146024619426,270.1356635136247,Nutrient_Deficiency
5.898757614596588,99.39063028079448,124.4202532457845,132.58439556927985,26.690145212694606,22.90517914685882,154.30564834587494,Healthy
8.007228881114768,74.72155791400222,63.43908640698995,95.72288289499974,40.55050173430227,96.52213996618129,7.485565340315237,Fungal_Disease
5.960467884522863,20.136825938643522,44.133407976142955,111.69400515742838,11.485390402710944,33.938675270753436,31.6917535283465,Healthy
7.753848246055279,1.2938223767720114,131.77073402439203,24.699737524336197,44.226501655016605,63.06724790483541,176.01502357237013,Healthy
4.627431483995753,113.14198686338977,118.93247326697492,101.03219692778204,44.76575180077293,51.65396879669853,37.15758193990348,Heat_Stress
7.863857098325395,24.667216862994653,118.11357255872173,86.52711316695212,30.923748250576562,53.24677605956846,44.82533307338124,Healthy
5.184666624533243,84.87032991090724,71.71986402702983,12.817243005174452,21.604047129339047,71.46401328288867,231.63512933463417,Bacterial_Disease
7.386965649444364,47.16906783074438,110.52137583416369,15.842260922554676,17.80671389127083,72.96709416739819,225.20761757265012,Bacterial_Disease
6.828907774204982,81.96803136410499,25.109470297037262,15.182106485176663,19.677163848970757,32.34308918864775,252.83182782764158,Healthy
8.645723586058438,44.19150777752536,80.25121405787411,101.40997087617698,11.753689927674015,59.96693224975138,31.7205409518317,Healthy
5.93661258987657,12.171538496915584,137.7384291986564,19.840129154660143,26.62888354691756,83.23819593134856,59.44346432904531,Fungal_Disease
4.330825944172203,31.213001198085504,40.734180272514635,65.48251795602586,12.006349480254205,55.46291868417836,249.88842895759518,Healthy
4.095777427756264,26.328199307070584,111.20932609467452,49.977452822886086,35.14659751715738,33.26435766612641,216.32628260933762,Nutrient_Deficiency
8.134292804863765,59.92270934155014,68.66697700912941,77.07057970783049,23.01753094364989,45.057355452535255,241.78683834841206,Healthy
6.623678188307161,92.15972967966202,5.5727956510922265,98.90670821071639,16.977765611150712,36.990365128405614,296.92370247237665,Healthy
7.8762202591747466,36.932850492490054,106.82271569419343,95.86115521098648,29.069874524261344,30.065397433186966,259.3294818467106,Healthy
5.172128000057573,1.6897909420865131,23.59968021489579,72.17278822801273,44.08157575350548,50.206490194828305,156.13897525492808,Nutrient_Deficiency
5.7254187275661685,72.65123099706597,88.40629939858502,65.00688230545397,34.32958671564464,63.27489945584601,93.23045543917723,Healthy
4.1505193610565945,84.8063285102561,11.992987166576206,55.69418331711622,27.211139753645607,25.82012202213054,170.90297597241033,Healthy
8.80746162287056,134.80186916025335,132.56143564943508,120.66739276261312,37.19200047390772,68.30586977825467,191.57596507033574,Healthy
7.339339533504067,82.52591243305456,40.84134420525053,46.3192526821703,35.8116765164646,99.4419552135686,100.59364237788628,Fungal_Disease
8.666025438796531,65.96415831293986,31.70505683483529,36.31121496344928,41.21074113702278,97.1299945616067,231.28111124540354,Fungal_Disease
5.327482037145361,80.27622762567853,18.079096569286804,104.06416911173798,17.163413165788164,86.33387855993271,27.826137797366023,Healthy
7.057318056128304,129.90608818068378,132.44030706746668,50.3668846375417,40.06071516905562,41.307289024192244,233.817855204513,Healthy
7.392499841463189,115.97294038423047,99.66652394178273,118.57980396601758,20.53591304645946,21.792607718349384,9.599555604584541,Healthy
5.587748501287942,45.21702267093312,103.83252442053241,45.904420609200265,42.9349624738784,86.68333623062809,149.38981821644705,Fungal_Disease
8.240546175078151,33.215610911999214,69.91663859323424,98.27227544044234,19.83728021313573,24.457618558297057,258.4309390449799,Healthy
8.735807314501239,36.76870573125031,66.46188993786768,6.315260879947053,42.439699010693666,36.45024651766163,25.948582206419267,Heat_Stress
8.424275588480022,70.61894556012982,15.40297401880673,53.978803215444806,43.7326750062428,63.55625723574275,155.3216809482509,Healthy
7.695334879696863,104.16692317200089,78.37775338175885,48.05222449545721,15.092197510995499,34.27024313149148,47.817431688394905,Healthy
5.38732339862477,70.45068900561469,34.568309315230664,114.33502349862927,44.10749591419741,86.70306650389135,268.44472501828056,Fungal_Disease
5.4080802105281585,9.491495415935763,136.80034659205683,135.3877564519634,13.00030389502488,82.17277570078633,249.70365811008907,Nutrient_Deficiency
8.81680160223019,101.30129806159732,111.52133160212063,64.5233787370146,17.64987253143827,80.46156045897999,280.1751729880463,Bacterial_Disease
4.05142247967846,112.83581801393353,57.81888842700426,115.47707880152613,25.545907330548157,85.29020927180612,262.4947024590281,Fungal_Disease
7.580249866210722,40.52970111676075,21.187776216814626,97.95725813403111,44.77590779990985,37.57614242116897,220.9659929597972,Healthy
7.531230812776311,92.97760349966906,109.94643675942976,135.43403827291706,27.09970679078828,78.31139009197994,55.46675867655084,Healthy
7.113447704748987,59.72286614761507,17.08752739138424,113.55519200799546,29.264330511247003,48.42252020734118,90.75078470067021,Healthy
8.950544230434328,124.47670980184199,26.50672548958987,10.846929234922273,34.3048732333277,73.34758076547196,149.05654749240222,Healthy
5.559397178818626,118.33157814250357,29.61287248419184,99.85944113351307,43.890274539553296,29.76173829049398,176.6690344544171,Healthy
5.699859318966241,73.56047976334992,77.96468935823322,74.96996015913231,37.41729900434856,76.4469264051612,234.65501859396298,Bacterial_Disease
4.3946970147327775,96.81077641390323,110.18793155865129,2.301048110525803,17.845390154829452,97.76861823206237,68.08788845611828,Healthy
6.213990682718688,123.66895814309456,44.00408302145691,35.183814221562116,20.604682573252415,23.4880292254973,38.48321824408898,Healthy
5.305242631174241,69.40038141095857,11.853773998540518,129.04573430376502,13.416988386298353,27.50631209336678,144.78305117809083,Healthy
5.7169335108882215,43.85510366843507,65.03538489341868,129.64859219014542,32.5558327457659,29.89094138704111,47.352423261876176,Healthy
8.172858951278139,105.51325930734137,104.73543376239097,111.83906442808882,16.325910728872756,54.4451123953041,208.12104069887167,Healthy
8.677422567637478,30.80927566985685,31.032938032234362,137.4491444589185,19.0091710967778,43.26241479464429,172.6892670275152,Healthy
4.928665360025928,54.39436072084589,30.78943672551239,112.91633144738869,41.0839779313132,84.55361228325549,222.33233910566543,Fungal_Disease
5.862544657767329,121.20181319495111,132.61178382853953,1.4285862199343269,21.436448636620533,57.90297913607692,19.030967896532523,Healthy
8.64315281057697,101.41912763770411,133.5815217966849,40.29680764221165,29.832635142395844,58.7629874150842,289.40926813326115,Healthy
4.309042303446113,56.5335407346499,138.6652024886207,4.287385513286801,23.914810307621195,77.3630481060283,0.0016610027213981304,Healthy
4.4618026405568925,30.064230337170038,113.07234422046922,13.175115623258321,12.591095059206975,48.95751860285966,97.63272450406043,Healthy
4.813954946031147,49.835574716513115,26.34578368351238,30.63771437310865,22.70023404638468,48.25657979363708,203.89043800987193,Healthy
6.976064170634373,39.77458089184062,29.67741291189659,70.49819648557315,24.28238710625758,80.55411101019844,13.542622158635664,Healthy
4.752361355029987,24.652500312139548,47.63153381313488,118.65448048468248,41.349538566903135,82.40333966694118,25.004874407282085,Fungal_Disease
8.840381907253667,104.06660789919194,44.538554386688716,120.67534586199513,21.355772877621884,21.15190180262556,23.004431168466088,Healthy
6.233572636292601,35.28978415902401,133.91388487092127,86.26826019802151,23.273439191672374,31.503238067258643,174.4529180162938,Healthy
6.507589801750832,63.58344582348693,110.47035760343711,129.9446314692729,37.40138690353171,37.04785449187838,268.77759451156146,Healthy
5.233293079027033,54.020322557055266,101.36123090261755,70.00872572262914,36.56348279240593,48.12803750063011,166.6310933136786,Healthy
6.354801262173668,137.49083300898832,26.034851368138455,124.46504617864822,37.93998468269718,43.31584667455624,181.07140568390147,Healthy
7.309568163185058,54.75291418075087,127.33357831072614,63.569135886481696,43.381975902660145,73.48160387106212,103.80049536239683,Healthy
7.755885684770214,11.197547591545671,115.90185313086434,38.811501039063515,37.84451244381744,86.25081870423665,5.622347596659683,Fungal_Disease
7.769340413549565,12.575605360091764,22.909857785909317,128.29780853405987,24.266287112626184,35.366958588481936,6.484415325364912,Healthy
6.889455563470442,82.70552098942908,121.96384647453615,54.310910595041705,38.75279809143321,65.03840484815586,266.4929899442734,Healthy
8.521798874969287,83.91089724335718,38.11465509186598,70.47657523822463,27.803612123147843,49.42530008648288,30.771731615894016,Healthy
8.087039236530547,58.6262586675717,11.321764416494846,46.04048855429481,19.719991138149787,60.46223000368495,299.9368115437786,Healthy
7.785240573493127,60.45811692368416,91.9551229119894,92.79726404070217,20.602097384585434,69.66062734267152,49.32678345338344,Healthy
4.2780276084023034,7.55056159772197,91.5326523138063,139.30437150084498,17.83448359971894,91.48798549456089,202.39033318655683,Nutrient_Deficiency
4.034389811098246,72.31651145449672,13.290481339186533,3.57189684106775,15.074753523691369,35.38341342618246,284.68664165427174,Mineral_Deficiency
5.062236385977365,70.66352655324924,44.63925325112153,125.9787208409942,16.457164414877763,26.960526964484828,108.68678329260787,Healthy
7.317617969567261,20.936904597972234,138.9940247157754,0.5496479784971564,12.211231748383678,70.1769535236282,220.3299566243968,Bacterial_Disease
6.055987444412729,14.537514055529861,94.97973338122317,50.99190336046955,41.09578027263352,51.53046790181012,105.25699303270054,Healthy
6.012031296496558,17.30014868392867,102.21052332446608,23.604952880532004,42.585273337719315,33.03221546343909,91.4823170284336,Healthy
8.422934441148069,14.143954508776194,29.808419984602793,106.02784929415718,30.536963737286342,29.366973388387578,60.54122477263167,Healthy
8.477814240659194,85.35914737514638,11.029489940548006,7.085517706004287,39.417134481303975,64.71278294992239,246.28047206965934,Mineral_Deficiency
8.54587632026793,27.507571336408606,38.76623656373127,77.48789350180591,16.42498859286015,44.03764756225564,77.21611908274436,Healthy
5.569390382575136,35.200221306244885,34.84577392704688,41.28965873834377,41.55858388294448,99.79411036687823,84.94744887175727,Fungal_Disease
7.455279063696309,24.300100181201564,32.836174104727434,18.7138348410583,27.72265458706779,52.47206554645712,299.6909226596332,Healthy
5.358165906371848,134.09694262279044,26.98560506418554,108.05454969436971,12.350774741194428,36.98292870121462,98.19313063359594,Healthy
4.953049165372249,119.64644484125695,80.46579669175661,30.438356795735938,14.945946057295608,70.30792360938223,126.83234664961468,Healthy
4.923162286736846,32.269277229212925,45.93448661785504,31.314529687691447,20.8141761275386,39.54039117524055,297.01663733245044,Healthy
5.71053810431797,45.85928114909764,114.84830210665426,38.51074991930922,11.5245153124163,59.52688345849289,110.79010362522789,Healthy
6.1497880988991085,29.384997922699604,25.75263849863376,82.14734693592384,20.825268230610526,58.60609469768059,109.84560217076009,Healthy
8.154745855275342,68.86263432451533,65.04778992159623,92.35323043670476,12.097565159161213,56.28461037725898,248.3143398641581,Healthy
4.59945546736356,2.7454745463955033,1.9120970996511977,2.464353318188295,18.26096618174888,83.68685570156599,93.57911054630762,Nutrient_Deficiency
7.674629236974471,93.9915212455514,67.43552514372689,33.861749055930645,19.298441454975457,37.32904011729471,70.13583109272214,Healthy
6.657274570946527,73.24214097446983,7.817350922706414,60.3359179507396,44.80291417283779,92.3445844056376,126.96307655259669,Fungal_Disease
5.4397267133799625,125.80944996215446,136.8812916621701,46.47677330257264,18.244133581728256,83.30724025708275,210.19224017285782,Bacterial_Disease
6.464097922664123,23.01497580597798,110.6828980110578,123.78389219152405,18.37152571285031,46.6497891394659,12.972907493779607,Healthy
5.499710348885113,112.57529444855844,68.61560672910375,110.27922232409863,34.037613892543476,34.44820050241108,112.17480816557003,Healthy
6.98040977619153,110.8745420253402,12.122230145109036,87.62463017543585,40.07751174807582,42.3628019605393,103.87347058375211,Healthy
6.169219614276221,17.805366490364168,82.942361710658,47.32593823958557,23.54693944107303,46.61089975272627,73.44550417860977,Healthy
4.822027645394393,55.798291380177865,106.22692509826285,98.09412827846238,40.64663069792424,64.55465350456373,196.2862007713035,Healthy
4.5829153727784835,23.821369760232365,26.700415420664342,118.10932179841122,21.9049707261715,23.70945350509201,86.9970241241032,Nutrient_Deficiency
6.733478410360651,35.660870064056844,79.54916771024871,83.27625283025813,16.895555786525676,93.14873038816425,182.0194677024009,Healthy
8.512065166430517,36.854464476276206,113.98952577360151,109.82460536507308,21.537358851470323,27.893988532888876,151.3010524363881,Healthy
5.719788432788428,77.87309516360818,107.55468887048428,104.8746945959647,31.32747308747973,42.341871528002784,65.15696124776957,Healthy
7.665000536113116,57.59753044646517,112.41888250140141,80.0432235624451,22.850010575922582,28.742995036237325,79.96981711265448,Healthy
7.293306774698835,132.68259256088274,123.10527948176077,43.705650355011535,33.551283139625106,40.533826122052815,51.18001599196917,Healthy
8.657774571547405,17.69181987258072,131.27549430232582,104.40950212017805,18.292755779786884,87.01390548870467,16.988764455287352,Healthy
8.104905086495704,136.31689887902783,56.772961728495034,28.951491290064904,34.5347512896202,69.21406491065939,185.75653893147347,Healthy
6.833026294527315,32.28940962999695,79.62767435320282,109.12836850601472,22.160342713696334,38.18585800715845,201.83660817430032,Healthy
7.285152491170536,108.20235109345943,110.69233364638552,112.63653689995462,25.95539300606771,89.74068238394702,49.79999808260097,Fungal_Disease
8.491932332920175,47.455789664194995,97.59957395240964,115.10028313985224,29.521079915501357,84.05696473747878,184.61771540582197,Fungal_Disease
5.997593922934674,20.031395358423946,139.37283195701303,66.20823593698407,34.01787511150978,80.29194258572645,294.6254220172734,Fungal_Disease
5.633973529288887,120.10448593447359,1.9148711546501795,26.947307487859035,18.35497921470568,87.81061587085703,22.32062848134664,Healthy
4.054055418175982,43.240525893104845,49.71865014421069,13.961304009249622,39.258093809378366,69.57197452146521,147.1112617496591,Healthy
8.132755370957321,92.23975659175791,39.34390967782834,104.0705750683094,35.26449624143339,60.11498881689859,219.91146409315613,Healthy
8.004903502016825,79.30211591212772,36.72421902317485,124.07659383417385,18.19342716583998,49.91480209371115,13.80275934891807,Healthy
4.522272590500757,66.0458833147224,31.15416954984401,91.11737023716694,44.124109691101864,37.90112163261587,233.48204819928472,Healthy
6.884286905663501,69.41472617079548,99.27733771413207,20.182408454371743,33.26789468606604,64.59293261175159,293.8533711278658,Healthy
6.319908490834437,102.51330797292026,11.866326258545058,130.88550279246036,25.834941026334697,91.15938765712707,26.546359059825953,Fungal_Disease
4.5935454775455575,12.28820797728168,103.82523675206737,138.47428203550473,15.513456394373073,67.518543119386,246.6689716397776,Nutrient_Deficiency
8.902841135303618,93.54529267410672,97.07961788227828,60.673005390889074,28.6627350807846,93.56854893765095,113.57446335362827,Fungal_Disease
5.073479437316777,125.41369419580101,35.1125785501255,83.27554049832797,15.767156038949137,48.55338956745308,43.234860730203536,Healthy
4.336170900452806,8.090347582780982,35.396729643122576,108.81199280023209,25.03220875442453,75.61103780219982,147.95796275890433,Nutrient_Deficiency
6.974236897509548,19.691467492713343,88.04048194823031,103.09457060700626,24.30493829588316,71.8932377970113,21.45562073436471,Healthy
7.694333385665163,100.3284711382844,106.70395476771489,135.4902068706829,35.197887552161106,73.63470752501935,156.63042245015527,Healthy
4.162217230235935,61.21943075424646,122.70798583223117,16.083632751030446,16.733411342848743,71.60336097926341,5.807036401214882,Healthy
7.293588193635111,56.49680691391637,119.2995389396266,81.3014812599928,38.765497420479605,37.73237399496934,218.58343250181906,Healthy
6.6614593797572725,19.17532883619302,135.08361918293943,96.8703987542329,21.414631445565803,31.487271862651916,146.3909057434766,Healthy
4.516325044375242,70.94780570049033,81.39388534711156,124.6137793862738,25.539601943907126,98.29026049856469,137.68189828055418,Fungal_Disease
4.86261938473181,17.716343567492814,127.21177858765034,122.3753478805411,37.031934144384486,23.623610307400096,58.8574481226251,Nutrient_Deficiency
6.839871486580402,66.72686388347566,113.19185825645751,136.9199710985806,31.88873398997302,57.41891896226163,108.37894673842973,Healthy
5.481788067566442,106.90614185463194,125.2534674039619,71.69098355127507,20.780887313067808,54.00642537134895,54.56082972649989,Healthy
8.69157864325658,36.15701010420289,1.6277241799513287,116.30652135385172,23.517102359105834,48.8015166572061,220.61703016072178,Healthy
8.093701147420253,67.31006354516182,135.22641886121355,59.819439137825874,20.702538489636357,82.55870828613676,59.70758982990818,Healthy
8.917836032568315,138.882235715557,66.29422279850696,59.123942899844515,30.8169558547005,79.62802306500127,185.0259981155145,Healthy
5.29835419475207,96.13105926956521,111.745618540478,35.468771026200265,21.64185866223939,92.41799388239522,83.88225032032564,Healthy
8.848618163989885,117.7899479827278,17.80857670728932,114.55322018269217,35.39941931740993,51.639002094953774,197.09465877699816,Healthy
6.156169348957789,58.078664918476406,55.43175341395637,138.01411481389218,30.292550550430413,65.13436223435677,162.1364876764027,Healthy
5.737593976568773,107.50052923761974,38.00449282293873,35.8878419686161,15.099731411162814,91.38456378736964,127.031589495816,Healthy
4.251747634846766,5.671284211785057,40.832227870131184,7.858422322950124,20.859401653795885,99.50784502843075,201.90025002314144,Nutrient_Deficiency
4.263826289298013,17.207565555914297,17.255786793123445,114.17594123866103,17.75066046685545,97.5435489892284,124.71662148246875,Nutrient_Deficiency
7.460056279733274,28.429883008808698,112.80693655602097,86.83220735486586,23.660962439301986,77.42750970149874,246.41118077250985,Bacterial_Disease
6.289644972170139,56.27326944613074,1.2939240413509423,134.3578320771406,28.05944301732771,31.458204624814368,218.87953747057978,Healthy
5.132608130180529,118.40428296560684,43.75076397792835,35.31349067077331,27.736700004943845,21.854880943442126,162.19169835392435,Healthy
7.069851531626163,48.477247110310266,24.417476050298102,9.943872120179352,36.40832867971511,86.01746851223535,263.1182047757991,Fungal_Disease
5.264290591250556,91.6469670921648,82.46545168516766,68.94191652131022,16.62101522605983,87.27536195934603,248.65854644041667,Bacterial_Disease
6.888158771722113,99.30400127248768,35.595336366036136,11.96524321512065,43.12654902541064,79.70887266107756,159.55181838614976,Healthy
5.796043734913452,82.0655295723678,36.25978363393395,36.65060015437904,21.9995787408759,42.39387887993761,20.53430811023925,Healthy
8.117761133059096,50.01387554381907,68.36734015934462,17.63690051468356,20.508709642064847,71.18542876788213,169.79890565977323,Healthy
8.103480803833897,80.7874678398962,91.37646550772959,31.37850515241102,33.981250236307694,45.299875345221935,106.57709686808565,Healthy
6.386751990612007,47.91718299056447,16.982658639122906,14.860251394994858,38.193082003907186,56.051859688073975,162.03388284112023,Mineral_Deficiency
5.754095546675078,11.742323397281691,24.57160334516946,133.54683991981994,23.24651176847787,50.59480679844084,194.139138149278,Healthy
5.8127989827954725,138.99255694604201,34.604464243232464,38.99877988296297,36.1396441212892,93.09120694320444,193.4515724551919,Fungal_Disease
8.02857262834109,17.805543508551526,136.32474997651448,62.145662038959166,40.930758464761915,38.732586459510046,202.05721305540044,Healthy
5.64089741398806,10.128773737048029,55.60134999200885,125.80565306879113,36.83812828224351,66.20887236590002,203.78058751350446,Healthy
5.04529686853423,122.99430488900182,83.85861268834371,94.82502231460641,11.196876994979155,48.87852232270873,32.78442561405125,Healthy
4.423441709376534,42.256852525005314,33.8159937802369,86.52524727864841,38.95791189781659,73.04568895313805,57.51369913718809,Healthy
6.333465604422042,91.04157637029107,68.66433352204831,98.7788466505172,37.10683354590286,65.165051294198,189.16230136270528,Healthy
6.41066049459921,46.0608021527126,10.376684414034127,116.03511599475345,33.42515833536151,93.91821450927524,122.451716619311,Fungal_Disease
8.204543552014536,54.803597911225964,4.8639004291257715,122.87369749924653,36.60078466807662,28.128972136097055,228.85549359172907,Healthy
5.10619348223032,36.69581608235151,65.62269375500442,89.96955389310371,44.279888854117864,37.65126718054107,37.47278467884965,Heat_Stress
5.904956368342,48.02616081102143,55.812300252577685,124.60101845716808,25.08895107364224,81.30783710648447,57.4568983261618,Fungal_Disease
8.042028694468454,57.49805608211604,19.163244756855875,74.95565383956676,12.352813223410923,49.502947191587474,167.5393927309419,Healthy
8.118118053744867,100.85824967292801,96.26420004890272,38.82071987757928,26.131148936970085,33.26270289829792,150.2244057803696,Healthy
5.923055379893841,71.61506719287085,139.00648872589701,123.21073924373822,11.625177938686678,60.265700739631015,79.91914619300698,Healthy
6.295620116433405,132.09913040197677,55.39055496753974,75.80619583783219,20.29876428309614,72.17136492891089,122.50297305154754,Healthy
5.516429454246414,5.863255137428571,87.43820902843522,126.8592622594128,30.540792712886564,23.586137132279887,10.494383416995923,Healthy
8.66277439209656,70.42956516848395,134.81663193102798,5.623493953081371,20.83680125241547,43.32975114939558,11.111432398312237,Healthy
4.593218828707902,81.79147043644053,116.41489614256254,55.65220521577297,33.98883360683385,84.75380301568343,28.478100847461498,Fungal_Disease
8.66874711500735,128.82757805039836,64.89731126237601,132.69270257074555,38.76952146900024,61.61956532881554,173.03773596016813,Healthy
7.419332259176716,6.882193306999862,103.2485278243887,34.95101298616238,24.71537127478379,22.830337213865597,259.11492438394606,Healthy
6.657860763433656,80.28994189093024,17.938905635073365,131.81507444538897,41.50482829525512,42.55608042197607,78.06698677787251,Healthy
4.16329530392248,119.50818999391399,71.69453976493189,133.546344558095,12.794362597264007,71.13125247835372,10.181948917026073,Healthy
6.377980959110041,33.86988193669312,39.068438805191114,123.49992399162053,39.403960747015745,35.94875756624198,212.58813061569376,Healthy
6.038740525013662,122.68092879335124,22.56291630546255,78.91352631306182,39.00006009037546,86.19131249755314,256.60567170151995,Fungal_Disease
4.806094059875613,2.666077298400855,59.67932687563488,90.57152287128939,21.269786371436773,74.12607256669314,41.45183557893052,Nutrient_Deficiency
7.282048017503285,102.54364807872216,18.34203762070602,121.74637978298168,20.455031549361525,57.71032487582345,115.72430878212005,Healthy
8.85575453684143,130.63585096361143,97.85791514442798,108.62559153448582,20.678324340372942,93.24990248534279,47.62105217706143,Healthy
6.810944055322626,92.0076726296087,63.873606167466974,88.21313892375763,38.39877993205438,51.34406167397294,31.90722918280956,Heat_Stress
7.573766382219729,61.464094157262714,74.36024855905293,137.51631710189838,39.107872066356826,38.80587284512682,194.45056154231236,Healthy
4.342252262830084,6.283342306180524,20.492631413541982,95.99472908671717,21.540286058968366,72.91223940213607,290.2609428534394,Nutrient_Deficiency
6.088334979084974,128.81593386516803,19.56803255308923,136.56747894268656,30.740662160556163,65.86361499761188,203.44968768622866,Healthy
4.58179242582248,65.84147117682048,81.67816093641737,8.034386444992702,14.862663030415908,46.81983207449801,295.44439884228547,Healthy
7.063979177682552,4.0595442070327215,137.90136469612247,19.454451903909742,26.407255839835774,47.49316490591817,130.3185828210874,Healthy
8.692410791070772,96.57494998602667,13.475081653281586,63.20423844006868,44.95774977994384,51.856824690728146,269.36093664820805,Healthy
7.308888662358193,67.45721550067614,40.00239999920937,53.88312452380412,15.55937016971864,43.291085398349544,61.52526739989138,Healthy
4.384015241572108,17.4083444419375,121.72427631530425,109.58287778998388,43.164692398602064,76.8193125088738,35.37131010323793,Nutrient_Deficiency
5.773331024925414,29.99805330343634,10.118081715733172,22.485963705688526,38.84891526877527,72.10867240409642,210.7560152737309,Bacterial_Disease
6.753316897204257,9.028695263818477,122.62400099137318,136.6533250756084,44.02751278311945,55.262212203711414,111.42249925879074,Healthy
6.016038780666261,80.4010955592003,73.40003767246516,44.10922253652796,16.285256621368656,51.82837406233897,95.30628082413048,Healthy
8.168220052375862,87.08412709528129,57.15734834969962,60.04931908362232,17.473147165517748,49.20410154877641,201.38417339929742,Healthy
8.073355023549945,70.80392176976221,43.35527900920382,38.464304541603205,10.590351360720053,42.67746571138028,100.04521253084643,Healthy
7.059155100516107,114.39429862036609,41.59640213789787,81.11090642571662,35.36456345204619,26.85573305256475,171.7674516745564,Healthy
5.867289725663526,120.54123498312191,42.81236154292703,8.208018059161752,32.5433142702665,41.45637484180004,89.8365318783913,Healthy
5.276681868816221,86.18741553563773,123.8724313344274,20.95485077986283,16.232290341365623,45.6961078954452,235.1272764633754,Healthy
4.5293715910656465,1.7859071590402764,101.33133222446997,104.41167847862138,37.690073793972516,63.81472050122746,93.71650214859461,Nutrient_Deficiency
5.77448841743277,97.332151804683,93.76122109636108,26.110081676672547,20.47184271461039,81.90308072624399,160.49824334886605,Healthy
6.065862586038597,58.51989036884922,111.8248808532801,32.9720232179328,14.724844926572231,51.656171586722536,6.952825109103522,Healthy
7.379114625520368,79.17804765169419,35.996052820580296,111.01751300147728,24.789693275677184,95.58055246816734,237.51923500751784,Bacterial_Disease
7.290799121487868,90.87128428264381,86.5259936914458,13.062164970015504,13.183944694939962,86.187997075293,186.1013324465928,Healthy
4.350540698206284,49.03312600579075,64.40927345411313,61.24633518791773,19.213527969563632,98.78414783069961,57.6711200978687,Healthy
5.9762965771557885,128.3937907240512,109.54182892802707,3.228874179611778,22.996667544957116,90.09624328331854,64.61201282730754,Healthy
4.90889433608681,18.75648134496937,43.29585546625997,48.55303590450654,39.81524610799524,69.33807594475033,78.74787555144661,Nutrient_Deficiency
4.784063526584029,94.01165301934525,90.04500636178541,97.85739636550562,37.739205945262746,67.87834302533751,172.95903137866856,Healthy
8.136510748686229,0.61034119392126,123.50973765442389,12.614459160411965,25.49640000127164,30.362090140337365,164.49489992790689,Healthy
4.209576083581288,129.45115475672532,56.30106666729002,124.3668477490264,35.36012702133356,77.79193991132541,82.15911589256682,Healthy
6.0959143795106066,15.75057865333281,9.327092231444603,127.32986601170025,29.902737266265174,68.01654860741371,208.2186875931011,Healthy
4.841018278832591,13.283792220660448,72.24711512785099,14.698652517518912,21.929464927732383,60.554568271678775,266.7123497801193,Nutrient_Deficiency
8.39665107839237,46.621068627314195,48.43614829298363,138.70254109260873,35.40560202233497,75.46294980458309,13.054643296061542,Healthy
6.785202566375176,52.299280045471285,94.1115532766045,41.65413747536845,33.92247040632323,55.52382742703949,125.15899134680444,Healthy
5.15690318188424,30.002010125203007,133.14460946480486,11.774233958424848,31.66830547677607,61.9087729926629,178.05603556344298,Healthy
6.5121364358318825,81.91703252979745,67.98516451955858,0.7093960296167179,31.62844323651377,51.86818438426051,175.9305610610998,Healthy
7.657431798515579,62.0079737258749,65.26663222177474,57.19320540694076,33.904369731444184,77.38967146965518,5.860604096853228,Healthy
8.790590044597169,4.784582465752239,91.64187202680444,88.17339799885647,23.459092942488837,90.12887764383106,63.16981975458151,Healthy
5.102230021227094,44.751288715742085,14.489650503099476,46.50509498646386,40.41765352736958,87.26759513060821,18.54921639363646,Fungal_Disease
8.430908860646726,113.46060790024387,35.49086644950205,117.14043116644719,15.680774592376128,82.88202176395751,170.68952176498024,Healthy
8.671520570837451,96.5582148806616,128.6571055700558,100.32487857910701,40.93599121337039,21.103016363564073,193.61696630084015,Healthy
8.58210272266033,101.48191950118327,93.79196587092727,49.02261447552458,21.979864506119803,92.95043711019675,47.92264902704327,Healthy
7.1770717843095495,97.7363693716933,1.8821661576782756,102.80335332520465,14.376106546301788,41.99005765787152,99.90333580262178,Healthy
7.149103272173538,43.53622299362466,28.64756615826278,131.66828317569497,31.000959093769545,91.03791543707007,98.94112301280632,Fungal_Disease
6.016053165919114,13.952949090748623,95.59721724404586,13.033439796022392,23.159533417464182,35.75744824715012,245.94069947693504,Healthy
7.76198941151894,38.14540576463344,107.01588835876039,42.854554422066364,38.54249044862318,55.17166011397898,58.397821358739996,Healthy
6.6564700917546595,116.4499420259223,117.58034017436586,64.86563147633706,25.077491398506854,79.95190354615309,164.49423639769753,Healthy
7.387190356141472,137.26591168962995,40.90475247348628,69.7186178856676,33.399688394673845,71.22231562217381,234.8806537502653,Bacterial_Disease
6.1422895192439775,69.13858206381859,130.34400347885878,75.90739028405031,20.789029632668893,53.273755042354395,248.87345786911433,Healthy
7.657482320215696,1.3580496892259108,77.41256510090494,42.087766915410796,17.330833125886905,74.28990853922227,199.9698282854199,Healthy
8.122357588022746,19.606273698792066,97.51546313430501,93.41635043752888,23.581716083208832,63.91596080373116,89.85832567856487,Healthy
4.73218128301408,45.09128054427721,83.54344078918712,90.31183049417616,31.238274211085173,42.05890453084258,246.91397244865686,Healthy
8.16464857787114,81.00194880301297,17.183607654446863,80.89501087802594,32.99313587239731,71.70635563977117,222.64980813003797,Bacterial_Disease
6.701482658951536,10.513110412743956,134.8360523138832,15.926641039522726,30.23723328543064,36.33976690756187,211.34074014878078,Healthy
8.223329545451122,132.0700218193834,17.202581185181373,66.77550475343223,44.58195015184381,75.51906274073323,20.200619665502153,Heat_Stress
6.156508531705073,51.111714259816104,35.683473897565705,49.871764248512584,34.18815652733078,20.248870209859426,12.979464195464862,Healthy
5.8952024269151755,127.76179050947522,113.90790323121722,68.74538577733716,42.60318696589212,63.901801100941576,208.60958931047386,Healthy
8.575303662586112,109.27305238598305,86.6035746101542,129.06130097210365,14.127661821331108,52.08541020449128,283.4384403701792,Healthy
5.255846337742007,105.76121815218136,117.34088315268998,67.27438804217716,12.14805254347176,44.24830190415578,232.1171784189058,Healthy
8.221061626430716,84.94074116951248,72.20306637236628,1.9573108575316578,20.884814570418378,61.256637378771,249.44266994810658,Healthy
6.4201028625470205,87.74973438725824,52.77905295132888,61.43714333177833,14.780612843174838,71.62493060287105,163.4946842549371,Healthy
6.570477212756298,89.32045293027474,129.0583699366899,114.8907452069135,28.40539848798937,97.22498129707719,91.37584322642218,Fungal_Disease
5.54234140744742,88.0209941835815,5.075324452071279,109.20852925054355,28.164343873314756,86.64515919104781,203.32106903006525,Fungal_Disease
6.865211003095078,77.52195239577057,119.85823084942642,71.87461029394534,30.126650825538256,77.37199064670486,213.59126264780775,Bacterial_Disease
5.6260559813810564,138.09796258760446,32.314489926289426,34.96766180030414,36.082975829087545,58.31735293433171,202.60739150820208,Healthy
4.196347071208262,102.52067943959746,118.82308588555549,65.11241280803631,43.996539507431194,51.37152957314834,284.01271701579617,Healthy
5.359993026721781,108.77249437495297,19.487525878363986,78.91831071854683,40.73905420037013,22.602372366879777,110.15370997936694,Healthy
4.031895217032954,122.14479411171439,81.23065491667568,139.98200135837874,14.142853385145356,48.72775224472385,11.89726168673505,Healthy
8.891773935284283,30.189566781618883,124.33510866160609,90.18493262371283,21.847979106973003,87.87017109380932,272.5333058272228,Bacterial_Disease
8.828736049098737,11.732582273308509,66.29555056584466,97.19709020876589,18.953805876681464,50.7219665581032,48.149735656224394,Healthy
5.975776487361525,67.60522112380382,104.51933433247501,68.80358009952727,16.18860752229275,56.92679992497172,209.19550181622975,Healthy
7.64185427169823,71.97129738669824,112.65402649977818,49.62853710955418,29.06537068295246,41.74675392199238,261.9613319318053,Healthy
5.729030492052125,116.08544919298848,103.10918922034908,113.81341771060885,29.36425407114557,41.93062070506934,93.04241940439054,Healthy
7.35546578542988,62.129701099527,129.54616316244375,69.29052540749306,17.953568976082146,24.94974087133987,249.12457225647793,Healthy
8.027150215229895,79.91942357620378,62.55679227279001,139.25661819503352,34.91640376073399,69.10431404958406,99.61743788143325,Healthy
8.733781223461204,73.78993139188417,24.23756148312181,63.99688039752617,35.652000470932684,55.84555224362771,238.27737847087494,Healthy
6.00106137924836,5.348389726034748,6.69354891834717,9.520039710660832,10.734299819187665,68.47686459926356,20.94895889211772,Mineral_Deficiency
7.916489914780239,86.13008552356796,34.50438174925071,95.56093919261158,23.85151963028108,63.750952002308225,196.57289960127832,Healthy
5.329642253160594,115.92606000839531,20.047650543233896,6.5298031296135495,41.15492244205674,83.90756698377399,203.14142417363882,Fungal_Disease
8.951661518968242,22.050076730612535,78.11282380082727,35.07022356385846,28.21115128853434,80.08095298491781,147.42774902428692,Fungal_Disease
4.128847993821756,83.20644274972341,25.89234720964248,49.52335538918647,22.1669730503648,81.71630825103036,206.12725915881325,Bacterial_Disease
7.017644032505605,83.10547622249801,5.450719020511965,103.52770198698587,18.878665305829553,59.93912055533404,276.9551011661523,Healthy
7.297529908256635,22.985894967890225,5.038576041613501,69.1930296970658,18.51740819713988,48.31050810831444,220.1564474904684,Healthy
7.440227785370644,17.28490032230304,116.41972977108063,4.010430383435926,13.491881184778222,94.67492724263623,288.3888086953979,Bacterial_Disease
4.601937893945445,137.20727201670786,82.80299040202348,86.3589791786291,38.602924668258225,24.341581897324318,134.58369415562154,Healthy
8.692648917365652,55.120683751425254,50.131942265072944,57.60107323973273,13.033009188795992,32.20970462801843,158.48721951118713,Healthy
4.905916395250414,31.839042021294098,125.19192598363458,129.056831395395,20.230316805163554,53.56792737413117,79.12160917131204,Healthy
7.113767016199206,23.985436223612492,9.827525597079905,69.93872355963296,11.598650849822363,69.11661220544089,295.68050034026055,Healthy
5.113380395615425,93.4642399016529,137.24509018189562,99.25652043150745,37.34852994032951,20.65602998453773,16.541020548381713,Healthy
5.536082085106354,85.32234162581904,86.28085063562455,30.64158892613656,11.374928877937666,77.54582554489136,107.58612528504308,Healthy
6.732292708640622,90.09729721823845,25.684995555638785,106.53629903443145,20.790538635387293,64.69812342319318,89.30914943058386,Healthy
6.085967092822882,12.320843851603316,95.0696738567756,100.93374346771412,30.06540795303324,58.77622069415402,115.95351393841663,Healthy
4.801128004882531,125.09484168978118,106.87337636969878,126.57143919578314,24.334647610270533,53.87960310622945,275.3153581559597,Healthy
4.8546820121042416,54.49729555326676,60.10798967190843,4.73502984068789,19.879487353718517,61.55896253924996,110.41136222055445,Healthy
6.090723940813998,43.871716900250114,120.62856487437664,62.65009766644316,19.631617534963958,32.942858758539806,275.09299581000016,Healthy
7.786414891377504,64.73060261468349,21.102537021505842,95.08175638354822,37.92266071021873,28.6969391421586,127.00165849896081,Healthy
8.489823234238942,54.609249204667954,39.037261700865166,13.322946011230103,44.08923332805358,43.170998300147076,256.4306307660625,Healthy
4.420638311296914,120.90078043948043,13.088930621758568,57.48456940084773,22.18143746570777,76.76038335882598,156.52502955020063,Healthy
5.965519537797006,130.0965365277049,29.5228976850293,131.90052442926736,11.37009297631558,67.06303070683971,93.40585302849448,Healthy
4.5012278186143835,42.48345030294487,33.42203366756031,61.03082872475795,11.279802226818795,58.409841409521015,134.80493969036618,Healthy
4.082962403162989,120.95101304439368,128.46864672903942,137.9566696872884,36.57246953237513,65.72167727167682,127.31432369346103,Healthy
7.308593413219783,109.4132381346294,10.935356425161869,7.957468551174747,29.332943756319445,64.74064104314746,77.97421862566527,Mineral_Deficiency
7.012247209832939,130.31307412826666,59.83811682627932,100.49616865972477,37.42574300960656,44.56335403919403,86.89161899757202,Healthy
4.8150955690744315,34.405043706024294,74.53581621176781,81.34227307475773,34.41239536010012,27.796475779578067,55.93617639331633,Healthy
5.16906416546532,80.77428101693707,125.81702753230252,70.07555479849756,41.76272222428888,91.74258949304405,100.8001671622825,Fungal_Disease
4.118538768222592,38.43624186366225,139.6774706125699,135.9186362079013,41.00385018663182,67.99290100991317,187.32174097475132,Healthy
8.174736028472019,115.37322866781238,105.47433608877701,18.15105606875801,37.591458846741205,75.81983997446814,115.96745061288937,Healthy
8.873452980242757,0.7453866799489961,135.91073867966412,125.43985323532787,26.63162060147503,57.11977794935641,213.69696327788768,Healthy
4.677297683973454,79.07468280409546,110.19415855502233,96.77365755912544,20.784424266134835,80.51844639812501,296.09345090638595,Bacterial_Disease
5.1573760688264905,47.488480378068516,134.84836973599832,36.25945026194858,27.745937560562396,66.75978111829338,113.1303238453455,Healthy
8.34204761973467,45.175718990894836,99.01790163222373,126.23368038852108,27.572506256193826,24.304089767775217,138.79176422688508,Healthy
8.632318989780924,90.28688534108838,11.16687956314995,60.101288500541855,31.359644211126817,91.20776283149529,49.23304708442928,Fungal_Disease
6.098136914034051,119.20782290395915,56.26882617897471,113.99182593022992,16.513414872401643,44.44289174303095,117.66458573379482,Healthy
4.25311236134537,85.28735479506567,90.52361973234585,54.437112386635995,32.94669581557461,31.031262193706837,218.0497352372038,Healthy
4.1969591684640974,119.44421701054115,49.10059132359514,119.13031584065374,25.981032347203552,27.043280616345264,65.22143992273885,Healthy
6.869749330345052,37.04359566334419,38.273748535929,89.12807658230682,31.70716911793007,77.63522510736887,54.61621459656877,Healthy
5.964475544465895,72.73025966709736,80.83589739863274,19.7465287017218,18.3861688021841,76.31746934434878,112.91246209475753,Healthy
4.143262137888272,63.075115469390646,130.6902627383409,90.95284288573386,25.203821285707424,76.01296998506166,245.59484571531942,Bacterial_Disease
6.916261961562784,1.6302859304334705,4.8974622922614985,26.788266778262166,17.35704250583821,93.26022181452528,187.09715691344502,Healthy
4.056512682945113,77.95370003970362,107.69236849580128,57.669167905182775,40.635680486488056,47.91544175981212,287.2738132759819,Healthy
7.9368597907463645,92.61340538046449,101.1818189262478,23.841381795284722,27.078636576453814,64.89064450871385,271.36213047828767,Healthy
5.532164113516858,82.86801661866981,134.9534795543602,3.082256193396602,17.874349545083426,69.55964663954796,45.3411590469727,Healthy
4.20129001504616,103.079185829679,130.2995711265561,29.66411552299405,11.442304350954121,98.358546285317,12.765832382164389,Healthy
6.941761104915766,79.9875339834308,106.71255868618701,75.0920833213776,33.650853262873966,44.98769149748735,119.72842025842625,Healthy
5.988422072165274,9.345035679105969,72.85722705556381,67.41853548882844,17.51256498964145,96.50649599231524,156.62384364559188,Healthy
8.869002066785747,16.3023733718596,28.59745745269278,70.20959337504891,44.635376731157244,31.89874664659051,154.67118456561434,Healthy
6.720993312518511,83.50644085615333,76.33300056558042,34.67616298252418,28.67951306953101,81.12011648222736,40.23218033131659,Fungal_Disease
5.376195905185042,38.49708687630962,107.14927914875153,95.92256808598606,20.11419486868112,70.63087200163302,37.44522964638312,Healthy
7.547194323169874,11.150318064867218,125.39368976930504,98.59686015484841,33.01871018274206,85.351682981759,14.058226733761103,Fungal_Disease
5.357460012713557,60.14438408279655,110.55968128947687,50.115495578353176,19.632697320332994,22.29484589118777,255.25797781662013,Healthy
8.521216457037825,77.60516373171176,27.337370926747557,123.36381238638441,38.70960028684113,26.250483435124465,284.32324142045366,Healthy
5.873609852536882,46.02443836894492,83.95608399192831,90.1632503289767,20.788261782547966,25.57566236553167,34.7055060653915,Healthy
6.749342813881026,100.86071831160892,46.50428433438998,99.82549853620844,44.58867063385682,67.43675643978303,63.93671056473348,Healthy
4.252865519121144,90.12788513417425,1.2887934346900187,38.827588511451516,31.180067490585277,68.23488540604303,26.9588654204731,Healthy
6.130606189761154,46.59457055283407,28.030931010413248,0.08562892178218595,39.55439021299322,92.4883911483981,263.2506513422505,Fungal_Disease
8.161817698304976,105.68215404719848,15.850890990682897,121.15258569429534,12.548541435244777,57.4082811614756,287.6126200608723,Healthy
8.02824402681671,90.81730595462496,117.9806772955256,115.1394138411732,22.190479608516586,25.443924400397115,78.53897301626702,Healthy
5.121592794267631,89.24235302050629,36.190875300693676,17.246864325996228,35.812048015815236,36.762352129801236,91.07514898061247,Healthy
5.130395355052814,77.47987811018953,39.857715644257766,52.37471889388291,32.927065606920394,20.645847585427433,108.80090532388186,Healthy
8.086526561066183,1.5945535323973914,134.39112005184379,92.58750317440156,16.79850925018152,82.1371620102724,150.7391278142194,Healthy
8.651992100846627,97.51100568676448,53.0721412268393,91.29552001062194,22.467102567839845,85.24795495046196,204.73829359347806,Bacterial_Disease
4.476804606365018,52.645850755281906,1.3419896202152382,120.44904687319791,19.22051926206393,99.83523330273088,151.31717497638724,Healthy
6.250293197131127,131.96535942221178,39.73846076845911,19.637542628959995,31.467955941664506,52.975555924247544,285.30047450287236,Healthy
5.687271394821145,114.51786795080875,16.701941284253742,60.19156468991663,22.059888031057124,21.5438700321274,29.9680375564496,Healthy
8.353442277287197,82.2772257343837,14.393198643019554,13.611418509699469,20.816898470012244,38.778390519229774,239.58165368251892,Mineral_Deficiency
4.417624573400094,35.30547745469772,10.84822061900493,54.54333478140794,17.258229315271958,67.02150941306367,100.34492724404132,Healthy
5.0556297127901875,28.52043505887332,83.05632582455281,2.1150423822786135,24.31594923201269,96.95543736421891,113.26430642596428,Nutrient_Deficiency
7.762341687932472,47.653877274856875,26.508681308180208,125.75822911541778,16.842590656879377,28.286284117663545,212.6488331130676,Healthy
4.256469244906078,66.7195121012026,50.57399116574146,73.78615955601535,43.68993555821713,29.725841612859423,278.81313296231366,Healthy
6.462676903571446,41.449171405452596,120.68248025820235,118.97231651232951,15.407563402335619,76.14071882231543,214.86023356607302,Bacterial_Disease
6.2105351733986005,72.09012935494759,59.407339571478595,8.386658140470926,41.96566502355717,73.37656440172397,232.758172613819,Bacterial_Disease
5.6720058949437435,23.15185957184603,128.19678900722926,31.84413546620889,24.99655843548037,40.040508424946644,225.23377264763965,Healthy
5.972861576594619,136.87979379556998,69.71132747538488,36.31319933096528,23.225309704660273,85.05158328116151,96.29358179511746,Healthy
6.649702934651165,15.109437695099142,55.837126077565806,54.13680924943033,18.09619303166971,30.302300438197058,227.07912995467436,Healthy
4.806836791941915,130.4721795516121,105.05444979269822,112.40129213565645,32.25147170286317,94.05934758214079,235.35622806594048,Fungal_Disease
6.859979391417964,127.90092159637729,10.244513827520294,54.11810232240897,33.993480525379276,36.08255442659371,160.02009619515383,Healthy
8.027161646499932,73.55046745472973,12.526973617538435,28.651494150485778,26.364983678834612,26.5081898178404,161.0268716000449,Healthy
7.800804648950795,101.4874380570518,91.2763199492145,9.09863644742758,11.949741349269845,47.161766917908366,227.91624091874513,Healthy
4.769499523468868,61.046761716162294,68.17169985349476,11.128844769376245,42.14785527409925,35.027303082763595,245.10925866732225,Healthy
4.746247348707369,88.20484085594134,110.65813504468943,106.40660883453684,44.31151965067333,62.15529800288263,101.15863260920112,Healthy
5.340871838724567,47.680631238956614,128.2779172280944,62.27241874512862,25.086519532414226,74.94772298973808,240.4686652725872,Bacterial_Disease
5.805373631705186,42.16226276996235,54.371362874016654,101.66535708000214,31.47812825932645,59.2737262782633,244.26270200262334,Healthy
6.042277907042413,80.95217006373191,83.49740372185047,95.52019704691766,25.760451918531135,72.84858654487822,70.2376922755738,Healthy
7.398486084166726,69.73815438575726,70.09752789134339,18.950744646436092,21.26578778101422,49.193641151998754,215.0852235950148,Healthy
4.283402160829177,81.13509168099735,137.4254917899406,20.004310786917408,12.706157750023268,22.2338077790912,55.96017655084751,Healthy
4.173363521130332,40.132481380183215,116.35181702992332,105.74788216077874,25.96237056390546,97.92512993801193,27.91473389643877,Fungal_Disease
5.959552814719546,51.374096454379334,127.6432791588295,100.9775610879584,38.6434594725808,85.55308036319963,172.3629036150683,Fungal_Disease
7.485818460689902,11.745714488047303,35.607612260864585,52.924307362403454,10.596101138080126,25.873505926770246,272.5956596350197,Healthy
4.967176714782413,7.3186921181088005,108.15369924276321,10.83911686659761,30.37376891130778,55.934111692506754,10.637707057728974,Nutrient_Deficiency
7.207522406281258,35.48399815422228,37.16625149967085,1.693723037783308,40.82702380543411,70.80152560574997,247.9504912784765,Bacterial_Disease
5.299140689701497,10.394560306276405,29.223954679974582,40.34197292464428,17.61423005050253,35.24754164581103,151.941363211052,Nutrient_Deficiency
8.430430544067582,14.528459208863698,132.1972623517771,1.2911183022117712,16.413955264117178,66.23908890902172,258.26863461636896,Healthy
8.478449721333083,113.80997675515118,2.7026183405013304,32.21016695451848,37.02968189956801,62.691889449414965,253.04308055131403,Healthy
5.486436021406632,5.442317582336502,135.15441851288014,58.7301036295874,18.928025089175264,36.66121508277638,262.5860414448866,Nutrient_Deficiency
5.149968769816202,92.25199115086399,20.89666557843287,16.998207143673586,16.719449364622697,31.29682474219626,230.662186442002,Healthy
6.056519860331156,38.15808483415607,114.72133145105754,14.598886096416475,23.229623769923226,80.71698316949099,252.8977063640985,Bacterial_Disease
5.202657925900744,122.0163952991377,38.62915742953443,125.50124100062312,23.73757042945763,45.8069156919707,52.80756216036109,Healthy
7.361919216458518,67.89891984084994,49.09832584030183,81.9658040632045,40.59353720557981,39.52324270737947,91.1559446624825,Healthy
8.130323422741428,42.780704305895604,30.346079585077895,130.8237961467894,31.64552151767869,79.0302682244791,72.74585124218892,Healthy
7.365460654556085,72.46945099652083,81.97196594735115,48.41566292999509,24.20865097188563,78.88549536183857,222.72849111841813,Bacterial_Disease
8.121752236246747,53.474122666337635,48.73337665110237,94.80029122608283,28.70357875000184,42.112132506898334,46.09293581014078,Healthy
5.984960811037371,79.00214905377624,92.03502552925285,28.656834447050656,43.3887831663846,89.80547690014829,54.66833711333658,Fungal_Disease
4.781584853544304,16.034601565688753,2.1906245118892365,86.56764441919177,13.962513681346337,75.06001320578739,263.68941621658274,Nutrient_Deficiency
7.689754736987961,139.57867039375716,9.012483692105546,18.14200220139782,17.2700432603642,47.66113742572305,211.76465787385143,Mineral_Deficiency
5.802372525707769,59.577822877540456,13.95256138237481,0.29128948468000626,43.68850473052944,54.199172014772714,262.613993375726,Mineral_Deficiency
7.356354126145662,48.75228955903162,58.65911594343235,130.41445219734106,43.50636969845215,78.13677487444943,41.80657747820715,Heat_Stress
5.353219709908828,99.42937876427709,114.07146417239665,77.6852126645293,16.20078974426704,36.92670663163936,119.69412136839071,Healthy
4.406148174033364,50.94591690934655,124.34490745297357,129.7716927894855,15.078808599385438,57.50086339801793,84.9453510228953,Healthy
8.962908977438817,116.65840270402607,34.273503608526106,46.73641331829008,24.737979701851692,72.28466738064797,2.904325583894851,Healthy
4.781007539652997,63.597901410459535,80.41176139346196,45.89004968264595,11.740140237078919,63.159883840697056,85.35688813161205,Healthy
8.942104969817406,100.73817785716089,107.57109897696407,56.09170024822444,32.921623629979905,68.66626767235945,113.87497559336384,Healthy
8.886399662832236,15.043450301864116,40.436120188745214,98.84573775414356,12.712360758160976,63.69699995814237,27.665891172813563,Healthy
7.969090519540198,118.45668597771565,57.26108314307825,79.21320878606438,12.031036948299825,35.93819550320161,169.94626734804595,Healthy
7.297114810409988,103.00051814893538,73.35638837599996,129.54968699387652,26.981542767309723,52.816427597809714,114.95179874178994,Healthy
6.889035251255423,29.640348984675196,18.882478497126677,3.5617261585415094,43.522532263853556,62.55883963820366,13.938498683263633,Heat_Stress
8.330507726889174,20.34004136441013,3.637521121609244,99.1474313161551,24.937857762210584,82.40501938767568,211.19365946039304,Bacterial_Disease
5.44719760809744,44.280928821587416,21.392813304559656,46.245876511317604,22.47684055311929,72.31233897356341,218.78395015233104,Bacterial_Disease
6.338406062424385,136.6498820444666,87.75950697549467,25.232711254584565,44.92848504258001,54.12727561487478,250.3414328908305,Healthy
7.096949846832509,35.95642043938821,10.306556614715435,71.45538715281386,28.61891362727142,97.95198657273164,145.6621799600948,Fungal_Disease
6.055952379347455,63.85780925252866,26.557491079017964,70.70892978519943,23.1334492411587,28.623641734378012,290.59763920035294,Healthy
6.13743227045134,4.202831600427084,47.299543997342525,19.181544016379977,23.505128466956062,36.54438948439747,274.21924335973694,Healthy
5.651423337510422,55.61185413927255,10.901809002891287,28.26544785860458,16.823582361172868,47.30500880253312,165.40548753003947,Healthy
6.82115908342268,79.98480216063439,26.83789796262882,57.143053086217684,27.927807010663862,38.28576615903281,133.48557932082517,Healthy
8.25287264007558,133.43744575111512,127.57777045769156,57.233597734924146,25.359925985880203,70.0353597444809,0.9103283708768561,Healthy
5.0076418900315645,72.34304629160901,2.7018785117778665,44.45813954675586,19.47783537215947,23.16405834690042,213.29835952177012,Healthy
8.672165193767206,114.67502566487629,91.4804693844107,20.79632121139733,15.618903031061592,34.19494274187328,169.4863512149073,Healthy
7.445438268741149,76.59786995964608,53.81725032812589,0.612315074137133,20.89336040336438,43.467779012688354,281.2632436458242,Healthy
8.11636606340015,5.709901880972534,94.17082352053195,135.83290873992289,27.803916469070526,74.66766200634532,178.26963757237323,Healthy
6.780953463150058,44.10115852656836,82.41684085087664,132.0898921585498,12.041664529968058,90.06919060649024,297.85682816781895,Bacterial_Disease
7.897583507120317,80.57693109635446,31.2898256096502,67.71105308465893,15.38104100043846,83.87934164424435,256.14578155898715,Bacterial_Disease
4.081001986697336,133.08315523035742,118.6093282602744,139.3072454585008,43.16800434391834,34.56647466002039,286.07938074448595,Healthy
8.091902123897675,120.27825036517267,68.87165356530994,94.31160630951405,28.999937286096863,65.23246067528552,98.29883138551169,Healthy
4.200694295426833,31.96978598503867,115.15504264788603,9.640055265055816,12.220725628101325,22.40181162757498,44.80079843017993,Healthy
8.449566881814313,30.81537620268289,56.841755066350686,16.480547871567833,34.25807155693505,44.84294202822889,239.0616341385376,Healthy
8.959813736193217,28.164215395946105,137.85597754813347,128.2555181417493,12.163100452766216,84.47870358626614,235.85913089073975,Bacterial_Disease
5.470337310883889,129.14984548235043,107.86851019018148,88.20730830094799,35.86059794662305,56.533257099467164,63.43468182166896,Healthy
5.051592781428968,119.37326143424089,135.23302871576027,118.04570773202916,36.24869526020094,31.995305782066765,229.42339624047383,Healthy
7.826816819290204,108.48368051541283,72.00570704738024,125.75775094873819,32.78776415122384,55.084270519065015,174.59200741242185,Healthy
5.2651317046012664,54.98291599139186,66.31675852069807,62.71188157953405,35.62715906167724,35.84263403697826,32.857543470501895,Healthy
8.327811915861018,70.61329860182735,105.7635333055361,6.793633220737025,13.078802335457022,51.45531662911702,150.5350792710626,Healthy
4.5142129607873835,65.0064442713214,123.24077682188023,26.359248845625086,35.43731933243436,59.02667781982747,279.34140025160355,Healthy
4.629775981896791,35.47573505831217,134.98041142117813,9.320072622340913,14.784091190335904,47.964649000882275,151.93726363356865,Healthy
8.895757775503078,70.70392646082738,45.43726684454996,26.423578397791026,21.882706754514533,94.95751603470887,236.60969686604162,Bacterial_Disease
7.369194491350023,4.269516699385624,111.81864033796946,57.47460970382275,42.99608387252215,65.00242380451056,8.672995992586962,Heat_Stress
8.234436122144764,18.453452289644282,29.490383668975138,16.54755347209796,27.6006417180699,87.43141391575173,218.42442385877808,Fungal_Disease
5.62164688675759,124.12254346365249,76.38040854436234,23.342654692748056,43.85992512290549,80.85828376444641,284.05121584124316,Fungal_Disease
7.3824187476030225,105.23516738439926,25.17874077728788,62.41504949003509,13.112286061035814,72.89330474142213,149.85833546788075,Healthy
6.971209136542986,59.20157726827219,48.63563064504744,47.62393305438854,26.714480984711305,59.75109986420658,101.31297390767593,Healthy
7.015750600614735,72.40105071974281,130.3901714089043,65.47213738632574,12.184081209690472,20.173902702527002,193.99515146606916,Healthy
7.412662297688608,51.79984403439684,20.45269796823205,60.08408388626869,32.05735918397497,69.0774080441667,274.8783645279658,Healthy
6.876795865645493,103.70918140249414,88.5361253189275,90.22692363718369,12.754745047898073,48.47659624019982,53.03089516000288,Healthy
6.14531184651333,109.78620509249114,83.01359820983646,131.20653684261964,16.137873088913206,29.420973344105505,121.10826300681293,Healthy
5.379613471902735,106.85992662844228,16.903369379258105,15.101007382193947,19.059060852424818,55.57010108896621,46.88708429455235,Mineral_Deficiency
7.84290665456601,101.16564147682294,45.6370661276337,13.896420903287288,36.20603480825691,78.84426578266438,148.99626966596784,Healthy
5.131362150015931,28.630607416991417,78.81741063213721,119.39285555272627,15.738674158632616,96.93422357589631,162.1266039091677,Nutrient_Deficiency
7.4617715307720704,47.31579709366703,26.205005258388635,70.89553865134428,39.632121865257375,49.92839128976656,283.261084416498,Healthy
5.166664113246633,65.77836089771449,112.08731189779415,107.2967032995819,14.61663785907803,63.41786389639814,123.75454613028822,Healthy
7.126650849772269,46.31101879987179,136.10191133486498,30.1590665050194,11.233555717455472,88.0995506690868,170.08698406190948,Healthy
7.7353913356451445,105.69162802216606,30.066315994746088,116.04076024345724,23.826589663938375,46.71995359600118,265.5787722162457,Healthy
5.093569444532696,46.109493394993656,26.16767507068063,129.33852738697743,44.28045746899533,31.380579597665232,96.4215000528476,Healthy
4.2997165043065415,19.352492149947203,63.69091005164225,88.96762217650836,13.861977972607203,42.55054649861513,202.249160690277,Nutrient_Deficiency
4.6548687149708705,55.86566328676257,104.6871387996045,14.823063006332314,13.560145541387016,91.92982638467103,227.14855464662895,Bacterial_Disease
7.029984836355127,137.18802058953324,39.42408543293519,125.34127398188744,36.29082787784684,32.75144867694702,99.15847040610282,Healthy
8.247232031128677,31.623397810700624,2.7831872176192562,110.94828183181,20.925659289774785,46.33768488054257,49.30235565919334,Healthy
4.224984106177121,85.70221225205206,75.77088792460515,105.12288871202858,35.10485660290009,57.17122484002725,150.872862570682,Healthy
7.670756295208231,60.61622697755888,133.92407948742306,5.141946446828179,17.00037063051772,87.7690578792736,107.04051903999049,Healthy
5.70659322975026,9.943439470905728,54.77875975697238,111.85475353597597,26.102519796935702,95.01706269223797,79.93872953766419,Fungal_Disease
6.392641849597613,68.30272483972833,58.81883758563406,19.31314146556998,19.285145721212125,54.06482477066039,292.02639320823147,Healthy
8.644297749227828,98.30300601076374,135.64624039596532,31.134064667564374,25.80348752076804,94.55632386828125,150.64590561045995,Fungal_Disease
5.659857523679228,71.85079661589462,97.24506562774197,80.79887688169606,36.91839824048563,32.91672758862036,256.94330815302715,Healthy
6.32668466969743,122.09484892452134,100.68406919789753,37.09730820836363,36.67034791671816,32.54818335170963,58.595223163007745,Healthy
4.0684120738034055,40.45118233206157,78.77828075194947,92.58874888366876,28.052030068580326,95.94006557078383,281.8328294697392,Fungal_Disease
4.4079936000241915,12.07488398255509,136.44528952085383,85.12986267787142,42.493014530236785,60.77441068226649,238.32943037070652,Nutrient_Deficiency
5.29295795567392,131.11918563212086,96.44130781957786,15.140943721856768,19.23244358568959,34.872626828316314,242.60764685674272,Healthy
4.139261204105372,52.94748893395066,125.30458522472372,91.84204114281088,18.410897289173157,59.039229646044944,116.92946255877858,Healthy
7.156876630241255,80.69677720350867,97.91304120265096,129.3536873754902,31.48322404114018,82.65689243032412,145.69109792330588,Fungal_Disease
6.131991784008113,110.88043765822744,102.91621547765543,22.555386726016636,31.745396197587617,86.15362925788189,178.00629776960403,Fungal_Disease
6.74072601364011,45.40391294258128,40.65752909991451,83.58868293200423,11.628901384774089,89.11754053193938,236.9296608615194,Bacterial_Disease
4.873235929481647,100.26303534486556,42.487017721934656,47.86115207113717,31.272219933541415,65.56567224699349,254.7170256181313,Healthy
5.479660147183081,18.958638974495926,109.61785094064409,64.34563404830456,23.105265507215503,89.35568114943042,23.41359280558033,Nutrient_Deficiency
7.3191223742636256,40.78112460877074,41.538880483785945,40.18002507105579,36.16048838621957,60.802416704260374,271.2187162599523,Healthy
8.826513618152,20.259489059112788,78.78780991221443,49.57828908867734,38.28369825908455,68.56479219128619,281.2489957512783,Healthy
4.252083868011046,113.5722781761901,34.90932352693827,4.047655257318019,29.32538368414628,80.69758418173163,177.86622130703566,Fungal_Disease
8.45192160427633,31.17089293174995,114.37767331326971,137.4172433084109,10.059676102579278,54.03482341684068,56.02518397647178,Healthy
6.884406006556042,100.43649775672944,15.470189171876601,87.47198909018476,32.27280335583247,25.88651897110198,245.52444981104685,Healthy
6.8195978337781185,132.06177561439137,116.12252956663302,70.09878266914394,36.2108447883077,48.01330854861581,164.57628436487968,Healthy
6.501392676038802,73.88810926964278,84.38217207106426,53.72014893004574,18.714414318103,69.91553734367683,245.15893611491387,Healthy
4.346970429520917,75.60408691649627,26.16733487579082,75.51243823536387,26.26261003992761,35.38658957115815,244.44243797679496,Healthy
4.449384258680803,64.54469953369369,75.88495397085654,53.21483982021255,43.80043181941259,31.8708290799712,26.018794705737736,Heat_Stress
7.004560028295431,45.62462007510999,39.54983715862766,50.38710984911426,20.43404436879362,43.44644356731501,182.10642851119923,Healthy
5.704792857177791,66.5917043294884,45.285426862269524,64.95251584108183,17.810363786460925,22.56891698222571,144.94328978061637,Healthy
8.586340332888403,84.39305451734631,49.213925823563244,38.637624713966716,17.379917666730353,79.47383184695357,283.8358409998553,Bacterial_Disease
6.032952686797361,138.0388201038923,8.864694576124933,25.20698599534996,29.55802920238987,40.6972481750671,88.9923875776189,Healthy
4.716407293513205,131.2870383045514,138.03463581619843,77.9248257452411,43.242548545780224,29.939071730927964,61.8000318572775,Healthy
7.57359416751018,120.70141416103705,4.4148479383713735,117.98716106104216,31.304154522012414,75.93035327707481,269.12605680574643,Bacterial_Disease
5.466767107205049,124.47827499868016,92.74956224579898,21.39594488162492,20.6163092083181,87.43424100346303,44.61467067003142,Healthy
6.627351536779466,65.49888566088602,51.971870686040276,4.582807684590611,32.349942232360895,21.590047668942276,205.95583761733852,Healthy
7.48916392752585,92.04220580484507,90.44144073253786,34.55364432156506,31.86948041592256,38.68798165929799,90.00594415254326,Healthy
8.501320556010352,125.30934121106998,49.87475543226173,137.1608900835335,30.8923797505379,95.61858598956667,170.3537266492433,Fungal_Disease
7.960955974008381,55.013107098789426,94.32509047624022,116.02613032406751,15.57991724109057,50.820330874622016,184.86582985237834,Healthy
7.381805339363621,134.64674696836562,102.09297132557052,83.42124749400352,32.2098379770748,95.0873650705545,125.21078458739002,Fungal_Disease
7.398165911975718,58.21004868968562,96.67736965595027,130.09484813403904,25.05575583800749,41.93700306965419,292.4894940711287,Healthy
8.729623220160432,84.15157315505019,15.954677390141319,62.339076357214246,10.650722051806168,37.44541084575456,39.54995042549374,Healthy
5.47912048748268,99.37265985813207,91.96505285165586,137.65928436052434,28.89175705016233,37.128672938239674,117.41972671102711,Healthy
4.005560470980937,133.08288183063138,39.198256923573624,41.48228631669976,44.62433608264462,26.81829283399506,129.11859806229475,Healthy
5.359772796990994,34.246278367317245,4.0321918797066925,33.64280493223147,22.240885679539424,91.71458308073005,189.31408469885446,Healthy
5.08945689813372,104.45833695340991,58.076294064453556,89.32674816058154,43.79457264115304,98.3868018106321,122.17792745835573,Fungal_Disease
7.309172925569991,72.91418206017151,60.69603439253215,52.94155551305045,13.367200958190809,96.36070458173103,29.110803411648966,Healthy
7.168557998827645,37.59799968688975,65.4043786693425,87.6911758766761,35.63575405535572,88.16225118618192,284.22899945424786,Fungal_Disease
6.967306913523619,108.72495757149468,98.67538315470027,42.69937256237601,14.001549813199237,87.75103261207802,124.8237244916057,Healthy
4.081217216047269,77.31111922433851,43.23813327994428,86.50855595731875,19.575005074434596,72.88683737351901,102.80211816512177,Healthy
7.643890272253238,92.5363348909546,44.13927183454916,38.604476481905095,29.979429236274353,86.09709695604909,134.0166372522014,Fungal_Disease
5.6176520624274575,45.206149600906144,8.477315873776483,7.136089634644591,30.747289289186213,36.66738914744382,64.97870463867673,Mineral_Deficiency
7.325279945033156,67.37835325586471,96.15497023892144,127.69902626924568,37.132396103195994,51.03301043097028,30.06650540059527,Healthy
6.782892142510766,86.42959513832939,79.49565279594175,123.6487282622847,31.535899252960373,71.26690346357984,44.57354373265877,Healthy
5.713654627139536,56.68751399777816,48.91951577713033,135.91174089817406,30.776514653319627,89.98170660492771,49.996448101067884,Fungal_Disease
4.672881335520539,27.772155578678184,98.72645704842965,100.31380467099666,41.93235804461984,72.8375569895027,59.30203146476853,Nutrient_Deficiency
4.472094488302405,134.62966892414255,75.2300848917628,95.58096488294241,25.825626327320503,87.12175666673647,125.98806366785769,Fungal_Disease
8.157591665561117,71.60545560596644,65.69429242187556,78.26042981047631,17.884302254326926,57.9159612679438,187.16978071324607,Healthy
8.591987710407789,102.74885184027808,71.5854361125577,17.631938289353176,15.662600475827059,77.38429901640355,188.66635140801975,Healthy
7.248940233821498,57.54660709784814,89.08873753738791,26.492943532897804,23.999810888332494,98.39846451000693,0.029270868578057385,Healthy
4.517170574302417,49.718446963600286,92.40036464044393,40.52575641415507,34.946346431779354,32.27908457038062,276.28730006952,Healthy
6.0101360844412035,57.0030017853975,40.454094679700404,124.6218907602752,11.489021972546531,94.1536553852712,246.8541541596965,Bacterial_Disease
7.644696000525786,57.28753012999097,19.704070874761452,24.21573344443052,14.516868527829214,61.78911582735222,289.18141183081195,Healthy
7.899104420050341,76.1852162318735,21.928785366672624,129.20224442830468,13.71397110362738,71.45744245840464,107.99590341905785,Healthy
4.591093111455443,76.08578179739084,89.51472402642023,73.19000262719841,30.48375535680106,90.22952055284102,199.43978300681908,Fungal_Disease
4.000153594226912,69.60153422360203,122.20226000739764,100.17974896623011,18.500262768594318,52.77233380418536,50.406224776829134,Healthy
7.560685229403025,18.87000988844133,57.32947896837725,15.434228135279312,15.819079990548877,53.49540599120405,245.1099081661008,Healthy
5.782980879931028,69.45056699007436,23.732822446124732,37.66469682862753,30.74697519100578,62.17454690776803,48.41031688631065,Healthy
5.272406658091302,23.67454605889121,105.92434976113965,134.19260514539968,36.645847040833274,21.528166759748046,97.79571024232487,Nutrient_Deficiency
4.064487348947627,17.65901008140712,116.5485264187228,37.260992570162394,21.625422075843254,59.733294475468064,147.25045678409498,Nutrient_Deficiency
6.701497033807499,130.57040042776347,123.28154203693532,41.513040854760455,30.237161198680866,43.286981199538424,178.35950065582514,Healthy
8.255753677129908,84.69300184067859,84.95640004792264,27.663633877751124,13.434354461981107,94.23633459134251,167.88990728601948,Healthy
8.788158231362939,92.3286081374418,120.50199831433186,18.07031314295613,42.73168606601495,27.018823900242506,30.62880351299918,Heat_Stress
6.828724753066446,56.251113846670926,2.158094182777075,32.65606980355972,21.79136648601705,56.74563696158415,126.5028008591553,Healthy
6.572306638699471,127.25732486808099,15.013012247733293,89.92576487311177,44.91269926107255,95.79745363018887,276.87277926174676,Fungal_Disease
4.425281927446205,89.31026854115316,12.960649387293826,63.75148269049889,44.25057145474237,92.0828200254782,261.7105583255555,Fungal_Disease
6.744364007712999,107.68378173330224,99.76465579566262,77.52581708730581,37.2588207267534,76.10787538996402,177.23505697639195,Healthy
5.899895394826973,51.59874566387994,9.741449696101064,17.1310760272434,10.702348339243835,67.14888415968598,171.69737263608042,Mineral_Deficiency
7.0356764044178846,134.40166331467756,69.49101214528298,112.29630260280601,29.021622213452716,42.45847497062721,33.50255479479905,Healthy
5.943631739382734,114.86458062216411,66.17896580908048,109.77325808117871,13.039274715400403,49.35656902019638,60.07783569309102,Healthy
5.201495617251834,119.5527848220361,43.49849329815373,3.0225875599745544,41.329830908653065,27.21078918033018,75.79192278122882,Healthy
4.474826376141882,24.1071974396056,121.85672379189397,53.6921132314427,37.637268842659104,82.88866382065902,146.4587185571417,Fungal_Disease
5.574592222944479,37.934849101970734,23.86064826319944,9.627884275960694,44.0319131808489,45.90958143230494,219.40681442871562,Healthy
4.483224171438762,39.98772395570079,49.34478981589358,110.89480911809413,31.293403360242838,73.42255192241659,138.21760668127746,Healthy
4.88448475411992,37.927291254561965,108.38401000321008,103.21775563759861,28.27604815695183,48.60758217588908,37.81831255121932,Healthy
8.936680792897729,119.7571426946003,4.259124015059794,126.27833320104185,28.164084958053568,57.14643531170101,131.80466310341416,Healthy
6.220517784533093,4.463871329202895,94.21305603449161,33.09655425343605,23.52569310590207,64.4001977901116,48.78997612466651,Healthy
6.659358832525083,10.653998457308402,114.29568169061989,63.88142363789184,26.404152353019935,84.14819267124828,225.34420550786535,Fungal_Disease
8.368092643686076,38.34808188818652,130.51749743734342,25.828302803015685,32.23944040973726,36.89251020325443,49.9502581213737,Healthy
8.97784450245344,27.98221645092211,122.68152966880788,51.97289082637673,42.653166264469704,51.90123094638851,144.760196863337,Healthy
6.913572246723407,32.460345943598774,44.713776356715925,73.11405521936376,30.855951838961087,30.406525751345406,208.0240807983279,Healthy
8.062369105220858,111.712046495462,82.09097978521336,7.466310577402455,39.99905798110785,26.060840393700744,68.45941918356257,Healthy
5.634705121683377,78.83772314488657,10.82108904106522,100.08185749483393,40.19729689558752,68.37394849350335,22.80903229119793,Heat_Stress
5.528719787236455,0.8078925810155191,36.101800496721204,76.06107045195053,28.15914365468907,35.127283548712214,168.9898428224246,Healthy
6.013518604972801,60.10518719858734,13.191133024651034,116.05426240949427,22.161437452416756,24.783947354087907,16.260799051317754,Healthy
7.3625363133682455,57.10388975905025,44.126220621554936,38.04927016676761,32.385085566622834,91.76783449651244,176.3305928904504,Fungal_Disease
7.410958446275494,15.952337722236095,122.52620988422206,126.46495473769562,25.605706967019497,62.74515358283167,226.04956127586044,Healthy
5.576197173247254,94.659850404204,48.603357554400965,139.81719542426208,12.850430356267651,30.770256592238773,98.79479750169196,Healthy
4.666049620683143,98.29360637312875,78.6657344201997,128.70178137287442,23.223318515135176,24.27409019580398,146.50482272420763,Healthy
7.161981282327543,100.92505066729368,60.673318736091716,108.90494661664158,44.792524831726375,29.588804273092492,278.62855146748393,Healthy
4.641629310943823,101.98593237820289,64.24831340182294,113.73163240232931,11.697915450920052,57.70697922564913,141.33265925266574,Healthy
6.89246254114665,0.0073957705215521585,135.74008725711815,80.3241939562421,34.38334191653243,73.47722041351182,298.96621841801664,Bacterial_Disease
7.467110640281545,133.54891253854112,41.46162555694011,26.62154080776547,39.44160467749365,71.30240599888364,47.10072340730187,Heat_Stress
7.503057481972258,113.98922738765283,87.82542573324399,94.78569592068042,32.705406621638254,31.55384690115988,212.68017074498675,Healthy
7.7673605532979835,126.55743752249994,58.808773741122586,99.78542028839041,29.94118809071515,70.6791161470167,195.7855794591762,Healthy
8.364297107828323,2.190061343040779,8.56046534667607,137.9539196375068,34.76440459425651,52.38924993740795,261.69144405789814,Healthy
6.499794959823943,130.7402314100035,68.50631642739303,75.78218427588506,25.02699580548795,57.1795027439572,27.732963597162218,Healthy
7.651245947647856,113.37039401633466,113.86806606631517,37.99166210350789,13.197660805810687,84.11443249962537,84.06197745054502,Healthy
7.095863676829183,117.2106800142178,13.825415615436372,95.71415304353094,43.68301140061836,46.59994981437107,39.653767728100576,Heat_Stress
4.933199698988413,13.060233861075591,9.742858635483255,137.11261475330363,25.130526949446864,31.7599237730683,279.9285366815764,Nutrient_Deficiency
4.128448224347041,103.42892404860368,21.508412855057333,24.80994715767316,33.288623300880616,89.87625068530724,127.99059739357713,Fungal_Disease
5.4227069283846685,134.38833654989273,107.01601559450285,45.63970859498438,28.595865291125335,36.97044606930704,273.01975366052073,Healthy
6.215168531688097,94.99662779854249,101.35935378026332,75.86333352817535,11.91355751921441,43.522389644371415,88.3220983076468,Healthy
7.085529722143281,79.87859664744491,79.10248764685548,23.83004888348068,43.346131034738846,76.5272047122098,37.910430408495564,Heat_Stress
8.249796652516027,132.38815488485957,65.55169657296854,3.11088953279137,37.73880291400132,74.68402536460859,88.96118189580491,Healthy
4.981228583530828,62.01119704282104,124.36561405836709,47.17763714177509,15.218426306428823,84.0320017027063,179.15230779841468,Healthy
4.627748949492386,83.90109928346702,107.33769533668755,121.15191221014813,44.35771067008934,34.709331315835286,253.56977753537726,Healthy
8.817399737371638,66.68736108921127,113.67191518225273,6.085575905320075,35.79154802600978,48.18239146513626,115.61720796749906,Healthy
4.540222796882036,130.59847099044188,113.8567221890916,60.05006826236845,26.531257764990812,30.070659116500885,274.44259777604526,Healthy
6.392455350535946,10.651861747171017,89.98040166437812,106.70810820965154,31.397951979585063,63.283131773488336,73.26961790337862,Healthy
6.92781864396651,70.15675811554874,64.12204740423242,133.44556356752395,13.735783870510913,43.4056474030961,208.06220619113006,Healthy
6.706872104537191,96.17334179396137,121.05488536199105,137.96655586062053,29.614402850546384,75.11485128068502,220.7140051446817,Bacterial_Disease
4.430160785164716,110.86691537911317,129.6410384644551,59.075713285223834,12.578137520597078,20.027549438763288,82.1888757991848,Healthy
4.285134570018097,81.62261064217908,3.3328460561680218,133.05380121307647,29.069933999175568,24.77463987676634,8.09096349015823,Healthy
4.527417137305179,127.24848417700356,7.217682257275182,4.958656259320923,29.34434910669749,54.60482404154747,109.57120261522662,Mineral_Deficiency
6.927938419363063,131.87880256374203,134.22406156718122,104.42837131979788,40.60535748062604,96.65473247804547,13.558844191840825,Fungal_Disease
6.721724438171606,9.004691247101693,38.80248593818727,89.9844448487058,35.37701250953029,91.26811098873463,270.2261326206533,Fungal_Disease
5.168703960183722,56.33187553579241,122.27172155091861,34.93306006206132,18.7343337275292,99.52072224495866,286.05757888021736,Bacterial_Disease
7.188870709227958,3.2842630409616214,54.431316654596365,71.02459009515084,41.09491497657499,53.34641798912359,220.61397478380016,Healthy
8.100337510278248,46.11833203242201,16.674008065309785,18.137523286469385,30.0634932696802,23.725478901900125,218.00537559415017,Mineral_Deficiency
4.207894799232969,75.1615505158843,11.262048029306797,122.02360113321853,31.223281750091182,44.47649136158099,72.26780082351918,Healthy
6.490649717740212,127.51129027139284,21.911105871263906,50.105731976390715,15.91434792277624,74.06166817391612,22.177672967425387,Healthy
7.446552060513452,118.5176051451564,34.98504728143106,87.64622586520032,40.02207585891899,30.81310478139322,240.631390758275,Healthy
5.261559635348435,17.849961734078,68.39256955031567,22.228680080216716,42.58377902557904,43.99777430080008,167.74857946601028,Nutrient_Deficiency
5.538854526465745,13.024252463725398,98.2097060792097,28.863078248368993,37.124672732321784,24.493293163588696,204.4882592361525,Healthy
7.068189514946919,82.49742742593338,138.095800707942,138.87389191244128,42.92633584257521,57.99736307121874,233.892320425869,Healthy
8.489676467218684,74.49651614422957,61.81094406048395,105.4320952217861,20.580496644282107,36.713654215607036,122.83028068568066,Healthy
8.049622101514498,37.29286980020334,72.54589192803537,134.67606176836992,40.13917089269699,27.29984215192019,43.363976993495314,Heat_Stress
6.915651095497918,125.92343183753692,73.0541981936558,41.419163129686176,27.11126000023099,52.897264758598325,238.51103980886862,Healthy
7.651108588786246,129.83129732461748,75.52080976831105,23.038802726774854,15.737102103025473,48.098032349932396,136.1296917685222,Healthy
5.824112351038993,56.36560136762277,72.48369199462472,70.42958488703633,33.40802096616904,63.00141895563939,248.07726925677977,Healthy
7.2048276404937885,124.64235799589284,1.2284657086684958,69.25355951182807,33.94420947470576,79.92309242509113,131.30974402800382,Healthy
6.330907955637785,53.75284519681617,0.24147509537769896,24.4925119261183,20.042357981484155,29.005498914120416,65.10492253719183,Healthy
4.949680682287805,103.15435645615803,13.673284537657208,102.65073974139743,10.962266606964953,83.29004721680067,51.301504996134696,Healthy
7.508691369386286,66.63191045668138,14.217924480085035,50.648854821422766,16.994654067994716,22.10319839001441,223.17652696775033,Healthy
6.78232318674411,17.161641911005617,98.68556725367145,26.091132330272416,23.992214168586035,55.448152199667824,172.466736838199,Healthy
5.793107909767957,129.91078817318302,28.68824455223997,46.47767523606038,15.864701887095398,66.99442295087056,121.38087013940594,Healthy
8.556695950393154,63.573523072855124,125.2599746657858,78.91221794890212,16.791048188386146,96.5598938511838,147.6350268573996,Healthy
4.104670589133667,102.82818564513651,130.00488614078273,101.70593050526205,23.698673253379432,65.91384214957198,164.89158158596194,Healthy
5.57886575624748,51.4043340203809,136.62506730542583,67.46472404804784,43.662531500799616,32.699935461711085,71.82493254773881,Healthy
4.284406988888232,2.6433230006728525,131.47138268418283,73.5832985759723,36.748523039267695,61.403344427512735,113.44967390930675,Nutrient_Deficiency
7.832636581108136,14.074250216857028,38.064365068593446,19.452431031984776,21.191194042929745,51.662715775313295,87.72343953292051,Healthy
7.510537270568963,69.47072712858942,71.36875825849175,128.0567294591525,43.306142412149185,58.348445408019494,116.52715402368817,Healthy
5.6567610936815855,96.59500999769074,24.563695827571742,130.02138771888622,32.59763772905564,35.76776117272698,150.16866405537147,Healthy
7.378314511035365,46.86294572109907,112.86935172414064,95.67972265852052,25.940737562404905,60.06616338490175,52.00726171630977,Healthy
5.979686130979749,97.36838428487104,124.38043872017346,2.468397250763459,26.39050696343015,32.00318114327015,118.05451879466641,Healthy
7.781268957112172,97.80898252047385,119.18043750165208,75.19039022646565,24.376056374238715,79.52344645526959,115.64833299207706,Healthy
6.270918313683531,98.55102702589632,60.671372817556886,88.0906560924059,18.15472183910789,67.51250081804783,85.80114505267882,Healthy
6.061398639158328,68.95305956287118,106.21434385614934,139.2515912141354,23.5321267274797,26.282215327342662,299.54889744073563,Healthy
8.673649577441505,128.08406101701055,13.661083740677721,139.44937372727156,28.47637344151874,91.16915743431838,22.088252698287413,Fungal_Disease
5.254395499453501,68.48751251728618,5.634267886695097,120.06557294557804,28.480957275557735,69.31036836925107,192.88534178572073,Healthy
4.602236699982827,63.03712708952935,105.45309800322653,8.936338883655894,36.66079157743813,45.28856441022651,52.331581960930684,Healthy
6.922715566297291,27.913314661487778,59.54973840601572,133.45869470902218,22.55792500050734,23.651391962184825,251.8571967855547,Healthy
8.846609061420894,43.07171222988711,139.37689706353967,85.77257460127987,35.08793102563833,70.57813566173064,274.2589608027902,Bacterial_Disease
5.8891960686359335,5.9268289525624684,13.615590219774536,112.12414786708513,30.23321435690396,49.87522090786695,120.44339478268765,Healthy
4.310183818143908,88.69494110626383,119.78787541493273,57.0069989560195,43.664589158439206,92.60944839027901,247.04353482621292,Fungal_Disease
5.696526336547837,34.795004149793,67.19762917405885,44.75372597284257,23.484972411189393,22.790226617133964,74.97283480501812,Healthy
6.529658271597793,42.58173562796512,115.80102737054278,64.85418036773312,41.54257624912766,23.128194827379467,42.020552198778475,Heat_Stress
4.8096150331610685,107.91403303300497,114.39781950382027,20.56243181563577,38.72248915544013,95.94394295255483,94.76347992078328,Fungal_Disease
7.29051109028246,45.81096564260354,128.23888019069082,49.98925942546285,32.31824996063099,97.1899156543605,102.50220416731418,Fungal_Disease
8.988746945051004,33.9074248818399,41.699001580054386,120.06644996755901,32.9080063359741,22.219378141811088,119.20726343567368,Healthy
6.258697379907219,23.668084878718805,132.97190948468042,5.313068076523408,12.962747711224374,77.2826587953062,111.88768258734562,Healthy
5.773642783651063,108.48017630547382,21.23337445006684,21.12292655544463,43.25786119577013,37.719588186307234,123.34333585515118,Healthy
6.003520834172333,18.158876118603764,11.475628863088673,17.516262350927974,13.742762222351036,76.1114213028858,213.010009741539,Bacterial_Disease
4.575730891976006,63.52552643504949,60.42617243212888,56.430575978031925,29.713165806022747,89.49862373263869,73.67403985972057,Fungal_Disease
8.416368007131119,70.97021625080721,115.96521560985796,139.57816612472064,21.552478015720407,28.066518308982033,5.572678729536507,Healthy
6.07412827760676,96.23458777600004,66.27895828868239,24.270110229593577,25.04481924014481,39.10131334096336,146.90416541438148,Healthy
5.936372057124206,88.65968752661936,116.10013485427197,20.36757094389642,31.356405379288596,21.926213466119584,134.4873732614592,Healthy
7.298451364652371,113.50089421232447,102.15615281120273,128.10780216866164,41.80979822588126,23.506387635555264,18.019496953029133,Heat_Stress
6.210167104655618,6.26520074967334,29.319974059450697,123.4870723752352,26.01484932503055,22.369428657421935,40.140420450424116,Healthy
7.24116734403923,41.50170146911561,132.84342748592493,4.513651799517621,44.57053443572544,84.05458851411316,152.97626840546818,Fungal_Disease
4.307231450653937,39.218776628553165,8.509363608116479,105.2388344251041,30.748422287302493,43.86341427446213,70.42522800587379,Healthy
8.068616718611137,20.442366782895153,125.7591590561313,91.76519820670013,15.619387992476106,59.45691516575913,263.27948824243407,Healthy
8.702519764397014,40.48495553990204,42.62208285865236,107.48371337937925,16.65032531909383,83.0275410877613,51.98774593784854,Healthy
7.24382693079693,43.36714398000648,70.0207316430159,69.2303436714291,35.063886245623785,59.595493016537446,6.036789554554877,Healthy
8.772829644294054,73.06382466984697,59.12926217810283,138.79309058276138,11.763922798518362,54.33568500996769,134.2691308173181,Healthy
4.757161571849816,92.91862704967585,24.056837968368264,6.138582619534847,26.81195516777794,20.925856519156703,295.8489331824766,Healthy
6.387080947401769,53.35407190565397,50.14056129623704,32.8120220965328,15.187668843123081,65.44316020294049,190.16175789194293,Healthy
7.009033669727236,100.72583238387337,27.010821080991338,55.51643817630611,25.162652231224573,29.979446250966912,106.20891637857733,Healthy
6.908683237105933,47.063147401141194,28.54410656447334,62.968911819198446,36.247109772510186,81.1718592632821,5.060403440357497,Fungal_Disease
6.007308895445216,40.639714824066445,26.18795704369325,128.99143637793262,26.058452488450197,40.61901790520157,145.48453192266803,Healthy
5.690422046831307,75.7663278199834,68.4624332485232,78.40061097081623,15.720788814332444,73.9349928646924,61.939800641529075,Healthy
4.634120112752094,3.320290442810685,111.71039145158417,6.315539372855143,18.817387962482485,71.69788222597435,194.3262256339938,Nutrient_Deficiency
5.958712252811391,11.170477308760052,79.65580472657373,57.10081487959266,22.863885602826382,69.3340482344016,174.9025481193904,Healthy
4.813304075527426,58.515736102113785,125.04892239711786,58.30865773166979,12.434641422024516,41.35616060297541,79.56413261615548,Healthy
7.671828382461092,132.0077795948459,89.11622840074139,135.16873138128986,30.451817262839267,41.36718217404545,20.66482026560149,Healthy
5.0441546774729495,101.01164917807931,96.50761618856463,83.88759274295515,31.263682694731756,89.04384347530639,226.50575941210042,Fungal_Disease
4.292826526422669,12.337719730078085,93.46501216178044,88.99114996225144,12.175317449639861,21.02458661043416,175.63922837788266,Nutrient_Deficiency
6.761830689086172,118.48452178932232,62.924287045723766,99.85542437517792,24.080896241095672,34.52181067631663,252.6378748525885,Healthy
6.976148663597008,102.52210788514535,96.50743510801159,107.80550419549725,24.490023900965372,68.8136734113588,77.94000469101489,Healthy
8.359565306402528,85.53251359837145,9.759084505654563,88.90714982834848,21.683684899341042,85.36370035225359,195.85861943412363,Healthy
6.884908062088409,114.84101448528483,120.37920606819284,33.20720915875097,29.520890911588914,48.66764069382869,35.604150158605485,Healthy
5.727404268617229,56.575378684014,108.89370008214843,122.36642800776299,22.108512152103913,72.275476688864,87.54297237505311,Healthy
8.015059407631602,31.010147119539383,34.33219415243504,102.49677205748823,24.574324781723213,64.5725135696189,196.96173356321088,Healthy
6.701394465937105,71.68327447522631,107.52454359557153,103.86186791357382,37.9133241604562,25.163208358562834,247.67439154343793,Healthy
4.396401423155959,76.83784578308634,1.7699641960025891,139.51794349286487,15.67382744005705,69.74001575445425,96.27765052300407,Healthy
6.829252801566233,75.36569208138769,30.41452014732326,112.35371488086423,31.669014335619732,85.11227778179948,239.65606696695036,Fungal_Disease
8.540092727108313,79.11033080721474,9.119213413925431,116.08119644172146,27.695804059179594,99.39586562395274,203.32573808198475,Fungal_Disease
5.9815631274911025,132.81868855348532,109.23176832650526,133.19677219942218,20.677507311777216,22.37120581213783,104.60243145227996,Healthy
5.481629009499001,126.31438723347239,105.8223811649742,21.15875997884514,35.46371297716438,72.80465380670944,262.9190813233318,Bacterial_Disease
4.7173472850901,122.60038511825151,113.90904333225629,69.6818327069295,29.29159258394018,53.16396425183697,152.76871981062936,Healthy
4.757227609676787,112.1983535272078,0.6274370655740369,81.27938330271026,26.707653443624338,20.783031096496423,194.47404676382467,Healthy
6.1638574217090945,132.07993501713995,70.17258173497711,46.098602091144066,33.368426016992004,69.14887549668092,148.68940257104404,Healthy
6.978399120807648,13.789249835116454,98.67706765242711,117.51646814523077,38.08016077934763,29.794183884450838,135.8159881472304,Healthy
4.403077025848009,37.11725660240353,21.756158023462163,106.73874703040127,44.043407651175166,50.28534801513093,254.39331517165692,Healthy
8.697842945125828,69.30783239164188,90.97070185176746,100.92363043113737,32.027262893173074,40.90936739907218,88.41132451158774,Healthy
7.77566808722598,118.51482903727673,11.775413903356,139.60092156614337,40.6053994890134,48.89307218168795,10.988766709117403,Heat_Stress
6.933119591418313,70.72319961318254,25.385619854603846,36.31339227717467,10.038203935803493,59.41564652007597,263.93479306348837,Healthy
8.142193354694953,104.72486350782242,66.61155409924415,102.96401523455899,28.55824924540619,48.73676259916116,247.5071859153549,Healthy
4.400933784060566,19.45438673484827,91.49912137535429,77.19662648682609,17.512664206956934,64.21854964716314,109.96814237088381,Nutrient_Deficiency
6.384194388665622,35.337933816718426,20.421677773545454,43.81848554914265,13.296735997909801,39.0919752186283,55.63534161156337,Healthy
7.150465634308317,102.44865330527414,25.931266316331303,22.482161901237617,28.618985597253722,70.82894139427053,202.66009291454128,Bacterial_Disease
8.143264530591447,23.06276124428137,28.62249138919282,125.4237371894566,36.138927715218294,88.30104032998827,23.628271090691776,Fungal_Disease
7.917347800246339,49.18983085168975,33.41811265785699,83.36376757909835,24.42953828660329,37.92536375321699,127.12642666164254,Healthy
5.385346248566998,37.0812760939,31.717538793680774,115.49073726971125,33.45376072705522,60.6301772684498,25.758696462009347,Healthy
8.704400847796022,48.98063719114699,55.320875189669145,76.34829776021628,27.14017388443325,71.8951827639911,179.37290259862885,Healthy
4.621729207154352,99.16536687091585,91.53055111714121,30.796791291562737,25.29800530857991,65.17009049707329,8.162515142888992,Healthy
8.37566809310576,51.49860535999214,61.324449638825755,47.25683383404554,20.15898241525512,49.25195569537807,188.7715126902935,Healthy
8.854701248023092,77.73686516511162,108.63634722498433,53.415437946296514,23.39077300753516,71.37597664045987,201.96167198681897,Bacterial_Disease
4.885767616113128,13.99046278761735,100.69759083280607,136.21087375051832,22.242847077804974,22.2596964968061,146.14334238754532,Nutrient_Deficiency
7.610330321018926,112.7024770528479,17.713767966870595,0.7886589733935501,32.61655144052085,49.59249855971464,52.50219878928356,Mineral_Deficiency
4.201427593889992,51.78440759073748,6.837827264904151,137.993243223431,14.060647894769884,62.60897717128025,30.418181588162174,Healthy
6.027114125695775,90.79478226466794,122.91181895994485,137.26462891537628,13.24227290407321,21.649052706869174,93.98770444110097,Healthy
6.58141649598837,101.55454423265657,11.176349318802279,139.46111067421913,33.100454797296116,60.61190637474398,139.56200388000372,Healthy
6.9032261295481705,29.352529095638054,20.76748530075983,66.72234504874885,29.120432445760827,72.34035686125027,192.66249505345334,Healthy
8.679686241242798,123.85449789346899,3.0986585781365283,134.93325574693995,25.057003385993013,80.7366158170436,0.37503825554988657,Fungal_Disease
7.361253436470974,86.27139522497342,87.96709114181152,55.383885458975826,15.335500954276624,29.06992651275443,213.31917577060895,Healthy
6.406389756096185,60.02151984520741,81.5318788421688,3.6812216935741393,24.385948915425903,99.2451899913356,213.81357963758296,Bacterial_Disease
8.048375181329448,25.526925700950734,138.16651330093578,31.408606092047037,37.640611716200404,68.49341610680764,133.36134194774996,Healthy
8.752664104772045,131.92213130616895,124.17053548440408,132.34147429123385,41.136743252623994,49.0555034089864,103.02193372438553,Healthy
4.110330743411454,105.70954857842752,57.51804484732736,1.9270570669559972,34.5901799487477,39.927428356537106,252.6925694011076,Healthy
8.912606361280194,29.123438782654844,52.0220177277549,76.4391789592165,12.096926155830829,65.83174893467317,235.3762446093684,Healthy
4.430660695318402,47.27950846139143,41.55928479919791,10.584222445255067,33.46434218103915,90.53693177332566,294.9828265553172,Fungal_Disease
8.071933896343808,113.35439613233025,21.336968805303393,40.095520979860986,18.43449563412031,61.64523169130918,111.57924160168562,Healthy
5.401673762757063,97.39487285014745,19.33171192428127,12.332999099664132,21.033793505924177,72.91776444839682,272.04978145712954,Bacterial_Disease
4.660898288769359,107.20980098020141,18.51971912134476,120.33400695582789,16.855562278599457,48.615715163244815,26.220565767885684,Healthy
6.199278198569175,61.768154309810534,15.976066006148997,82.74989935067882,37.15145267170716,51.05218304711781,123.43981987525568,Healthy
7.219782897238067,100.30667676990336,33.67168593677517,126.2949052005638,32.70107429230477,42.894008461751355,139.6122356245977,Healthy
5.904759225117375,54.10912120094792,42.9336082438363,96.36944793563197,31.41422691097133,76.45098354945918,132.26229486103745,Healthy
4.272827041413494,29.5768083713475,134.62105594544823,135.94407837431396,33.37904133842466,48.7350042733252,187.52945652933712,Nutrient_Deficiency
6.997305698293583,88.57478487779039,80.986255140264,71.38287166645692,18.287029149136618,35.25731232329914,51.062351651450676,Healthy
8.512016380553373,136.64194958383118,138.26340843185935,89.41948144680244,25.562554501387655,49.552045693299036,259.9356515178756,Healthy
5.916076829736259,43.48413599534614,52.145372695594254,80.68323478446793,32.16388025421462,88.3061766266205,165.52920556189179,Fungal_Disease
5.081663888154135,64.53574290975556,64.06772856252175,67.79646012252579,32.28079096664052,79.06016348615387,271.26286440397934,Bacterial_Disease
6.212886729664077,94.3601919497795,45.44101228313908,118.43431115922176,37.71481519642957,46.77126755708511,0.7894932064454241,Healthy
4.241813555243905,75.8108794971483,25.604271125517375,90.23351899385042,20.04863883408387,92.5447171869362,188.99643407789893,Healthy
8.102437922401375,118.0798913992669,20.043059088861085,112.1837170797662,36.96176425938879,25.986610809397355,123.73735405644986,Healthy
8.131704054750934,106.64397890573223,132.31108769309645,110.09095112433785,25.40645682159275,23.980303313091458,151.52971852483725,Healthy
6.940002317148142,8.161608540729986,138.15349545182582,26.746322491741342,33.456044222062715,30.197628382819303,223.14135323408559,Healthy
5.765514444691948,139.77897274932837,6.287329511222417,91.02289455247012,25.95017830228504,29.316380468688248,68.14552450100689,Healthy
7.998916822228916,105.3363435207254,21.048422462447313,27.95072268538678,43.201355942683016,27.026745200987243,61.46983056431641,Healthy
6.773435123941836,120.94646428117585,59.29337292214316,81.66486695412792,16.275579265957557,72.90740895983939,210.90234532114292,Bacterial_Disease
8.129661542750082,91.16767969334849,26.08668668821703,94.84085582248207,33.6251781003825,68.0673903724339,156.40972768325403,Healthy
7.157293962915103,119.87991792654671,50.94325510776366,139.61291002226216,30.178725026885562,71.80844084653717,70.09172941850711,Healthy
7.922027366063986,15.733616490019317,18.07348898034867,4.27587694096337,16.04558643317106,75.0692843329624,145.20559040082463,Mineral_Deficiency
6.9928149660888,48.683296978304185,63.91164594105063,12.77393517592093,12.310221753408378,80.55038019845439,137.86752173314787,Healthy
6.070705341078331,122.69893210462898,38.0372462636963,10.78373749197241,37.97005361400823,36.57415419891283,207.43332822459345,Healthy
8.789729299630688,28.231729577364913,49.266707806212516,55.77058007734361,15.51079667761928,69.78428105878399,0.7983310857838211,Healthy
6.7055691243942235,10.953893801203183,13.203771204784662,115.02237060801392,16.52773389750216,66.40389274690986,176.0280797314449,Healthy
7.025447592702692,110.33665159233065,59.93792709941984,118.16788659019899,44.245197839616374,95.4928020642779,181.70344515368265,Fungal_Disease
5.102438197073746,116.96806179006147,137.65606553461978,103.17714340096124,35.10412980168208,38.58941793917189,223.65304115637593,Healthy
7.128253947136383,22.771310546586086,46.036626563366646,125.56295385619268,18.767039456042788,24.697834749946512,266.7691398106347,Healthy
6.8580382474147195,119.60843758958016,122.70009847794091,45.20039218372335,30.683213605306044,72.27960557716345,132.05693913350666,Healthy
4.9241919897351245,96.14749138360375,118.04787982731592,12.34165019532188,28.693914344087965,79.21382721893694,102.75606729266532,Healthy
4.297935486765718,72.81157565032174,133.2881785616095,8.141423918579015,39.556564362984666,42.65568046460405,30.696113253385892,Heat_Stress
7.0217965985738555,116.2350269893939,110.61533171739323,119.29858074671408,35.526226174141854,65.66787447517352,101.05075346796991,Healthy
7.818461346751603,58.69489490465521,92.3435557882341,102.26108120951677,39.110239392261505,24.762885242732047,20.54539933332231,Heat_Stress
6.617006854610041,27.15915387127561,119.92182219184407,97.80614284155692,17.402730579207685,96.80358729346312,240.84606160243644,Bacterial_Disease
5.133863126598229,39.87937472548591,10.59025529202895,47.55468739639363,32.40767215284518,28.79399786393349,242.10184435375095,Healthy
7.3326098834651745,70.72296256106408,64.79629200783309,53.18672640655167,11.40843004464331,25.405642892159655,125.17129718843344,Healthy
4.400528633048011,74.38631097424461,138.49587340610825,134.13589404590468,12.412921429772704,23.528812759569526,77.89237016294726,Healthy
6.209168524009773,112.78131570177271,107.74402118126251,8.932664173710902,34.973446144660905,54.18175252026821,35.40602263568153,Healthy
4.816833791992101,110.78938131132682,134.69055292521122,108.32244317129097,10.854703592537597,27.772779476575202,255.37114980655392,Healthy
4.922295255299417,81.39131800864048,109.14880985868707,43.34866531917504,30.29177531151782,79.57185927644602,263.2485835156216,Bacterial_Disease
5.011469745791018,109.30996767116669,122.48347544190018,5.4676465777578525,39.41417844555855,91.90993285011245,79.88688437694421,Fungal_Disease
5.9335352852198895,26.848284161113938,98.91414852244674,103.95981550394384,23.297963294631,40.81751458598856,186.5281645403291,Healthy
4.255751028101988,7.009033793061208,106.47028061841357,46.32766399497244,11.569415289396948,70.30184954011192,77.59609943711659,Nutrient_Deficiency
5.9889672046454905,122.30873516885802,73.24492137753009,101.10065262399152,34.98466073700544,23.38707576094542,67.53798814307363,Healthy
6.558537235573504,10.57762912678774,129.3932781139786,99.07161363653682,42.53902583624528,50.92515773542363,6.362415189424587,Heat_Stress
6.416471424831626,34.536380164159624,115.50544748727063,74.87016256063612,35.10099872203938,43.43536907421827,173.14782527581875,Healthy
5.913920502015203,97.34465294741383,118.14389519318851,108.83223808947683,30.245653505097135,38.28952771522871,44.98246295566716,Healthy
8.195733040353762,57.32271126782328,94.22127413482733,81.34536538397408,18.051009045767103,71.57787917029593,3.7113548600795854,Healthy
4.72663346210252,122.68395578817123,42.641192592214864,40.12915939875649,10.538146841557396,30.418235708682904,31.45534930104519,Healthy
6.52848371890687,41.71717125271773,4.988171354619507,102.77614214901867,34.313523796766866,88.85684186375907,94.13075747634414,Fungal_Disease
4.310207084782771,1.6619885337103013,130.99171811733623,82.4795742228813,18.085916154550254,73.18687250949877,200.7489570335135,Nutrient_Deficiency
4.3557783943895485,42.09178967850418,82.05684883276956,1.7818194365888762,40.03569370138251,76.85881429504464,60.78691599963755,Healthy
6.8693292483854815,80.93050688587643,41.74001596073963,126.23018488784331,26.322744159141397,94.82754469261346,266.27716875950154,Fungal_Disease
6.830092124439105,52.631372556461066,20.87891509865529,76.39010656540388,28.57224538303597,95.38982972020118,86.546523114885,Fungal_Disease
8.390167564222285,74.88218580622573,116.13324317010566,121.60781716713444,36.38777904932284,64.13218590553886,99.36788682709499,Healthy
6.789368378300366,122.72373663690261,117.11282722266104,123.58315745751425,37.28007127311701,59.63038538287844,65.39315398559319,Healthy
8.798955102024252,127.7479075922516,114.0311155382744,62.29533194291239,32.49277915781988,46.83052865815281,76.14160112155152,Healthy
4.243474241999649,37.23636905157569,90.31157687535007,71.07239950317233,42.845113539446004,77.24572881619747,22.240534365942544,Heat_Stress
4.490038423903705,64.6996662577861,51.24215426286263,58.20561427458427,44.380445271214676,63.05671095838504,88.43117361485685,Healthy
4.220329307851907,76.88016213380317,42.56983986923598,62.92114854312637,43.14099055311159,94.63000637920997,257.8852378801869,Fungal_Disease
4.9263842516677006,132.8757439643546,1.197667816543826,125.3206022560419,38.846271487038024,39.090075897008425,206.52736241868402,Healthy
6.706350554708391,139.80642468301386,116.70505821635365,110.34016195550754,34.6968827085488,44.82021490003926,262.58046115968494,Healthy
7.22786090713714,32.95701483781373,12.240577649109945,17.71359468418092,33.216405025858364,45.287235793597496,31.45770431380699,Mineral_Deficiency
4.2279257897433435,101.77718198841416,88.30569972570747,85.44308941561343,13.631256192218686,84.47987636453657,136.68498925264774,Healthy
8.729854449227997,52.92434871264732,70.57049255761237,139.42692965408793,19.501952138668937,27.923226547372188,68.77646189403451,Healthy
8.210826883251904,1.1351475640698516,73.73651024968916,83.377098172548,10.199087823528195,56.45192967911838,216.36467716684442,Healthy
5.4830624107854655,1.2953531410263297,129.73979834308827,110.02202758303477,14.809345458189716,54.206458957843786,291.07134741776713,Nutrient_Deficiency
4.385937651132339,64.4792410587158,4.4261015779738955,107.66860627336393,25.373031700921594,25.851169681100686,244.60784371508635,Healthy
4.849435366095286,68.36688782060685,108.27491144802812,49.044453622126,15.128779277617568,52.86375988354777,10.58345002530191,Healthy
4.634722068774863,3.1597575202819717,7.287335771422998,52.058902378554244,41.558219513686524,61.07023866271851,94.99790839327025,Nutrient_Deficiency
4.616418896494734,96.16983834840235,5.3415048309528075,101.37069905065646,38.199471486734865,25.20837540039306,8.573907135157066,Heat_Stress
6.5928084433286696,41.160474403293435,60.174477739793474,69.99769442467692,12.506416923133138,60.78897027557339,12.05009007929566,Healthy
5.229237212467002,78.38503421503292,8.830524408015341,79.87989927825431,18.711980041354312,96.73903237467209,23.854591249324166,Healthy
5.790698582645723,42.12867024315863,110.48015318100768,99.80681065107726,38.667515961402806,98.31314585292259,82.89807869116856,Fungal_Disease
8.947526666921613,23.398804081703005,74.13883311076721,108.86050378546703,38.106614429595574,62.5343822871849,91.26083029143935,Healthy
7.4215712446267235,57.00432340384254,4.065429572368422,38.01232088262999,43.090769254122606,61.20775460823672,120.13605397046646,Healthy
8.744903335235007,32.5182710706701,5.670096107468732,20.55112632117481,44.91417165660761,42.840653313311314,121.47932833988885,Healthy
4.712782775165578,74.87213676868353,85.77359416352711,40.851250541321534,44.169452213439264,99.76923773696812,231.4227035529543,Fungal_Disease
5.910697374162846,27.835994240107194,112.85565447217668,71.05536551289057,24.35482950025045,41.93833368201808,42.420973073669934,Healthy
6.773659016411772,71.17683673024779,61.2919343784683,47.89978442158548,18.761495533071127,56.23210403519651,47.322184741277304,Healthy
4.38379030944369,22.03299208164146,77.64129401498742,79.57078623866313,36.54435666494719,20.234724624214124,187.9767155016702,Nutrient_Deficiency
4.020937218139789,93.9364593280099,111.97612356698622,7.485201377587982,20.474551246041077,47.93858327273095,171.522645657749,Healthy
7.352171668984588,105.55127582179936,85.47086436585468,71.3650576259274,38.22401260459654,25.715224048705913,46.20141164463373,Heat_Stress
7.209097584007177,15.45519279499073,31.466433272234728,51.51788697127911,28.688415563927354,79.50598163081058,255.67932805617573,Bacterial_Disease
6.053944049998059,65.49233768522748,85.827283621727,74.85334568500353,37.78745463322338,64.88115624239458,98.71782423036223,Healthy
6.448220380160163,9.922038091682301,87.9591242691299,59.15466968389675,19.655795790095365,65.77375018301252,110.09020456334586,Healthy
6.077215002960448,83.74554237588033,102.77497732335773,39.791619089255946,27.78095604438373,42.92090287197624,126.13802425037656,Healthy
4.120025224224444,37.016601710150354,86.92238625795217,126.575106764069,29.74083277607637,85.19170322023788,96.81056122168073,Fungal_Disease
5.6768580310873125,73.86742395741909,135.69389826412532,25.86709837898997,43.00878237020462,20.261674026500014,167.23651568178795,Healthy
4.885411276986449,72.44454131380077,27.62036322038959,95.39118058127835,19.330915189064605,46.68809433313537,116.59431694745955,Healthy
4.492120945506843,129.40960846713205,133.1526951393907,129.45025976153798,42.78408837497131,72.75979923670943,77.83041778358628,Healthy
8.783602169446748,76.87165115962121,75.36752864900228,75.41379435596063,38.170062041300056,92.63380299335368,271.3424603132323,Fungal_Disease
6.996798625210828,81.61978716056419,94.07385966928769,122.69718840112749,35.58129189303433,38.769276554018646,92.50522204204643,Healthy
7.643281421183014,56.23143760701324,13.92462364330658,17.47920698065981,37.54045942147938,63.28800413819344,209.54667764064658,Mineral_Deficiency
5.576818716330587,132.87114444559435,53.28063179293498,69.13042783589714,31.189876605801995,63.03931364266568,104.16803110706886,Healthy
5.965735647470076,108.80602732154534,107.71308050484417,63.983539267331516,18.542800366187006,89.93394952349598,130.56599606324156,Healthy
5.1846199694836175,39.95674064239782,98.96754211385866,1.13663298517928,16.632323909394845,24.041351164787386,70.78305702039948,Healthy
4.4848283548271235,118.18934200867248,5.619514343157426,62.05602779030683,40.321950254763664,53.958044885656584,225.69888581617624,Healthy
4.895158187207919,60.5354904259126,76.52319688961424,51.6641658935637,35.37987909085416,34.59725398335452,221.16097542787594,Healthy
7.987570226482429,116.01340009470316,12.358947015577321,93.77182188844615,17.462149896633218,21.722608023887844,6.671983742430054,Healthy
7.387729025918879,115.20432956109029,139.41990008494273,131.3661690007126,31.528267805604056,31.762475241638626,18.05821209038755,Healthy
6.734644379927385,26.441826146799613,125.62152239466126,12.010752356685114,25.664126849497833,98.11765382785593,276.7129364234819,Fungal_Disease
6.37544936433384,98.15975839370077,2.951292459995174,45.846694140047234,15.552930948708287,37.18788076162143,266.6480541713552,Healthy
8.612171418280623,40.69001570291435,120.21094104636832,62.16906323519527,28.614998827500752,94.802461866864,151.8261578335591,Fungal_Disease
4.363674738893342,41.64897379897355,128.72014407817707,63.72595292481366,19.853168236324603,36.42034741047533,148.00721746750094,Healthy
5.40300406618958,41.4887307632813,49.49675115888371,108.47336091791553,13.368544345515005,94.50361819075876,243.72725231513778,Bacterial_Disease
5.7496892678535705,101.57955465839275,100.73023170668722,62.07539321668171,26.343540449089378,72.36967481602515,41.5350440654637,Healthy
7.912129061063939,32.17564585095505,61.89452446908905,3.802582203511471,30.653799323274665,29.05748620015414,196.10973640378774,Healthy
8.962573100809857,0.12681693445263154,91.73254784068817,99.41457324299638,11.641724363340268,66.55321241012622,142.79489834617786,Healthy
5.203352573785765,100.13315948756863,47.644436601746804,123.87615732039403,24.07324622938489,45.481123003222294,222.99930879468687,Healthy
8.371536670685403,23.96586413691754,45.15829312865757,71.9466597569542,19.018167194283986,50.652252478245614,9.030837393597135,Healthy
8.153113802158956,14.627535343096852,59.420744440061064,81.35519303779076,11.072770674753135,55.21367662679785,177.81766491718156,Healthy
5.123286988208833,33.25225688316842,20.379486211350162,22.811101455666453,14.398189236402704,53.81656180242676,167.01846456466728,Healthy
5.996662900996113,53.18607312517856,116.35945502095356,30.890432255053987,14.866195558643215,73.12871123864231,252.2544988767556,Bacterial_Disease
6.048364346462596,66.6268858462481,48.81770535062913,32.92383347744565,16.40059868412899,81.46944548726105,203.05088926650836,Bacterial_Disease
8.89110334263279,6.239805699768315,56.020937546818324,60.30387648338134,38.11821500032724,46.33421513608971,264.04810751869127,Healthy
4.904459506894492,135.88026656783046,125.16764577830024,129.9403309253899,25.382215326734872,93.94911693485518,266.18199649276767,Fungal_Disease
7.99578985552391,100.24882747873814,69.52733396884399,73.04986734008405,15.14800972946354,95.07730512151012,122.44920026991535,Healthy
5.67096357086555,45.24716914540706,76.19554730912081,26.89367032818937,13.510393842476123,23.255234972091472,41.230240125543936,Healthy
7.654351728880802,44.617616019955626,133.9097374687938,37.25228302165295,20.427916055516366,21.19270311064148,189.0850967466564,Healthy
6.1000550214783145,62.79595691158431,124.14169364029848,53.762104161805794,37.93054315465583,54.00530641208488,262.12382952255314,Healthy
6.8917988155827,87.67427518682462,23.72533924438153,87.25625659699192,22.75609467788752,67.25162007901268,22.486003258428223,Healthy
8.163058866630656,20.492229322455486,66.2501041885347,61.60464142056075,15.596407610287834,42.23237979616493,167.37698192539924,Healthy
8.02082782491942,26.450173927093324,135.98147183999637,54.94227818476949,24.144066354115598,40.75310008686195,34.49985799794718,Healthy
8.3321159176985,120.32084159669712,52.13128175200438,79.06200405585926,29.435904505047013,74.26670637673526,8.098797526560586,Healthy
4.298086626723295,35.87568934447016,52.02023519226801,33.85689929362517,11.035446427330484,68.13634277244559,203.89060618225005,Healthy
7.4602527651987245,53.227299716524854,27.30423245048161,11.046458161841507,31.96746305040606,33.371749999448774,204.55488356164915,Healthy
4.699936883608815,121.97805913301639,16.00523597667753,3.4180040751110963,23.828526355517624,90.76007706121271,180.1974134989086,Mineral_Deficiency
6.079092840092055,92.84069611597515,103.64267070583745,35.17628288539779,10.340405629591803,74.3980856128856,257.7668411705391,Bacterial_Disease
6.742942075273442,47.839663107836365,107.80426561821231,12.822884780225618,33.58612896312333,49.006099933520666,24.262931938043508,Healthy
6.013697423734154,95.7179364014469,135.66181489041998,47.08768939290735,34.93356724469269,74.68997519929201,31.578078509627804,Healthy
6.598058379015037,2.7556501533979194,108.27854952675082,108.21069565036578,32.0093925995539,29.012246941425275,259.3606313938342,Healthy
8.982631543993095,102.98997240159113,34.06934916470382,100.28120626815736,21.967557615944777,57.46048996592449,150.98301596587893,Healthy
4.676086568564274,68.18224567227352,5.616320960392162,85.52986719032404,28.53616989230864,33.51875276476474,81.91584265147117,Healthy
7.377280226682128,113.84550061982458,137.96123381175244,119.35003414312703,23.550519714670237,23.31449969027493,221.4470933955862,Healthy
5.980004831928076,133.64927128090557,47.6630973761048,39.48946743619874,34.5217605555893,47.06610162306398,268.3211167813206,Healthy
4.665048994536644,129.61039692923956,43.6760159405389,123.9075254241952,30.425306518179102,32.05883867846266,206.88098586088864,Healthy
4.793683816871548,127.2971060837477,126.83372936491355,55.89348375368508,12.86296898396074,70.68143655630598,237.57977900353472,Bacterial_Disease
8.746365531228085,71.7037938307442,81.91398579629805,56.12506455732772,32.50827453766491,73.92543152141683,84.74917205855775,Healthy
8.39800748355881,50.419895979451326,30.08196433887884,56.74922590757301,34.053344501823055,31.895384498128266,86.63260782316273,Healthy
8.535209802075109,65.10494546229418,124.47347398027354,13.733211273737403,22.97457632151448,21.9690404482741,259.23716410638974,Healthy
8.957663879136932,96.58544046387051,139.07051970766406,136.5686697663478,40.65250233358965,83.42484493081284,184.4588545965646,Fungal_Disease
5.0415769500425895,123.75968876196615,12.134998561116301,19.390948895522286,39.505502419573695,20.16456165828498,70.24882550212094,Mineral_Deficiency
5.777196686820309,28.978082420016737,120.71522796234821,47.724001425685834,16.130828336490826,47.5130471347031,157.24854463866365,Healthy
7.346095149624333,128.54704218463843,54.672197675815156,44.702044845746,41.6493207970054,59.566663843653586,205.75814144167478,Healthy
6.419012699303236,114.12523247578447,73.3701425109386,10.455120594339348,25.430533002327714,85.49137508307463,65.5647243752364,Fungal_Disease
6.0919476668916674,137.03984212495286,128.0742366070973,21.316418215662733,35.33123784220027,87.08469141969125,196.47192246232078,Fungal_Disease
5.789056246677966,123.2352482594362,136.2730874085164,6.280167065954014,38.49339524385326,77.99515524883644,12.643454945330335,Heat_Stress
6.968903159717261,39.19122615686693,36.702947457231915,40.93662909847188,27.678934737439146,39.77580980319183,91.10748690124836,Healthy
6.87796714320041,14.833827588166677,29.79910793438793,121.33196936404691,23.96856787797855,77.61495474553367,202.19154351783442,Bacterial_Disease
4.807289170321201,15.713750078822406,11.27231820281166,47.52190880323383,42.04079790152844,39.723135830155336,44.80471964697047,Nutrient_Deficiency
6.358699187592196,40.77126460095865,78.65169937269933,17.31685648943309,18.07987435273981,37.168655338536134,66.65970919274967,Healthy
6.767358881049249,85.98572135783549,1.904615363093558,90.39714157374851,18.993952720170057,63.770236338442594,263.7279871075168,Healthy
6.851434693656953,112.60484565360416,57.665761665391116,139.52412768768747,22.656710990470298,74.30835550672501,202.29632982948254,Bacterial_Disease
5.050535964561759,125.89504297741907,10.273762331281198,32.52533053446986,40.0813022289698,24.24414127293445,149.67561307700214,Healthy
7.711356961261433,87.32547381169259,56.73160961010676,39.13994075187972,42.85758924745766,24.801808089968674,63.26801763823568,Healthy
4.125995474105348,0.7883837847275221,5.590506497185297,136.05858759931039,17.702370016420165,82.73365494534319,102.42289697467743,Nutrient_Deficiency
5.774159277715813,26.084348712594693,116.93041648522764,25.0286802570682,40.23545516709359,88.75978007723839,172.29914948620774,Fungal_Disease
7.901063242678168,13.961668539471512,29.363459151399223,71.56996944428295,19.037103581399926,68.35527330735152,46.59377817140054,Healthy
6.819464605277012,50.8654265796614,45.96321945010768,33.551298622253285,43.97244363624608,54.30624077655088,144.52322396945667,Healthy
5.305812162554301,70.18913910872443,121.80671952489486,130.52926570617413,30.90927621935538,87.62531836793487,122.69231824140672,Fungal_Disease
7.474765596715239,6.075605000998518,104.47724858650871,137.41294204068117,10.248026360658384,78.30536262202641,143.0062024282855,Healthy
6.836954720780367,48.786916611391746,30.665370629888187,114.05769845680216,11.194546642491225,66.36753587450148,31.668246384089827,Healthy
7.981218047281936,25.08515444754516,10.065918612049447,44.06973421379348,15.161958578164796,45.58056975590107,31.949126113508576,Healthy
7.675125930949116,90.58982327624236,100.19432875974753,56.4882465392707,16.565060523656484,35.8396049325453,289.2332858238964,Healthy
7.050539610181174,64.9981317054076,54.69835709633531,33.92279571329899,36.86666929893088,53.49384314172126,293.8103201174306,Healthy
6.44088837655407,69.34447057074723,107.25119987655097,124.7061153812588,17.796805674593248,42.94580607681692,127.84939737354547,Healthy
4.665910628337617,59.876850324684554,62.34126813252946,128.03815887634212,43.91995670174509,47.14068701875688,236.6986360952512,Healthy
5.306665089426919,133.84275946811937,48.4403378161187,58.641892714446605,32.26392200210284,61.25048442496259,196.73742807692307,Healthy
6.095497364585427,30.062917517018853,63.16875714973551,91.91462978642026,34.238112823873124,33.52751655612878,35.07505638551669,Healthy
6.996496435031943,72.33299637814241,104.79825799389474,23.17744516845714,17.623578174982264,84.49413440590604,89.00359720040933,Healthy
6.568539276076524,103.04243157114703,126.31084011565238,60.89102605087726,41.24472099332797,31.642356937181397,94.09542259335613,Healthy
5.440922629797647,77.95821783883876,6.967407522400575,88.40987493428966,33.3735100486976,58.47949115367619,178.73233045776718,Healthy
4.032321788948552,130.06292400035215,73.37561577177372,53.956436592522735,40.25419685196523,79.67770704643493,173.99301369434102,Healthy
6.4811961095040695,52.91556978977978,4.596960071742863,50.06393359610439,43.47683840309294,58.8016566151677,277.05260811082667,Healthy
5.428129942811215,64.91461280824493,65.57733630341022,0.1398589173719733,14.397434198835874,48.8817650870911,237.01089419288218,Healthy
7.673041503552676,12.39312413006198,123.93959607356605,112.60108492879597,13.3805530594131,57.99130446582008,257.0542993808921,Healthy
4.119731326352418,85.25987554726998,50.62263729884335,124.50726568300276,38.11927393063725,87.89365590993124,267.36858408330284,Fungal_Disease
6.924139056528954,40.34967558273485,130.54305895129005,135.7248941364165,40.31441206829596,99.23453586271661,240.38300176649412,Fungal_Disease
8.707371187530327,22.443265532179637,88.28518603108532,100.69799390969017,30.431649730729497,70.49146314315485,99.8643783171323,Healthy
4.872046335557497,76.23438100663112,130.7817481310209,76.83092373178384,22.81001917126822,83.47552341189606,64.50389140035001,Healthy
6.358247453752977,74.52343687318748,106.00332755775275,37.69983277321931,32.84203726263283,21.15909489274309,171.5302014063141,Healthy
4.457109959085691,10.622029771366657,14.48092333082672,139.90192663488978,20.698242540736008,90.42915276196581,206.87049493599562,Nutrient_Deficiency
7.128409561306763,97.7501634892262,32.36119145877479,82.56539963449478,18.343499225371385,96.32398079423345,115.97039068894975,Healthy
6.752658402981128,87.3281066911194,55.18386364169087,95.36157012626248,27.08508233345429,66.01354734060564,254.50159498935307,Healthy
6.036827621064162,26.462419584509608,23.814963481690643,95.53686267374448,17.56538396622329,80.30438896481758,288.169977845395,Bacterial_Disease
6.606885107368706,65.72088070156613,69.28762466873248,118.3352514060054,26.929626291031052,61.01957943680599,170.8187178412056,Healthy
8.482873292345051,100.84520830699839,65.99154179820869,1.3541554385686894,43.481227691225016,42.89629923644718,136.97761866486547,Healthy
4.981471511555335,74.12100367577871,133.87628772383337,30.834571660392058,39.39244124660867,88.17983775864103,252.8661350827554,Fungal_Disease
4.112822558526736,55.36847066569983,60.721903605436886,93.17476002380195,42.957082182500784,67.74693695967534,7.280864096815998,Heat_Stress
8.308324423495504,45.12738413133211,109.9877526003197,125.3204031554395,38.22151411965755,66.35064670331256,38.703784750274416,Heat_Stress
6.885585411939532,85.4551413301675,131.86747627920718,95.94742946898987,22.416282758119685,72.73057630729652,253.69729770188033,Bacterial_Disease
8.453292277309211,131.47521776343368,122.77843633635797,57.88878080911522,38.42158334930457,88.48025326630787,219.60857569439773,Fungal_Disease
6.984726117065863,94.04427766684768,29.213467431622856,50.61776942183662,42.30205102436249,78.55249006167715,124.84100946129779,Healthy
8.050805449798512,10.46442650908417,69.4441851954962,103.31272115966486,43.1462525742969,36.88993553725962,266.6555573173215,Healthy
6.14836681677574,64.49589628749872,48.683569521429604,103.77327759920708,33.911924773974896,57.34588355258556,105.43748629361613,Healthy
7.749299656441344,124.71537841148786,55.98021731921017,84.98811895079665,17.397832533528963,98.42386655889649,190.15360736007523,Healthy
8.56520733444928,13.224739612152163,50.51295567440517,40.80538337362719,11.39052036776418,64.36485710102197,190.30034109777478,Healthy
6.860614818611031,138.44259969925608,115.69028942450058,129.5216745746761,15.152007985605453,95.05962827766389,55.29956778427086,Healthy
4.903925752811897,132.86971511035898,63.29946771714264,77.26319189660947,43.79414212628809,85.06955890504447,85.45552084921741,Fungal_Disease
5.343988075150991,10.95842730218262,73.31720651425634,110.66892987476628,26.17338884674693,73.28187534470071,274.80207680882575,Nutrient_Deficiency
4.993222884487029,130.6778648629377,137.54262998659044,30.00315670265643,39.92451051912201,47.94921621278042,55.024456138025116,Healthy
5.234285137978665,50.83856263632471,8.397098106812301,48.165710406061905,26.276545374540188,44.34554780203512,52.072386554287355,Healthy
5.532077246755182,118.25928339062075,68.31406957070483,122.44113229422794,33.12861542109438,71.47368522380704,143.8846421201622,Healthy
6.775668933765942,58.573667279858014,108.36863897245625,7.014984191595577,10.844927199281678,54.60489926771287,27.659210471352292,Healthy
6.939958147319164,61.719715778352224,21.162674146351716,71.72414357593269,18.745272995177835,83.90028982533818,268.387856695312,Bacterial_Disease
6.132498736209306,88.79403273685597,85.61442324606834,67.43876717816126,25.269424801490622,80.83653916321568,30.044741493741324,Fungal_Disease
7.077103899104177,108.42683869863767,33.525069134825344,105.1722264471315,32.07208665039571,44.97043893908114,184.96724305223833,Healthy
4.407874628056829,4.730481132754809,121.43657585143946,39.46512788390654,16.003241581861246,76.21830264494096,101.93455693359543,Nutrient_Deficiency
4.438941185290799,83.0418393737988,45.7939531560111,30.669355060343925,36.75930124946715,59.56401520777472,241.28186564131013,Healthy
4.859147301788292,26.14261917363194,46.068794366127335,129.65859742825273,22.754164714768308,45.863368065119765,176.94322373026156,Nutrient_Deficiency
6.590387490201723,48.43293250084841,83.74714299250509,80.03935127418507,38.61023442318596,53.0373274211712,116.49184232383145,Healthy
5.069973393491567,48.71561326173031,25.69880713678722,14.65653955971163,13.428918163827355,91.62814937698096,295.16189536344325,Bacterial_Disease
5.416422017462887,65.66844763096151,39.88440944642855,27.02506271000495,33.79148056888302,48.76141536980324,19.8692965396592,Healthy
6.00156418086497,46.77909766266427,58.32845901671761,139.83564833199478,20.266491662227857,42.99194186555664,173.335890969203,Healthy
8.059330620051899,15.030556583093485,49.50930083961545,27.38525947530694,37.83841109429163,48.14457765681102,296.87049346321345,Healthy
4.069310679564301,20.388023393563202,73.48281052078154,85.46657158951503,24.07596494648437,37.169474896695334,207.28579296390512,Nutrient_Deficiency
7.246894101183112,4.681317978553674,83.94962016965528,58.81793105938654,33.28723712922483,63.57079899170629,221.9308894926579,Healthy
7.344382655203427,65.8348719460256,79.33344352502304,123.98387327897694,42.70068440227657,31.794914905802578,9.627343373845775,Heat_Stress
7.9932789017831825,133.62267727941838,91.58356367887052,105.72360292134589,10.721932120481753,85.39550291495331,6.40894892908872,Healthy
8.663764695301566,16.194531310736316,43.08493232509483,83.57319547665422,10.389087381703078,38.04641977965009,10.833033594657849,Healthy
4.100689244746449,132.47702902043147,17.69967180170393,1.5034574517175492,36.95977382618497,67.84440220317165,297.5171706528696,Mineral_Deficiency
4.768918527566081,102.67061206249309,106.5130558003508,123.17132904908435,32.62375680278274,30.002039913591485,293.85592822225544,Healthy
8.430856470279965,89.24983241078284,119.10925356829549,62.25344591742028,20.254290217655143,98.27625185714611,100.35267772927855,Healthy
6.292592810935076,90.33888574529881,35.98087251114051,130.42087142260073,27.303884597099184,56.36603671149177,87.29454487974866,Healthy
6.822953194667318,115.7418707754795,56.992873862122764,69.37546179958817,11.467748295960407,85.77370726070515,43.78762365535328,Healthy
7.315136018615737,14.968781013174992,69.79969037489774,97.19142848558157,16.735596187643427,81.4918268519987,98.74208974942752,Healthy
7.395333022478187,70.66560529917584,74.66575798541109,9.700970925329901,24.85737310845086,77.0954437716543,111.04497916418109,Healthy
8.658702016582541,97.59275935650619,92.32862395227126,104.32123149375002,39.19155456775188,86.18918969636879,224.4848450277101,Fungal_Disease
8.984747087058349,82.15486231029891,5.824452669744988,47.31944438366921,26.788351400102968,28.037088692776464,259.8880658759204,Healthy
7.600787304654701,116.58906994326125,101.00679158276238,49.190262006449316,30.522687658409254,74.27977579775697,224.02053592241643,Bacterial_Disease
5.436106046025754,10.118039261589209,8.675940977117438,16.611818259314592,40.58138271978232,41.26617882190249,193.94253032867175,Nutrient_Deficiency
8.398762011471717,96.69814552988323,65.5603994742015,20.560000809628317,20.808661975609585,82.86973312532719,229.77002342663937,Bacterial_Disease
4.246104572703808,74.76388225386049,115.87395897968717,26.00626786886942,34.52447623857196,96.54950078783111,221.5492437455416,Fungal_Disease
5.155404264372481,53.08252095719208,63.17014385897548,45.94886359999913,40.15835405373887,92.11916238741567,142.72490811911842,Fungal_Disease
8.486928587318575,47.63849751276432,20.872564827554687,124.87578778858476,17.091549524366187,29.196177797893288,100.75542073840734,Healthy
5.280957572196774,86.91656858838701,137.90473830083437,51.556433352211265,22.47673578017414,49.56419365382568,84.83421506327986,Healthy
5.103255298108742,124.73935245019707,124.49996469039687,101.41077891885058,44.29335608612743,49.14582057580798,203.8066378538345,Healthy
4.690626465701236,69.46462965415614,107.98390865150196,11.584650544581995,44.412649767867386,29.78370130876245,287.79123733356755,Healthy
8.295558788234583,115.46124297076882,57.61162440588946,82.75383189807897,17.813047560287828,27.850084267746197,174.31641568068903,Healthy
6.500291295955433,56.301893458155455,25.738401764501692,67.46477237786154,12.325604361241984,50.79121079753453,273.75795074167985,Healthy
7.374466015270774,14.335224791044716,131.79756539859017,136.91411257363063,19.482256395851852,99.3657240397209,4.268811291884256,Healthy
5.195331920375148,8.610803104209397,74.52915771239947,118.46908778305482,23.920618505629054,65.51541208530202,238.34119402080174,Nutrient_Deficiency
7.790202105056083,7.18681198531486,119.32976445424792,63.67616814141096,25.435196032590728,69.7425302883405,256.0807973880239,Healthy
7.800027724810493,53.22101987407379,47.89330080631961,108.51998696634743,31.658220756564827,57.68151280149459,189.29815138310875,Healthy
5.562990124541501,47.21328511701789,46.94036439112588,27.02542378112885,41.482596604604126,72.98644418432183,280.21829980851885,Bacterial_Disease
6.053413165051414,100.51118330715973,137.97566729436548,78.72708583484894,21.562180416750685,96.53296645958156,176.9738978643899,Healthy
5.048451387151005,103.99501022188122,73.05662678927897,10.446667779619146,39.7494587424723,67.09583628915135,72.16107075802479,Healthy
8.882805116614522,7.119555636723575,19.69735934050448,48.732464515235634,13.271762232431941,25.20307677769546,64.71516883445828,Healthy
7.228012885292058,30.957256804462094,30.75445491925904,31.620705427103843,11.465614464062515,59.43124553345589,166.75088000781457,Healthy
8.672719403577577,38.396659022245956,67.47219911498091,100.64737414552953,27.641581409321144,99.4201018601561,271.94517914886325,Fungal_Disease
5.5169277181456655,76.66567777999332,5.945927468377588,68.6126967700106,12.088177816571172,50.99221764754106,21.710383726523098,Healthy
7.909454564984449,20.232131346973038,64.75475795296207,105.14986703872147,23.737143043198056,67.51049897715777,181.3171536632733,Healthy
7.82929321942371,18.751770716000053,58.651717891217864,72.14136126840238,41.387234090423206,28.53094107430536,230.94104189460737,Healthy
7.458278259332708,132.13044448911413,109.10707714472818,12.107821901229395,18.451906267261567,31.294439898925354,34.62062088707074,Healthy
8.828194876334003,112.58840702168933,49.69187502849385,102.95147096255374,34.70915212937161,89.974516252317,35.03090721360388,Fungal_Disease
5.9677766805315775,25.291686292763842,137.5568266155439,116.65209695829279,20.58278873365234,44.02757026012892,109.83839900087642,Healthy
4.653586617948786,56.91949310676873,25.307788702126437,126.49437162779095,11.572201933474746,44.43610186836744,82.16435206491506,Healthy
7.358544296220304,49.787079896059176,82.73813589553889,80.07887234293915,29.484170349360827,50.97703968018625,59.49424766810692,Healthy
7.646549002386031,110.74057036915703,12.557901581155647,105.50195025992932,39.21987216878631,97.3182938323618,59.60825208340357,Fungal_Disease
6.8753028672940735,71.42980830693709,102.74095775915748,105.2862071635678,24.33139569199168,26.751239682950114,39.20070972745076,Healthy
5.034089465666981,17.898963179085385,139.265516328676,21.80496637185221,31.605283926033046,85.50112820410679,183.25620392458572,Fungal_Disease
6.522279708346777,103.45888884187414,114.6794092852285,22.990896244339904,41.5008259180204,47.324630117278915,206.43768107522612,Healthy
5.560948682845647,55.56431695148865,77.79849570084218,9.923970813277656,37.63930794579457,87.95744207883799,210.88086806371336,Fungal_Disease
6.137332640833446,36.80939466850059,67.86379003595688,44.787908919642206,16.785673978748676,99.3404519603634,159.70619284158184,Healthy
7.226092879223319,52.56980708290082,116.90419457735857,66.29120228374903,35.668438577775206,47.89339281693983,285.87188089967003,Healthy
7.726073713454173,69.68591890496549,131.0363718595014,139.70569938559038,27.56625588060532,30.348509296988418,264.15983327701974,Healthy
5.161123454506716,48.036172298381324,138.488913611733,60.339067889543735,36.10883827601297,31.550039838634262,287.289342799884,Healthy
6.026626803234767,33.8668081628461,55.515491859027776,101.67396239103192,27.308044268277637,80.69927127593488,116.6386434381534,Fungal_Disease
5.345807854958146,55.790284032557246,138.72844647123173,97.07558367815484,14.4785357437906,31.593724187050924,263.3349479865074,Healthy
4.993158069309345,2.684207504985754,21.82967530433641,28.62747303508114,29.94683063412337,40.83372548277093,228.86240982206513,Nutrient_Deficiency
7.916936099979192,108.14969845348395,35.496968630467286,8.191001202921097,27.224689733906896,36.35186749296638,101.99187091020391,Healthy
8.546263472184963,23.93228509946201,12.462257462745468,76.44094521470224,28.12726067745046,48.4542851224786,31.97797755126579,Healthy
5.851160928422884,6.146645908289214,38.04339230782743,98.04278292402665,40.76158587760546,25.949326011974996,204.78637496904233,Healthy
7.756394621868834,91.51781700671108,107.51125722652156,139.75525062607585,41.319296634718796,88.53939859258064,40.9356972365641,Fungal_Disease
8.484976446822056,108.35105803531411,119.40941014498296,50.2055473193639,25.873798736800143,88.81170494407948,88.13274210033362,Fungal_Disease
8.230621052651157,113.93607842299805,109.04497031436004,125.49103869135354,25.950621444803094,53.03463187861518,150.1093729331362,Healthy
4.914066942696129,69.091285572484,88.34920894347748,53.4705438216861,28.03154356054156,68.96700552187802,203.96476054454192,Healthy
8.781459407566807,28.751545856597943,71.95531175317038,96.51763918027179,28.185624741698994,71.35612567234438,277.86829715919146,Bacterial_Disease
5.883382202147312,103.21187481497574,99.2186004899105,83.75541027238728,43.26355004626894,79.9406492276743,177.97201345469898,Healthy
5.696203305869181,97.95983080160721,54.716696897411055,7.417031062363568,32.72901635821227,61.65520700352409,201.42392990162844,Healthy
4.3121566363889015,34.47790277444425,117.78316920995826,10.974379775836189,19.71099482107804,60.82688363533488,93.00415504529342,Healthy
6.430868270524415,126.47708582079102,94.80661315674996,2.9069725614245367,28.603787893389647,70.50430218625687,206.18778492856165,Bacterial_Disease
4.545068078204643,14.61200413159606,97.6926577892172,51.91677184315853,31.9528254017794,76.2438716535902,131.33703621902237,Nutrient_Deficiency
5.24269910463713,137.5763535427856,75.03103903806998,104.4121468272415,32.392010235488755,47.735230162340144,257.07935486513213,Healthy
5.584713108836407,120.43469353684505,123.93205778956415,24.185755158701177,30.483897918336393,46.429637861505206,117.7351541704423,Healthy
8.04413161745842,96.30581036707053,35.28206271506735,84.81941557374542,16.220765411753806,41.57747232767274,140.48160649696706,Healthy
8.377443251979482,131.4249843591766,53.3606714705471,40.43588920435091,11.175761617782761,63.90772442501988,129.77632707307737,Healthy
5.512331587307348,101.12356356531909,108.86995975487648,111.5789673570701,21.824506832839905,48.81245516446179,243.33685029221553,Healthy
8.29349060622287,26.66397958420643,68.98484545810727,111.77546086041873,24.963275409608876,63.22506141661055,286.1097591035716,Healthy
8.286154686848956,61.901859335793645,124.48996187938671,108.5580320952993,12.163148385163032,52.478781266153725,98.1828902949822,Healthy
7.823254751924368,10.01042340642895,48.49590476679933,73.47669193219275,38.52385683069461,86.93873460421287,142.50837022862305,Fungal_Disease
4.733475570075908,54.552039120336154,51.706223634750266,39.83933941117924,22.042710312859583,25.85041917963686,211.7778800079707,Healthy
7.451614234503645,103.82442276320921,124.42301051412755,113.32216614300884,41.97714611624766,65.77684748837397,268.6144866104193,Healthy
8.725120322902844,54.10206913031443,65.01184482548575,26.054078671493812,15.404353774479281,66.04990004697582,148.11020905380622,Healthy
7.412702393835786,46.241184565538774,72.25744178834815,40.56634428401184,11.99272349280597,50.69738484309599,32.66805246801818,Healthy
5.65808424553917,83.34980115144366,46.58692014699511,25.752678862487027,26.881063653521263,53.68167156505145,110.60141505039647,Healthy
6.502896587154156,122.1086340598453,38.73379190507147,94.38942245427067,16.619526788899734,84.01050887063428,165.1085656320339,Healthy
7.228625216755268,6.661646956455741,91.83281951737489,96.07304393621453,42.80897464522514,42.453896820826785,125.25738178980977,Healthy
6.552852043642518,53.96586085796296,16.777692615768544,91.35139899014543,10.360618945880864,89.71230331409303,55.96671803642103,Healthy
4.599764708654849,22.15370385413678,123.0981697656073,58.18420536105349,24.441688627066224,91.70746433077547,11.096848602965249,Nutrient_Deficiency
5.560320223260103,97.34959510246175,109.08843914711511,14.023941008200653,42.43617199708089,72.04954435217567,206.22259982396847,Bacterial_Disease
8.011980152768162,14.801438460358883,26.70475691881239,127.56374183210296,23.45463723554189,81.82861709664787,297.82115723314274,Bacterial_Disease
8.307090230477588,93.07308620123423,97.16279241543916,71.08233496171334,13.258824821016127,69.03580226835908,275.7619901689851,Healthy
4.686500163577851,40.065321911707024,84.36860897998888,56.97610728755281,20.601323000162548,62.02072909972733,204.98127325824404,Healthy
8.761933761993623,27.84835392321146,25.834907103130178,82.43548505476106,27.43036378420517,97.33422034001836,252.45894255492877,Fungal_Disease
5.644113089243047,131.08935809549794,38.24849084703254,26.990661014674814,16.480309057016658,42.61239713819713,76.71828554015795,Healthy
7.3115686936536,2.5934407444338214,57.258110522736814,18.556829074682415,26.329659680014167,32.33207573144897,186.7303308235339,Healthy
7.759125729783406,61.288818064539655,97.89398293436633,56.7735310041121,39.27201185250431,42.99882905140122,18.181264619689628,Heat_Stress
8.059731173189418,3.0277789446511294,89.42127723438084,31.810897173987474,40.54162895688145,69.17004867035561,212.15517819373733,Healthy
8.72874851112965,67.70302673460606,74.5128786747377,34.20064123520304,11.724125714875624,34.814675048091495,290.9617017072806,Healthy
5.564597740144113,70.14663289121854,107.57747603596479,124.95160828899412,15.631617531840073,92.70512345810513,258.23919216535774,Bacterial_Disease
8.292532272757773,45.032745995264584,106.11128354486323,74.30628480601548,19.635154751838147,52.881952053231416,160.33226243149122,Healthy
4.6584345171810355,18.502648853503313,86.50028156871582,67.68566900526916,30.820304781066064,87.99703026334748,236.62206579383297,Fungal_Disease
7.5252045317679634,52.694255282826546,110.17861167387554,96.52714312200362,22.63481655773635,39.938923562305334,283.1696429844494,Healthy
7.7098886475699295,94.11681159055924,46.79687246908929,133.21673591474354,39.54143197061264,45.0534684066198,64.80527338176462,Healthy
7.388616206006602,109.53541321022428,123.37493396516479,15.707799025878973,35.083515389902814,24.737871773799725,237.9775538932134,Healthy
5.261573680675765,74.30508433433992,86.0874120122717,116.69483939529601,13.515960808972787,40.62141537484592,80.95408739065601,Healthy
8.365215735076017,82.57681522156578,115.13089193374027,81.76268518149843,31.85951258792319,59.22510551706411,263.08422658189994,Healthy
4.844292316851975,28.086291957451376,76.47907467063976,20.463149533657216,13.955441887144245,95.69095341785938,29.506351707043642,Nutrient_Deficiency
4.268173957604154,40.22624665187092,30.58135429841525,41.60090461645883,18.9262484372761,51.11223791131985,53.46552566095244,Healthy
7.587324953059561,22.665385407330177,75.93741801496321,67.53059830506353,16.22547217369798,71.17951035866767,216.18493904154053,Bacterial_Disease
6.377378576163668,34.90134900064559,51.95563292872234,96.76480024083922,16.05716822202467,54.216809397503035,52.43325115897469,Healthy
8.24549009979338,31.48414923157445,97.64986504519324,33.96498237348331,31.573843367190072,23.7433480614353,47.41629057091331,Healthy
5.916985705291295,72.72283009477326,66.611130842863,74.88303416546258,29.726172289395652,60.282610071736215,166.6400632196616,Healthy
4.8413929425385644,78.77642581070212,117.05579268987627,95.85402783822065,16.160985347570442,25.273091736313667,250.49617131272123,Healthy
8.182210962349348,132.29263891501063,94.93015172506833,62.82370511865087,44.65604818964511,90.69599396780288,80.54022758238872,Fungal_Disease
6.744548158200359,27.37989059421323,95.83622062438535,120.82363455682462,24.76428563289028,80.24295695607312,252.3414548116455,Bacterial_Disease
4.9459789619517744,89.83459942260943,30.401746688749096,121.72427439765661,13.397426485422782,50.292117700189294,242.3860189637924,Healthy
7.6019199929322285,114.4162976582532,137.79496730878066,65.8967704696624,14.219915593429029,71.21749329530319,173.73162028780064,Healthy
6.555568192447502,78.43380492962736,117.83452929800842,136.20959945724596,30.436279980430815,28.962252425066566,193.96882610618104,Healthy
7.021564911201599,35.7005113501506,110.46068383849725,10.581912936762624,44.267429118421546,76.20439895701207,12.132355983572463,Heat_Stress
6.30449169103291,36.75703220280003,46.23013152240384,0.47073296521112695,30.018288556671923,85.81859271931756,110.14066749111397,Fungal_Disease
8.143544919090033,5.495427429939987,74.98843139861246,53.29355693254867,43.2164516815823,85.73965188305876,79.01847933550576,Fungal_Disease
8.14781357841525,42.762191716787434,19.19444633040601,84.1535885921513,25.54464977653094,42.742203815252466,45.00115821824172,Healthy
7.546944109121931,104.24451506047322,75.38663673277884,88.08802204295252,25.25443862782042,41.09969562214613,116.89779874709446,Healthy
4.527006886982312,6.652486008995453,20.424494507660217,66.702403081136,27.50025757605588,61.711815032214275,106.47125890422986,Nutrient_Deficiency
8.194269309520344,30.70133955067629,77.42529815854417,17.483663853690462,34.40989103544443,97.42177295438788,218.6675034389181,Fungal_Disease
7.355064902664549,98.87254979444947,90.82106322168679,23.869653050305192,22.86655882579664,93.64183820848682,179.428902143026,Healthy
7.485120830021497,109.57121879520273,54.62743541498633,119.30071773928128,40.2360111437635,48.77107854047854,273.9300206406058,Healthy
5.8149142020193585,63.744577408669976,69.79628296638106,121.50755844349658,11.024848466885118,82.38636049464353,43.62227491675167,Healthy
8.396397780785033,97.73040738701084,122.59147427444202,94.34579530050082,25.391746825995483,93.70542112731658,17.9245815970578,Fungal_Disease
7.626858001174288,54.31330361168488,15.19884025839331,92.99051611904353,27.884714749297125,40.8741172574084,160.3823362473386,Healthy
4.562952332645972,22.387854303377853,110.8426050199514,83.67549792389305,31.246128339208365,86.42365196823518,0.30814158323552165,Fungal_Disease
6.038890172030813,55.740929093206915,23.905637139467498,28.40962399827835,19.662516932805215,41.43165015273412,236.3156829404897,Healthy
8.431901809800708,81.19549482844,5.139117592647975,59.955098036386445,24.961798984504238,47.46257007097685,151.79186660550283,Healthy
4.235983508486895,132.72745945940463,25.98044438430669,97.42525120487302,26.958821257491984,35.90565526806033,146.41967281736808,Healthy
8.807083098210247,9.625133292414825,107.10604659586856,75.21531808046741,34.04184925391246,60.56638392581708,108.74879361725232,Healthy
7.395812841597814,71.03517313829448,56.7176502671604,2.601246767713885,37.07404646575349,87.4648715408993,112.49215084462877,Fungal_Disease
7.156879888216883,46.048768949501415,122.15287235846547,133.49795294081378,35.82395645703255,62.244170994840985,129.34010347519674,Healthy
5.352796282439957,71.16363719873723,73.45905576551722,118.27424736010008,21.955406830135484,29.8752007754478,4.809703327809056,Healthy
5.243958943695885,3.356562632714435,3.115049269686334,36.4763019753633,44.98076830471872,40.1420745781736,25.063736164861396,Nutrient_Deficiency
8.710291097442978,43.82354965822139,100.33990534426975,86.30425092328146,39.70328591255128,65.02894938250711,151.5144060033711,Healthy
5.491362271170614,114.7815406537807,15.432607220972578,129.2535137219463,19.100818060073912,66.65499644564481,45.03667956594123,Healthy
7.8775264835949965,77.55184273964926,110.51314868466942,13.441541695911193,16.828703198548965,66.15247228358959,233.62878250409946,Healthy
5.9656089910353955,63.08154899425644,23.534356972725202,70.42412731153809,20.990743770418668,26.160279400497277,82.34555220135773,Healthy
4.69627035392352,39.973510040147545,48.36249401277188,63.87402361848123,25.83206985498757,80.29567141078034,29.369891204797216,Fungal_Disease
4.053576488476795,41.725953190789824,106.57800014755044,57.42870073969453,39.77797824118648,92.75425591912052,70.56297777103494,Fungal_Disease
6.7212866850762545,53.634200702681824,133.59239004669902,116.98240524500949,37.242679232808705,60.841515818392,107.12946904673643,Healthy
8.878894092744662,116.97989939503846,52.00075309054253,53.29046053764402,39.79361432270566,77.50634294174903,10.594982578465084,Heat_Stress
5.845680969046023,135.40984895315756,116.116030827851,8.912866653741062,19.518499021861498,93.1212393629241,42.50265731589871,Healthy
5.785961669965224,61.411753389052436,26.71091716661742,9.217283903002349,30.771142785814266,71.40982039584128,97.1540263432559,Healthy
5.72045808924721,55.069397424686656,113.00516782834876,5.9842449134452576,19.913717179708105,73.94605795448409,93.14414214292923,Healthy
6.6027191865242925,118.5171086147808,92.04916829587515,57.280359062365214,13.81581062518226,77.71235307071636,240.11600896795176,Bacterial_Disease
6.203324417121467,59.7667448890825,26.984091009731582,100.5768788777704,33.946921021613825,40.84019611632521,252.97664259379593,Healthy
8.399573133635073,77.28254412139117,42.350554449197624,28.521144670272164,15.004914291840358,66.6142299773462,58.025579743064995,Healthy
6.527603958617451,32.33183304382422,18.44792440358504,90.50559286041693,33.3694216597265,87.37400916355651,37.181965173854216,Fungal_Disease
6.538789190942844,104.09035500907054,53.615381549003864,96.19238609451858,32.67875067168932,43.69301842086006,190.24874529642548,Healthy
4.691857973602783,74.47836455790946,28.510809757258837,35.72829736218371,38.358695554840594,91.77363996774882,241.38706670862942,Fungal_Disease
8.91369770455193,113.26483703364784,90.1597135082663,84.0780718484881,14.884411159724754,69.63055598125055,289.11692916723945,Healthy
5.249864454344149,109.30258220401376,139.23071459087822,95.88156760375864,37.42180519780838,53.853988114644494,2.038885423954284,Healthy
4.366820337298013,30.100667557803998,1.6812828317969797,65.32590719229759,44.974678408118294,69.85463691202344,124.10343402804135,Healthy
7.315731244876044,100.18897707808674,75.7287738602218,47.14032361921331,39.786485700506574,52.14879245512611,220.19635022831568,Healthy
6.976831850784364,112.007617113192,80.31332365686136,86.68121722040583,36.31342267146832,87.04284814785397,248.56778966230632,Fungal_Disease
6.0757282699637285,48.45501370953531,127.98923055531367,136.89859222592796,33.17578741431477,58.585486405407764,18.685784604929335,Healthy
6.1109611694033905,24.165275806318437,70.84074686737125,59.75779731165693,24.762351963990028,92.09706878034693,204.1843558392382,Bacterial_Disease
7.925319605232156,0.3685017811423452,76.11819875028844,54.842913479916945,35.56750587620608,60.78464646782612,86.68161521969101,Healthy
4.978563200498245,63.12651143304075,66.03139218597441,64.99736633965587,35.346231229915865,72.82947117099097,22.379087799937615,Healthy
8.101266594724448,49.34058241543782,37.6466026386074,10.670575082306751,32.10243989405509,99.81955368054804,146.73077452640018,Fungal_Disease
7.243735569475091,77.68737673555725,7.844078654847914,77.4428591539946,37.86974324042399,31.757267280683294,47.44600296124379,Healthy
6.094848868897622,26.325752962430006,57.21207550937706,46.0176342104169,25.706736094939213,78.93833189867246,221.10225541850542,Bacterial_Disease
6.290143082919343,120.35317667330652,7.362805973694995,16.999097126376746,14.243844924633672,31.109778233274685,222.37853990983604,Mineral_Deficiency
5.283236035930479,36.085730187935354,77.06894572522849,65.27594375643227,29.567370466323307,87.1093092611517,252.62032949625285,Fungal_Disease
7.760571663484874,31.700144712270998,43.02111005392104,0.47375812035683973,19.276523504896993,67.71627049296093,113.27060554432566,Healthy
6.564373711526339,67.29996790780983,74.7043362135599,56.24993432278625,23.455158410020257,95.05276484851674,3.9929391691930882,Healthy
5.604272713749218,69.8391433241984,18.801575015326137,14.802937509703069,10.60952163794291,89.27652815558946,77.92078151234392,Mineral_Deficiency
6.9802505788047515,30.111932029913,130.56819520351036,3.4009784759692407,23.39767057712592,25.989762997505874,140.34350985758306,Healthy
8.978672260256616,38.06050174162821,125.23297409699089,115.4265064742303,38.30803871474091,30.984203334308873,208.20338382481515,Healthy
6.1763113982827695,23.75873348173429,26.59951128831983,128.27483245956887,28.995282842838918,68.09367428854601,114.61217570602241,Healthy
8.603457003893098,100.58442496524334,48.08219966116138,29.074450770274932,10.343018442688987,61.46517119536598,160.81451882014142,Healthy
5.725084199622831,107.81246437557147,85.88898805927714,75.50175693679658,26.444533708394655,33.485210449075566,157.27907623671507,Healthy
4.273663534624929,64.72598964429956,13.396069022826877,38.91414199833789,20.20080766758926,30.348738261731985,49.49470480749497,Healthy
5.0212105318421445,99.97218317590244,49.63949495626112,69.1008414141055,26.71427293890099,65.11926267532905,186.9148500240038,Healthy
6.093475716638421,103.03095487124237,35.155720154660855,61.12838492518243,24.164245250675698,23.91372383799996,131.77551846161936,Healthy
5.098174642972845,19.358573874893203,128.17234202033754,37.667147711267994,42.61927268450835,89.89882423627512,242.3756104957479,Fungal_Disease
4.001135191091278,135.26492347683515,119.35148908048873,98.05510114894167,11.441205463705554,84.56663358420964,207.18336243866997,Bacterial_Disease
8.575007688737637,114.94447259350034,81.17658377736093,17.70873430483559,33.92558039486763,82.82959773688715,33.44075585926639,Fungal_Disease
8.219397056154644,28.62768456741529,72.84848716202038,7.430189503991398,39.785930870560954,21.279771763259284,146.62752301097055,Healthy
7.711461157434735,26.063105004449834,130.3016112363556,107.47456062521908,43.57335046276664,23.811275473019037,210.7483075482562,Healthy
4.839072978230143,17.592560381141585,130.53988961703413,93.23020437089518,16.217267929050358,63.98712969205829,26.103517742202786,Nutrient_Deficiency
4.60181788104993,19.372998755868572,135.70621754923246,69.79365738049572,28.595668068816785,99.55405511153421,237.74910976698945,Fungal_Disease
4.338023747361916,104.74265186401746,17.55304377514627,65.49056786615581,11.525635206102416,47.38529607770814,66.60135439331982,Healthy
7.620145943864606,65.7515959732273,22.47809350684383,69.63759312879967,27.4714233559281,47.549985312427516,150.9254386421069,Healthy
8.644039803439426,109.61078418358142,94.74313781518413,61.1833706538142,14.391033133934368,30.742237348958668,282.1683862417908,Healthy
6.152679104565185,104.47568520902875,75.80082672537829,55.00492141636508,39.32638361445497,73.94686429916011,171.4002704466852,Healthy
4.595703359980241,84.64577989073102,2.5852266850530348,69.95668440405684,13.985450091187769,71.73413511952046,127.21633551118423,Healthy
6.561964103660533,96.09132492101513,8.676505038532712,73.99212396236646,27.965092613527336,28.105793310332725,2.038478219742801,Healthy
5.74415953729315,2.5698014130798508,124.33125351623272,96.86632397170693,28.23836241474638,57.39298296546809,40.024086832223425,Healthy
5.8741246217499885,43.64887055270307,121.64191137551408,99.56900250276315,44.00776742760619,73.36599270575795,173.5991655293963,Healthy
7.106653120778536,89.29510509631743,50.01792907944632,52.86807121962025,32.92432429136109,59.481290905754165,148.14751219612145,Healthy
7.593590566311012,1.308293488074188,124.74708637027486,57.89567318408842,20.07441025768807,73.94908654918044,109.1487526940494,Healthy
4.5530179943658045,4.6167721155630765,83.11451041570625,52.317603763071226,18.427975847834848,85.30163179451918,276.9647656182352,Nutrient_Deficiency
4.177951154032382,119.26431754585366,112.82679058264627,75.11500830759945,14.48868719757727,74.86523464974141,99.74476122778225,Healthy
8.971651513428574,95.76348063689005,59.84034996243,63.469495307987344,36.47801534171708,69.2891388664419,161.14522693323198,Healthy
5.16364174457776,37.151762636848154,15.875765828287223,124.5435048390671,34.176482966381855,88.28722055555946,170.61402285723904,Fungal_Disease
4.269152624542295,96.31479761661926,60.721788770442274,97.49057736830616,31.34569945578371,92.04708542958305,158.2405170191768,Fungal_Disease
4.9493766454795995,110.94393367949685,64.02197171956571,125.81189372562238,11.429415503249592,51.110914974064336,143.27561746202977,Healthy
4.194789231742321,42.95119963541418,77.13218713768443,99.27917881831958,36.69901032380031,33.85999101791087,101.11912080357243,Healthy
5.959054473085859,5.0452328498862435,14.78157980661992,135.93890079333397,32.46606520019677,85.42883232064405,272.62908991188584,Fungal_Disease
8.012008922256621,130.58907745628284,138.7962608269456,89.00314895573767,43.73611038386709,37.10024858395865,135.24097852774344,Healthy
5.706222248788603,48.32517736138827,34.17915491296689,134.89701934282766,30.552074545688424,94.31605357992686,158.5346602038227,Fungal_Disease
6.2209170343918325,14.907446859858894,27.797336495193008,22.143784657319653,20.638316733159783,21.830235617752276,196.94339514907267,Healthy
7.377933867837194,68.85996199504063,73.75240863983112,7.346875316116539,23.35321932662621,93.70169460954428,20.2968127294604,Healthy
6.544470350349401,107.58549139297874,75.20914511528441,81.0775259285403,16.154424688238137,67.13463940896501,234.38644243897357,Healthy
8.30722843010662,31.030624046458282,61.5749032966542,137.6890488119685,35.30199637704848,81.9793693210305,153.75219302581067,Fungal_Disease
8.330178375228783,37.72860701867087,108.06490048553563,58.46473462233555,34.77025810076039,51.879406965152356,197.15308075349006,Healthy
4.049553477455769,33.98009815180164,72.33161610200438,29.686070707014345,17.02275054171867,99.3373033527104,231.6036196241074,Bacterial_Disease
7.890231532415996,138.83422739643495,85.35736372029778,73.01580288709195,15.54712631137975,38.204114205303235,262.22981722926437,Healthy
6.3036680012083695,27.636522722275956,101.32449395708998,90.8318074410444,12.69517266207681,41.14749301105398,117.66612508587929,Healthy
8.944202706518315,80.57283037525735,3.503514218941326,44.125017372224455,41.91915102886155,24.114595522997835,243.42896780467652,Healthy
6.4161603793771755,129.537049831975,79.89018555630626,100.06771018989633,18.15744417931979,95.23786904491506,77.65106866977052,Healthy
8.934479726941488,20.565519642889093,123.7872259719717,136.5160309864016,22.04572343631314,56.48234428789409,198.1006952872099,Healthy
7.772846806028683,135.91958770147804,2.4344240095607472,125.57483703948637,19.817657793212174,73.98819317754794,30.81219020389182,Healthy
5.243024423066531,132.64681281538745,56.725494532134555,40.82195229170734,24.476861091377685,74.99525819702725,6.009140227222565,Healthy
6.691974896434789,123.84007818815675,129.6718430288162,45.74131564024376,34.99170797838692,89.9601673826142,28.72893783379191,Fungal_Disease
8.960678197392914,30.037912986200315,49.441616319555294,52.0157714229424,40.47084718041996,73.19402005171274,95.81474596874274,Healthy
8.287653038759618,88.76770784153767,64.22203538803372,55.23738897511035,16.390956233498905,64.96169458433498,9.328384147399282,Healthy
4.486834468956106,106.52480621457362,137.4157950262038,14.04472988705912,34.02443203094078,76.82548193528349,189.14738165617877,Healthy
7.53185998404998,138.04390994750017,27.905340253080333,106.6747974445005,22.339674978486983,80.07766392025012,94.96336151467945,Healthy
5.727897929354065,25.259335091391858,9.135726477500832,51.147496905498066,44.318450890405245,34.874235699878554,220.9128203142894,Healthy
4.034911309401741,107.2436259327015,120.31916272058261,123.1747967387633,20.46217057494269,28.77336311814024,13.774540880881691,Healthy
6.0174048451349975,47.432163789795815,121.58514776973159,129.7716872368152,10.251753460275099,25.98790803884505,65.01046996424945,Healthy
5.173772108624856,24.587705179520324,66.09089685520185,3.4203833030763353,28.047399090694583,49.92427956180293,122.40102759890958,Nutrient_Deficiency
8.094346352602358,58.992771769939694,71.98900442682007,138.39042978994888,15.27558794965782,59.84001918701962,114.79546868821389,Healthy
5.6866530442288274,111.13702770080629,117.01289174649705,99.40318241002583,11.557304938643968,69.25199186318886,39.29960185090214,Healthy
8.137618469769086,65.0789725185673,103.39832973621132,72.85491163901472,34.4394231181698,96.6427615751688,298.2410440744971,Fungal_Disease
4.002989694173976,75.25323402842679,37.12086031038149,54.53386517215746,35.62907488779598,46.4630256165605,85.33187425015078,Healthy
5.5390957501305955,139.32231742801696,2.365069710012584,72.5925385653598,26.124465459077587,80.86992416618196,216.30962539543893,Fungal_Disease
5.20582607153881,55.87530193803964,67.1580227546964,45.447461356982224,33.690993086480205,62.508609567590796,66.00800916351545,Healthy
5.167836805343055,86.15610565929357,120.2477256533898,87.17629391751676,28.838380688649686,37.607194566953346,263.3553632178252,Healthy
4.340933098827313,51.13418822615206,125.4168547366227,13.017238702270772,32.04303877026761,69.22443433030072,116.32749304490773,Healthy
4.935621352052508,54.98999048601869,133.87166759066153,86.95716440765342,30.884639061578643,97.37409426317629,270.27074669673135,Fungal_Disease
6.777747849428099,97.38970548235713,123.13885326578936,38.54827901938218,33.30379674194573,29.94466394010179,102.55047589019132,Healthy
5.456805364188723,131.3041766532837,81.20609774173377,2.4688760673284915,16.987072703560994,60.582381163938315,2.5931464490740352,Healthy
6.08697391164574,75.930253068925,62.24478389305412,77.37880726280287,19.404731701284508,24.12866833204226,155.10612932353843,Healthy
5.884334401735942,107.57599005282918,108.47897851477387,80.9826858193775,25.39871023276922,45.697303911708985,157.43638084532893,Healthy
8.379524624999473,12.488918234374935,103.5750288111835,59.719660659615045,25.614480329671522,69.6482142075193,35.950254836590666,Healthy
8.526494995052577,29.562125240469776,75.34008021140362,10.12007255704436,37.10440990554165,87.28455488246037,70.48907202578772,Fungal_Disease
6.4647848582793,70.29842972873455,12.225832158185677,125.0680133925868,22.858778073033623,78.42627373808568,235.0486772944048,Bacterial_Disease
5.650779751578022,2.801641308028471,129.65138855016863,85.60031301190445,15.687680462071382,57.02854225723791,11.02674738859777,Healthy
4.534003520011818,35.39969702675823,63.7843552502327,16.19986193965574,18.801308967187655,92.73782056833173,146.8580060060042,Healthy
8.767014396910476,72.43618057549526,50.866729468277,71.53028072318067,17.515672583447994,44.21717320190165,159.12243702406883,Healthy
4.3011347245014875,2.0945677558820996,88.13943532362804,69.61560423278601,35.60810067396077,80.31867281801331,206.6136182028372,Fungal_Disease
5.4882513878414025,37.03648007164584,94.33731456337676,8.456261631009776,26.461886511909373,57.920721739813,11.236880220040558,Healthy
5.49033100585002,71.96431472662172,29.4963083842422,84.96035850441265,34.80207442898442,91.89086037382205,175.6938981271392,Fungal_Disease
5.602006430701074,80.24089471737439,117.17143827339386,113.16569584901902,24.567688826516942,83.79462573230082,0.9294109734549583,Healthy
4.8214342163620465,129.60523702774276,40.5911931127329,104.86112759478694,41.14074608763668,92.11757290456761,79.5535101867572,Fungal_Disease
7.915807154618486,90.3483872550851,26.13574962800434,28.41571798298567,44.42321077029571,37.13982791536587,149.90527659494435,Healthy
4.612489309829946,58.063012354199124,56.89597939962964,120.7209541375896,33.444487804591404,73.45203456929664,273.38440122768515,Bacterial_Disease
7.174533295765814,130.2491647986295,102.27841132564514,47.95590319230913,40.23343950326766,79.0770726465312,37.97694480166063,Heat_Stress
4.619230133529087,109.8836176742912,135.1641449815725,132.5111729608718,27.777664351022192,79.3931412226075,50.786738700982525,Healthy
4.3526781879647825,28.001248955784664,113.29937701200065,10.044714991599921,42.711729412386774,60.320036037387005,200.77501931514828,Nutrient_Deficiency
8.547147518429382,18.317930588834766,131.64877287382686,68.06921639277797,39.10552699854898,20.9000417878362,112.45850814671967,Healthy
4.950643831593529,94.61362900398261,19.68481257071375,83.59741280485689,44.71225001181137,40.91446270952599,187.02642057686154,Healthy
8.106250772798521,78.38364318077774,9.964751840914749,34.67101378644466,31.80828073647232,45.86407000035049,299.23625014028016,Healthy
6.723154355535679,110.55430593098579,78.07866666693397,107.99322642083189,37.272235909388,88.16292938254092,296.0614984046562,Fungal_Disease
4.389282598043848,103.4327070110161,40.64164762616481,87.76539517350038,29.00038489923747,87.27086536833762,106.11407384832641,Fungal_Disease
8.777240957190337,87.52961474005211,115.9276962156982,2.5353212203137776,19.069203649499798,28.374408323022664,151.17760614744978,Healthy
5.234805834959463,138.09350402804492,94.07830199632565,85.17160269747302,22.41643098954152,95.9868705417006,271.407047588818,Bacterial_Disease
8.298226726763033,74.70256221545722,135.90194295801123,68.8069528185825,41.29018951559606,34.59659893211928,27.650298722567268,Heat_Stress
4.844050028922821,15.834805910240776,35.67092980238259,27.444088238491076,11.958178130951719,53.14875610407369,135.6911711510541,Nutrient_Deficiency
8.269714410709264,115.95829907423837,68.00977600973253,139.40475178833415,30.701796012604284,37.21255728886043,113.27320449493769,Healthy
4.06614406452647,35.25947072839926,70.17366683954945,125.6027072758661,23.036941137643804,88.82659750634859,88.46483179829919,Healthy
6.558902282847403,108.82230074014856,33.48475128003267,40.95107730406889,23.53423883019445,79.95216254874495,298.26126357670444,Bacterial_Disease
7.847212897107784,133.9949934400072,82.61307592832108,75.74992891180628,40.95999222448186,48.28230455102432,220.06478819171338,Healthy
8.673977587463916,97.55137195500778,62.060038051093535,44.3102995874407,39.88378310911793,74.55029008208443,116.6240977178766,Healthy
8.546010681032435,83.44422253297215,62.541017838582306,108.56940522905093,30.959483145036405,34.74935073372339,248.70656749962575,Healthy
8.098124347738224,64.45406459450568,50.78313071614771,130.24640064750372,19.552159659151688,50.583767390080126,146.89983021361707,Healthy
8.44095674830652,51.01738123935645,2.3701093395749084,50.2360049680137,26.64097211567084,50.168607067048654,261.8473237103576,Healthy
4.996098429185382,49.420665136057075,73.09333316807046,112.78179488010785,24.29026878262256,39.03493453771183,79.91395368917351,Healthy
5.420921478558644,89.09217879934268,46.934696998046356,69.77705597984868,22.376631022087334,90.1049639666306,67.08006821611963,Healthy
5.444842624605292,105.17823637128443,0.18478165780615452,55.52099858362082,13.597495249505375,74.3076588383301,74.18600437423427,Healthy
5.885269655008494,94.99238972781801,43.11211907267048,131.37905929382777,29.008986035036212,42.39514484510394,161.54417283751573,Healthy
5.966603351925944,27.777414167098783,39.00796663256598,71.4566564206644,20.564095425606926,39.36966085032299,87.3940173465404,Healthy
6.722776623273377,69.15820522008876,55.08274145130901,65.43747003604508,33.128278002463496,21.436277679939124,44.13590524391523,Healthy
4.799398816832207,110.82961010562882,18.459278550075574,94.14081627472802,21.172137753893576,47.726580303388374,298.3883755517196,Healthy
7.456233318929947,66.59857094646787,71.07573544891181,36.57278814255982,25.09072225971806,62.14170266522545,270.12996823242304,Healthy
4.837832696522533,75.12725916296914,96.94164935253819,45.47100191036421,11.832613096804264,42.216875352670115,190.5037312479239,Healthy
5.551542410522738,107.9590467439151,88.22597966764015,130.48641707340718,44.73883244669172,76.0366621143816,267.46286217718375,Bacterial_Disease
6.51672565303077,92.5771428771128,112.52569265968668,94.99417836117193,27.766363414631154,52.9399623209013,280.6388212523456,Healthy
7.982202807617386,57.30828892353497,63.28116031819136,115.72920068794079,10.848315795746048,45.305426960853424,202.83248755975066,Healthy
7.697346166193636,125.35777956719065,72.67284224756195,37.95564667096015,28.943073056640042,95.12461270322649,155.60393360739246,Fungal_Disease
7.227671782052611,22.759389612887002,113.45627172025766,76.13062659018209,40.46238997569774,41.02407018305112,264.6005376644032,Healthy
4.778866302900851,139.37230280264546,59.878163914693395,135.99547737852976,37.03932469931709,51.860609607732506,170.33909907387286,Healthy
6.735226728077889,16.639360986673207,98.22390898594357,44.618545863950466,34.53173394453089,50.583263081661755,38.0401628561622,Healthy
4.437232508999427,2.0929959545934462,60.84433162051886,22.466706684385862,14.881262910966221,39.295867653699865,110.05680013725173,Nutrient_Deficiency
5.886815883983254,124.60264616082706,58.48306723161877,71.52404115145296,33.020797764561536,37.39813918483334,133.7762855206131,Healthy
6.067582651449796,34.29349117123385,106.42878743408244,54.29495242148267,36.82044323042911,44.19040150507229,280.61070484067864,Healthy
4.199057197228769,102.15794784254092,24.477168165269564,22.340812590139898,30.03466723879238,89.13889359449448,197.75564169174672,Fungal_Disease
5.369940497349859,113.5421524904897,47.402036071820305,124.39719357847152,41.2462151582123,81.36663097834324,262.58326883876725,Fungal_Disease
8.778247336332447,120.25809474449636,31.384118744566248,138.70134747752888,19.69464236247099,74.47996113280418,227.27751025198086,Bacterial_Disease
8.768163039148448,138.82319299298334,50.275392015463595,79.60150529659968,18.47506449087377,56.568239411399475,92.95826595680488,Healthy
5.761635271262697,41.16555940559987,32.252475131243365,108.45474757228357,40.434941072992615,60.62031877060828,215.61269791925497,Healthy
4.21550054474162,99.43406786981627,81.11678835213165,120.26537173648194,31.888938504700835,41.371107639476826,58.589920777162384,Healthy
4.895474696640908,16.155980159315952,111.74391236649834,98.13748084305577,10.050652718234977,25.945273106873408,122.4437435152403,Nutrient_Deficiency
5.961088967167701,56.95330078995892,110.12582857050626,6.1818468756423695,22.359599297886838,46.48324453763858,241.82755714677964,Healthy
8.738898489846148,118.71603706376266,51.03013503683094,22.06879244035449,40.02495950351361,59.646700479389295,183.5787485745685,Healthy
4.705995317685924,51.47212644827517,138.42645682519665,9.938486761194106,10.956182907461015,24.585043721546597,247.6237517857845,Healthy
7.817579218341061,82.75335327498597,83.13961105881211,1.3831449298879184,10.113677489152812,27.058664164568516,76.4110747050154,Healthy
4.54341269687346,70.52828212144877,55.91604224896127,42.839497226013115,19.844075168379543,41.042018630765384,224.92464972818848,Healthy
8.906287886956385,90.4332143556863,116.97549909379957,54.92983446741837,41.990001295324724,49.36642988742093,60.697308432550955,Healthy
5.908082495545675,136.2052145142773,102.18236176996972,33.7441625270296,41.551715351450575,51.465344889496414,163.59125171940215,Healthy
7.87617269449528,7.802973710196297,104.89854715537462,9.044650732084932,28.156668103052777,29.430885303040412,130.0603783363294,Healthy
5.712955414055659,80.35461245022816,27.459508962742024,74.18083271713486,29.36329048988679,38.065708362783106,166.9427573312421,Healthy
7.138344385794044,120.82402909503986,65.56540303159771,38.26470479399983,21.62028039610161,40.931780165088696,40.66002720848175,Healthy
4.960080423700184,67.39357964477985,120.65593831544439,111.44520168089872,18.530783170973343,25.410790096099696,108.36836265390352,Healthy
4.730105096484813,10.993806031820196,70.56532106802602,1.1273670275393677,38.53276489742414,46.087976047175786,200.0711492598521,Nutrient_Deficiency
8.690320697840656,78.47550933834792,95.68338407894704,117.95378718026544,13.72032011748745,25.77772582044058,167.55923822430822,Healthy
8.588236389522168,46.490344715334864,82.31072262479704,133.665515052434,27.05740298075225,76.27662744877361,164.6909276735459,Healthy
8.437344701064411,21.691849947311027,117.9299502805735,100.25890884149973,32.203904082397955,50.88382132458484,153.2490336393763,Healthy
7.127167250832967,118.86483185968622,39.83851756662437,102.71016913675932,13.628810162986023,46.14019115026998,283.16547301166355,Healthy
8.041341056081391,73.02393181875702,80.56653890409109,130.69872362438264,28.186248341532117,30.12177372028855,280.3709093819203,Healthy
4.345184684556875,130.65869773306935,17.252853521372558,29.269979942048877,30.21324507693551,38.120292435591665,108.04349183948828,Healthy
5.673945209453396,112.84231064442967,96.6295087379255,139.23917954920074,35.98736211775777,38.61641671512989,105.56850347526144,Healthy
5.568515623785781,97.01605112831344,102.4754973693797,108.28736847299587,18.21926172016365,98.81633718986424,166.46953697191833,Healthy
7.178226609763066,0.7035704711436708,5.997224966459777,101.71989916589112,20.26646261517654,86.82795036067947,28.681885241762338,Healthy
5.7797888673532025,59.89528392935499,94.61073490791792,50.55268105934098,29.933240132156172,21.220983330674528,90.90201023025477,Healthy
4.742533908218404,27.648079431284522,58.05662158321009,76.40884795678548,44.4094243493565,69.34692726147838,69.26026974035182,Nutrient_Deficiency
6.982335377067718,127.51170754684149,17.373562655355528,91.54849035826858,17.612261398704003,40.4728077137539,67.01690050092854,Healthy
8.071919603345407,24.441757854690437,58.787056677785465,86.84800058441023,44.50663394932124,28.35015430556674,191.55165776858036,Healthy
5.910617472299866,40.04840723229997,27.192610157381438,98.69784938686131,35.001988656906846,76.44798104958038,115.3051003032448,Healthy
4.661343575492409,72.35714748282989,58.178334497264316,11.533443470977486,38.91287243705081,30.52844395746794,51.34931242749188,Healthy
4.983440986564116,36.8709066597311,53.807463914193875,49.79078059643755,13.137444388271874,55.49926236237886,266.27155349632784,Healthy
5.18741652584692,29.381054819076965,103.37482917104805,60.760002323366805,20.514706560072128,70.57321318719394,262.24460638133826,Nutrient_Deficiency
5.4994879649726816,83.87390551438534,108.39017814329023,36.48810170249531,12.020769787784337,64.35958049239909,258.7388770596706,Healthy
7.213975352531546,12.45013318570334,84.98401161383653,24.167817837691324,23.004144825111133,98.21032786421944,117.22348267733783,Healthy
7.004727422688595,8.14348622092946,3.176157905542656,19.449847187800792,44.34513809720182,82.85940904980181,17.09473605313572,Fungal_Disease
7.480399307835196,52.114341326049995,130.34311906993915,51.29367491592192,13.684557177221846,81.93547009019917,32.022605368330815,Healthy
5.812509922657566,100.89302363110072,96.07265921350267,69.08183807875922,29.683047382991983,48.447631526482496,82.81442393138975,Healthy
8.119988259399891,77.67294615835272,4.7873629889664375,8.816701620532498,10.212471798483431,20.671639366731334,65.99100123259639,Mineral_Deficiency
5.020438305778802,59.20270558534904,114.6366058899765,132.50413324267694,34.94389856154219,78.75287437365506,262.19568604465064,Bacterial_Disease
6.3452037375907695,79.20521899144154,28.03726166051946,107.13406520050617,16.901744233021436,99.97856674365379,295.90745411677784,Bacterial_Disease
8.004693607707152,51.1632078514583,81.09096653995495,102.31924824596533,14.535458799366703,52.470328619489244,245.0020986995407,Healthy
4.900793238663097,131.0604869604958,65.3288117930262,24.200473498421772,21.795623425627568,98.8414799165694,218.95467082475653,Bacterial_Disease
4.549315568703915,7.686684727508406,58.77742952971073,84.53210752170645,36.98655042786435,31.336648762747714,176.58724197819427,Nutrient_Deficiency
8.418419838439949,94.27480706417693,124.55992081741566,74.16149255321344,13.731458020892378,43.72098813093739,230.97248975396184,Healthy
5.71464831379598,124.77957307588508,61.23058081876606,137.54563841013714,18.044364852954338,33.65815453939766,284.10999365771727,Healthy
7.41935062454516,112.54385922293548,10.548176460241104,104.67404781122211,10.296254756605833,58.01407783414526,180.4034009721243,Healthy
4.126743021319692,25.765744875002543,132.52942181009337,80.60666372027237,43.89452019434663,83.75851212057763,46.38397320595017,Fungal_Disease
7.450234442047248,41.42968885724037,128.87493237354786,119.1137733058171,30.725095999610236,47.25293532303631,49.1574951806159,Healthy
5.580506557734853,100.38671141899466,95.82057654142382,21.713197920499326,35.196487273464484,92.49831497214971,175.15884093857585,Fungal_Disease
4.278704267937209,11.797878285307174,65.5049539384835,2.130314156736808,32.79841099046051,63.58643306638281,100.04056193544235,Nutrient_Deficiency
7.049063807740585,113.66063797656177,13.000326212092975,96.63266667803325,15.052759560438602,57.23395309935018,273.0742125734908,Healthy
5.204019080365867,100.64697224467065,110.70473660084666,13.763604433213246,30.822897864789795,82.96286737562211,183.4927001507917,Fungal_Disease
5.9340362102594,102.14493089294795,10.566908019364053,16.160709597691287,14.599545829944173,28.115479763342766,202.94778402700808,Mineral_Deficiency
4.402904061432568,14.033791837462795,9.604137885320391,104.25530169943427,24.043275888709477,81.90019769685398,1.7462130302707712,Nutrient_Deficiency
4.7358162554747265,100.48647627427232,75.23373794151154,37.87487817875847,29.913709757385256,39.43616001382614,149.6545656187869,Healthy
5.489886177479219,95.1745375307958,22.41795362584963,88.008370179645,29.560838993575455,42.465003774659,129.3494164166735,Healthy
4.448797502800786,116.32914871505908,1.0822374276488578,128.43696965298477,14.167569909395933,67.95630186560639,211.7615570302599,Healthy
8.554131323431577,5.82343387590573,59.23588033941007,44.30643442930017,11.205258937628276,92.15475400369641,114.79159810000971,Healthy
4.030235215919892,3.2354935854909073,19.21041242540923,30.400182097588633,37.938200985583485,66.27255598166919,292.9725095661487,Nutrient_Deficiency
6.419301094321557,52.2209939829985,22.472158139296774,14.91880372374724,35.40728529486019,71.91594790355896,201.06095446692055,Bacterial_Disease
4.616237290662757,20.830359738881402,10.767489422946852,18.264730598761656,12.863661659765832,82.12756716842193,197.97549994277682,Nutrient_Deficiency
5.5383954473897425,78.17382685983107,28.713125521305393,8.711177353037982,14.45954315805437,40.74598071939894,275.8023434273948,Healthy
8.630297799091327,128.42884621094484,100.16778516841451,12.269933036163618,41.24043217363671,86.1786938243314,298.5614501695037,Fungal_Disease
4.808472766369935,54.8071622467622,113.24982301049079,60.48064243328155,36.919511556762295,53.43681192537198,59.346206778633984,Healthy
8.829161598591662,118.29305281816458,63.35471016410209,44.921106303355764,44.86561036758359,34.052455479293,243.1599429644184,Healthy
5.028971884947109,0.033722432501306354,70.91753422339848,98.91851400521972,18.88956072217576,48.009446356889995,48.69584859660825,Nutrient_Deficiency
7.707830542334148,23.592050084285788,4.571704843188364,121.83383215458025,27.07310461040852,39.69048893745803,137.11303591626296,Healthy
6.733386324486559,4.259295551571986,9.70427659198436,109.86824843993381,18.276085162182447,38.29708841085167,30.05562129974104,Healthy
8.422393637983795,45.94060527210961,36.059481590932364,74.28921593319131,31.79800484670584,42.60505589753329,187.01129354014944,Healthy
6.769966277515655,127.1465433975104,76.14577889984065,14.341896272571478,14.03949836819613,34.47446517936716,140.5554490215225,Healthy
6.6727960957815435,13.573297303858284,103.53716082289901,99.3674197518175,14.453511046006158,73.41614056661143,188.6096844977145,Healthy
4.977290001841999,84.89736874413205,84.70042858732462,50.796021461762294,12.516076199179292,66.39934056280937,203.3882257846239,Healthy
4.831146810258294,63.20943147672219,54.897899698150354,11.991055148157425,34.275512879245845,71.87535143867427,185.8296750093714,Healthy
8.58244575557757,131.38554973121376,16.565370220439345,117.9452970097676,27.292540210162237,47.497977906252835,88.20873678221194,Healthy
5.63919099425017,17.152679955193136,109.30825288420652,47.35031240555078,31.62059257241205,81.57867220592354,251.08774717310064,Fungal_Disease
5.86041127481448,29.68389907031205,50.930047223867994,30.55483655161999,40.77553663062756,30.36869927633318,165.50585981253724,Healthy
7.799118292141942,4.135875605609058,103.04756202759054,122.00328904663805,35.911496966437554,65.69093675690881,146.95535196504096,Healthy
5.6941174121140365,60.75093494839233,71.81703786800786,126.29874158258069,26.160302135834183,42.036237779717915,296.1191412704623,Healthy
8.760312233195014,38.896605939051604,103.41268749865553,47.45591720681838,44.452459593797926,62.208792055808914,85.05237201194305,Healthy
7.689638844994001,121.78683074464493,127.02053860336007,49.67219869939228,25.968963539969064,45.89097401921913,158.40909146855194,Healthy
6.9871462128671,84.6917138476857,128.94413224753228,81.14799386164017,13.935773563173662,83.24094120730362,204.69737358239743,Bacterial_Disease
8.404475802723763,85.97270331659824,74.91494920008448,102.68180913349214,44.74291615384506,91.30174710704756,37.567779879970075,Fungal_Disease
4.248029541747414,74.46749756338234,71.61117106718943,8.840888266960885,10.798725550519656,79.4064978697305,106.27191724396062,Healthy
5.2853134609460435,12.85904721208814,37.19498517039722,83.06811200638604,29.245924582071325,34.04669702793974,240.50661479919785,Nutrient_Deficiency
6.325181671104549,62.302615721549735,131.0119764141008,133.39480864970142,20.818342104489822,41.98935187106898,71.02747037994901,Healthy
5.134892697357605,139.93072655919232,64.10868340794693,36.693145605193514,27.62432528559447,93.54864524147327,147.987109471082,Fungal_Disease
7.71952593651076,116.93210071844207,17.8627735002328,127.23580997357072,29.554953340808254,54.9776102126561,189.1891817948913,Healthy
8.596040155268625,125.08426758339623,60.57868804771699,133.02356770683312,18.403356369747065,95.29443274794134,201.34870599228003,Bacterial_Disease
6.118850599654617,115.25169029450993,17.787455033320555,37.68150973595256,29.490056450804165,51.39613510898134,218.4931326143478,Healthy
5.7106630005594745,14.425837080337576,70.35443579599051,105.58826122394908,36.462138920193816,96.1419728472531,259.7931951128833,Fungal_Disease
8.807753660687831,31.842755569071947,78.5785720798697,33.4285011647384,19.32784430353994,94.05911901866648,117.85783291009129,Healthy
6.224262164137704,0.4370311898973478,47.28580660910195,103.26556264249858,23.41991466598675,72.8421511989293,211.98957778915684,Bacterial_Disease
6.445242002246416,42.4914174829356,10.031085992407853,111.63879598043563,19.38849426074203,20.70616387692023,219.65239433107547,Healthy
5.7582493617095265,15.20503632850896,132.09049498865346,34.60879851949092,38.71959058458709,52.026774558074955,90.08223903809707,Healthy
8.547742365060692,66.19106834222163,108.26943588768015,100.2217361016529,35.374379072335884,92.89881037564767,290.44738506349233,Fungal_Disease
6.844777416409253,94.79784840034627,117.44335127071695,113.69463544097258,40.49187530264426,90.80882312864918,259.5657520566186,Fungal_Disease
7.810872935908224,122.43074130533078,51.36157520007212,50.20104209496765,15.951746251558076,34.99102400768909,86.95839860986922,Healthy
8.059033591754432,104.89040311272575,106.51634420272308,23.47838863856177,12.575287335591304,51.93459967752821,202.52060300609628,Healthy
5.709245209586291,131.40198340899073,67.9522053236872,12.875039424451899,14.178422635053568,86.84079423035773,215.3401903377882,Bacterial_Disease
6.1684716566019,7.545760655130431,28.151688376846433,80.55343850539187,15.635641648848274,66.23022826000435,129.4450908826138,Healthy
8.242358872031323,1.7051769583158016,17.419272767009858,136.93373670419984,28.657893123618084,87.78393867569605,259.1229857822899,Fungal_Disease
5.816276758379051,92.58733593706977,48.30712170508796,115.21304480311026,43.98192246269677,86.12539075588504,207.06880605271192,Fungal_Disease
7.969675667259256,40.509337431114474,19.257295606519556,61.01754945083739,22.503239581587373,92.59856055619865,197.44640554581545,Healthy
8.704961612872186,35.49014225480824,139.7576566685696,75.1269263996942,43.54778942760718,29.377647055566534,66.25211168541546,Healthy
7.116051865340035,46.324192277131196,6.886458632483087,39.13390395765465,11.33702782462129,31.617211316281253,122.35269340487474,Healthy
7.708136437259444,37.77144810493098,61.76010391167072,22.8292214304089,42.440527098513044,26.624722317524203,130.17674673970495,Healthy
8.025486560205675,71.60109688222222,63.29309313465378,67.49136215251826,16.34034125567399,94.82150728763453,220.09832897370617,Bacterial_Disease
8.225198244483213,61.62078261137855,42.08847000143457,64.89021926340592,41.93662450017721,58.01299075023145,185.51836357726575,Healthy
5.97526668928398,71.73999719273189,79.98921919897235,73.07019339252643,11.967960054041141,25.146022678595852,25.758177187880115,Healthy
4.256317295879991,94.17990561006107,20.996783381216254,133.3926419789517,43.187680662326144,45.7223922011233,92.30938556617201,Healthy
6.009381356183698,54.19827125596076,109.74773328221272,84.54534202026811,17.027939251160127,48.113011290397345,141.91425133846366,Healthy
7.368781148920449,35.18307619990195,46.54268055466936,84.80805712713233,20.594992102560624,84.76478587814059,221.01988375709792,Bacterial_Disease
6.251751928903964,23.268075153224366,82.78796257180984,17.92346680055075,27.182982043603534,78.83815137367384,223.0707390239022,Bacterial_Disease
7.744815754301992,48.926376734567576,100.1894930493743,139.50844126475485,23.32523084324163,75.15096396500552,147.16299257149103,Healthy
5.784912147343319,103.85290653446408,124.46589647662256,108.1982921928536,33.36347892421025,21.749084207310297,35.079714678203274,Healthy
7.1737207055201475,105.93868741560574,117.01024110330802,122.80846817316068,44.11827185375271,92.8556637141103,87.87102101185171,Fungal_Disease
4.932099024269873,93.36675413578944,85.16326393449835,58.002057656339176,31.224927178172926,37.24442135325933,76.40771467412077,Healthy
7.7468471832247845,32.76394454296244,54.37504525374417,70.29793340998748,35.25198933027922,70.32491237541423,234.30792309247235,Bacterial_Disease
6.728479844065129,82.33207441965767,70.44865381049495,73.0917332827187,13.080183760699553,24.945523440913533,53.99589420169607,Healthy
5.020321942733003,79.89655262075871,107.62287107303236,27.173235500544727,31.973435017450186,26.522087349764362,139.47636671855764,Healthy
5.459555867489036,67.79726773536157,122.85637595832623,96.528481885774,25.88474219662446,20.766183690409772,201.21564105431702,Healthy
7.743043542909162,76.99705809374099,14.52946994473406,126.41674130644392,41.002382527186995,65.27421156362645,289.4358458850111,Healthy
6.4130061783076036,68.85068856731353,53.87987674902749,22.91881453937866,23.58738848750857,70.35037356935237,299.772174067332,Bacterial_Disease
5.080157201965361,79.16389125037514,108.65632377789008,12.084558288063029,33.78089504174717,24.0369842586583,285.8766430666317,Healthy
8.836355951851488,100.17083364695803,60.43124676315454,103.3506467756479,17.98538048906777,43.238790781123114,215.4727035760605,Healthy
7.57562509908444,15.347947216481563,46.511886969279736,38.24825643421749,19.07803867334686,88.11635313424134,223.93224990662748,Bacterial_Disease
8.785674162698982,104.94760530086332,57.585177555257744,87.3407558264261,23.164285082279576,28.10466934583313,227.76302928270522,Healthy
6.135525226801716,19.024061017863186,84.39826455008911,97.40616731890529,20.642223812727597,37.3237731642665,258.781462963887,Healthy
6.375501703458602,9.327919777452458,139.9727201787322,45.067506901455054,18.88575937865262,53.95129667779416,285.5356388556624,Healthy
8.489776080925095,136.65115607100546,69.01894007463444,114.12024363960981,11.738404706528325,87.38192821064928,133.71184335609826,Healthy
6.625246701226923,133.97884764186182,29.189226493596475,76.99845749599037,39.286121611336064,40.387924358016335,124.95326341263808,Healthy
7.536394559528336,8.461116291678968,22.798520539073262,121.65991711325239,12.250553581194952,99.77096122906737,138.1393387135892,Healthy
5.26086438747765,62.055481806494704,5.928964646698001,106.86109735825265,41.05779304610387,48.42094505108227,197.94515143697825,Healthy
6.233632343513203,26.074291361968463,78.234412888565,121.60058848524353,14.39128861738211,50.91589267868984,232.6336188833294,Healthy
4.617249329051775,67.94828559881853,76.2400928084368,2.8225934965051724,12.284160797193065,29.768496338463546,261.16331727039875,Healthy
5.029900179384809,116.22481401994223,28.732749749243283,34.09087650340326,29.705166739324397,74.41583206852246,136.8632262847817,Healthy
4.004717076338156,133.08564846400463,97.34611690335939,12.601111662431407,27.58546274011526,39.477214622758524,109.01178785403883,Healthy
4.196325258243301,88.79537148321523,103.75498582815531,61.89162240650889,27.19320990911598,70.3094076236037,295.00578441066796,Bacterial_Disease
8.886419115884646,49.546793409654384,36.273748753495575,124.59441702614455,30.107651462548922,37.852618272234125,69.56628630216788,Healthy
5.211768475683812,84.46557919024377,48.173966964163114,65.45563671736168,20.04698121417045,51.029781378117434,66.60145057574319,Healthy
7.31655354752001,43.68018285518305,138.66603412861593,118.95982624125517,33.20322457003639,88.5337673563534,214.62223644794867,Fungal_Disease
8.195498493998057,127.37530971648845,52.39702549910279,45.804953322704506,27.584077689751414,79.1124729179256,53.897188680792695,Healthy
6.753302296182821,121.85606483481718,106.51223404585426,47.53981019273534,21.716021343506384,32.36727199549787,119.82269992383672,Healthy
4.7657225004197805,78.15244503915254,63.3815597281916,125.37864224576286,38.927523344325486,68.6166533899281,87.71604669427559,Healthy
7.640582186680832,45.47184815325048,111.06827590053663,59.614400511638216,35.47023837143485,70.29125213390475,50.61313702708459,Healthy
7.001257050497915,41.074554581616965,107.6632534295707,110.5671682912533,23.776361968061767,27.245477880148883,173.91217172936808,Healthy
7.656252946736876,4.678519258708325,93.48584352779498,33.13009670346619,39.66662248301055,57.26445234687486,112.05344722638866,Healthy
7.8487331142854355,114.21491914354134,119.6689684813811,132.83211615486897,42.2090387539121,40.85347165340863,138.6702518545338,Healthy
8.877051838423725,63.053649825461115,131.49058928287593,80.44095451427995,28.790319347952686,57.370411421078636,58.7589014476548,Healthy
6.86781640013355,45.51860997603702,81.19766486329175,106.30529960097627,17.523335755492226,82.16567930583,230.36004080152696,Bacterial_Disease
5.708205563453009,65.95544969968554,33.2456470111844,12.532197971283969,42.05272547914454,32.660764784825574,94.41362503522373,Healthy
7.2423227845011855,114.62331866365128,55.8080546301705,68.97299161627402,16.631786703343103,29.864336447043502,102.81545370806965,Healthy
4.34220354621313,17.445989079052964,106.16279989186106,126.14538968276325,11.69481292460442,41.54531960846184,75.64618863003379,Nutrient_Deficiency
8.486986591607932,120.07183835385582,91.12368791734173,122.78540806606263,21.46204531055958,96.18203602772665,130.32107163571013,Healthy
4.596905056690984,125.65123691516956,24.891767399134825,6.553954012791856,35.44382205613639,79.82593689479731,139.0729881716016,Healthy
5.639214189429091,132.53910810474434,7.173535760499458,42.51778567805254,42.31459302237423,21.55646902516373,158.90007489885454,Healthy
8.078726903130605,55.648318939167886,95.61462309588909,62.064800907071216,32.3049976385054,52.08038739867013,290.2704845945819,Healthy
6.986561891653559,30.399656565274064,35.151063364108346,24.117074009810352,43.3143491438331,40.59183832643082,271.40754241371104,Healthy
